metric,measure,point_index,abstention,risk,aurc
coverage_est,differential_entropy_total,0,0.0,0.5908449862363827,0.601039018215937
coverage_est,differential_entropy_total,1,0.990000000000002,0.5901902376823046,0.601039018215937
coverage_est,differential_entropy_total,2,1.980000000000004,0.5897689809784252,0.601039018215937
coverage_est,differential_entropy_total,3,2.969999999999995,0.5893348614856254,0.601039018215937
coverage_est,differential_entropy_total,4,3.959999999999997,0.5888718327869775,0.601039018215937
coverage_est,differential_entropy_total,5,4.949999999999999,0.5883007926844149,0.601039018215937
coverage_est,differential_entropy_total,6,5.940000000000001,0.587781544121939,0.601039018215937
coverage_est,differential_entropy_total,7,6.930000000000003,0.5873736333473959,0.601039018215937
coverage_est,differential_entropy_total,8,7.920000000000005,0.5867426437997422,0.601039018215937
coverage_est,differential_entropy_total,9,8.909999999999997,0.5862680519195607,0.601039018215937
coverage_est,differential_entropy_total,10,9.899999999999999,0.5856041356021042,0.601039018215937
coverage_est,differential_entropy_total,11,10.89,0.5851733022243801,0.601039018215937
coverage_est,differential_entropy_total,12,11.880000000000003,0.5846891851951567,0.601039018215937
coverage_est,differential_entropy_total,13,12.870000000000005,0.584088614610751,0.601039018215937
coverage_est,differential_entropy_total,14,13.859999999999994,0.5835043868781502,0.601039018215937
coverage_est,differential_entropy_total,15,14.849999999999996,0.5828056680716232,0.601039018215937
coverage_est,differential_entropy_total,16,15.839999999999998,0.5822118965969074,0.601039018215937
coverage_est,differential_entropy_total,17,16.830000000000002,0.5814992419914734,0.601039018215937
coverage_est,differential_entropy_total,18,17.820000000000004,0.580911263604683,0.601039018215937
coverage_est,differential_entropy_total,19,18.810000000000006,0.5802747841469434,0.601039018215937
coverage_est,differential_entropy_total,20,19.799999999999997,0.5796211599268959,0.601039018215937
coverage_est,differential_entropy_total,21,20.79,0.5789141219554612,0.601039018215937
coverage_est,differential_entropy_total,22,21.78,0.5782094176563117,0.601039018215937
coverage_est,differential_entropy_total,23,22.770000000000003,0.5772235175987068,0.601039018215937
coverage_est,differential_entropy_total,24,23.760000000000005,0.5767833201105231,0.601039018215937
coverage_est,differential_entropy_total,25,24.750000000000007,0.5760464428084591,0.601039018215937
coverage_est,differential_entropy_total,26,25.739999999999995,0.575134629097849,0.601039018215937
coverage_est,differential_entropy_total,27,26.729999999999997,0.5742733165732126,0.601039018215937
coverage_est,differential_entropy_total,28,27.72,0.5733319750953787,0.601039018215937
coverage_est,differential_entropy_total,29,28.71,0.5725496897267506,0.601039018215937
coverage_est,differential_entropy_total,30,29.700000000000003,0.5716293620349512,0.601039018215937
coverage_est,differential_entropy_total,31,30.689999999999994,0.5706451388807243,0.601039018215937
coverage_est,differential_entropy_total,32,31.679999999999996,0.5697085146157057,0.601039018215937
coverage_est,differential_entropy_total,33,32.67,0.5688081998927169,0.601039018215937
coverage_est,differential_entropy_total,34,33.660000000000004,0.5683749977234726,0.601039018215937
coverage_est,differential_entropy_total,35,34.650000000000006,0.5692720343816923,0.601039018215937
coverage_est,differential_entropy_total,36,35.64000000000001,0.5704261963565929,0.601039018215937
coverage_est,differential_entropy_total,37,36.629999999999995,0.5712435010125441,0.601039018215937
coverage_est,differential_entropy_total,38,37.62,0.5724719605182955,0.601039018215937
coverage_est,differential_entropy_total,39,38.61,0.5738264118991477,0.601039018215937
coverage_est,differential_entropy_total,40,39.6,0.575676072890323,0.601039018215937
coverage_est,differential_entropy_total,41,40.59,0.5769883770828246,0.601039018215937
coverage_est,differential_entropy_total,42,41.58,0.5781462669921198,0.601039018215937
coverage_est,differential_entropy_total,43,42.56999999999999,0.57964465911775,0.601039018215937
coverage_est,differential_entropy_total,44,43.56,0.5812583819362609,0.601039018215937
coverage_est,differential_entropy_total,45,44.55,0.5830096768995279,0.601039018215937
coverage_est,differential_entropy_total,46,45.540000000000006,0.584524539305863,0.601039018215937
coverage_est,differential_entropy_total,47,46.53,0.5864646948431104,0.601039018215937
coverage_est,differential_entropy_total,48,47.519999999999996,0.5877819243978597,0.601039018215937
coverage_est,differential_entropy_total,49,48.51,0.5894138767782825,0.601039018215937
coverage_est,differential_entropy_total,50,49.5,0.5917807555722077,0.601039018215937
coverage_est,differential_entropy_total,51,50.495000000000005,0.5938039938994253,0.601039018215937
coverage_est,differential_entropy_total,52,51.485,0.5961862824227102,0.601039018215937
coverage_est,differential_entropy_total,53,52.47500000000001,0.5985349852863362,0.601039018215937
coverage_est,differential_entropy_total,54,53.465,0.60020419777679,0.601039018215937
coverage_est,differential_entropy_total,55,54.455,0.6022189979010388,0.601039018215937
coverage_est,differential_entropy_total,56,55.445,0.6046786884460318,0.601039018215937
coverage_est,differential_entropy_total,57,56.435,0.6072443377171958,0.601039018215937
coverage_est,differential_entropy_total,58,57.42499999999999,0.610044249067059,0.601039018215937
coverage_est,differential_entropy_total,59,58.41499999999999,0.6124661857676127,0.601039018215937
coverage_est,differential_entropy_total,60,59.404999999999994,0.6153457264279466,0.601039018215937
coverage_est,differential_entropy_total,61,60.394999999999996,0.6184221490801511,0.601039018215937
coverage_est,differential_entropy_total,62,61.385,0.6209717359047981,0.601039018215937
coverage_est,differential_entropy_total,63,62.375,0.625088813958238,0.601039018215937
coverage_est,differential_entropy_total,64,63.365,0.6279315411763207,0.601039018215937
coverage_est,differential_entropy_total,65,64.355,0.6321624712777995,0.601039018215937
coverage_est,differential_entropy_total,66,65.345,0.6361631039786845,0.601039018215937
coverage_est,differential_entropy_total,67,66.335,0.6399928227726942,0.601039018215937
coverage_est,differential_entropy_total,68,67.325,0.641782329872063,0.601039018215937
coverage_est,differential_entropy_total,69,68.315,0.6423982221316942,0.601039018215937
coverage_est,differential_entropy_total,70,69.30499999999999,0.642472112762154,0.601039018215937
coverage_est,differential_entropy_total,71,70.295,0.6429795266115435,0.601039018215937
coverage_est,differential_entropy_total,72,71.285,0.6437557539323439,0.601039018215937
coverage_est,differential_entropy_total,73,72.275,0.6441820580385628,0.601039018215937
coverage_est,differential_entropy_total,74,73.265,0.6439390588019924,0.601039018215937
coverage_est,differential_entropy_total,75,74.25500000000001,0.6438806265590664,0.601039018215937
coverage_est,differential_entropy_total,76,75.245,0.6438897887758575,0.601039018215937
coverage_est,differential_entropy_total,77,76.235,0.6438846318262647,0.601039018215937
coverage_est,differential_entropy_total,78,77.225,0.6437145990220693,0.601039018215937
coverage_est,differential_entropy_total,79,78.215,0.6444110659584625,0.601039018215937
coverage_est,differential_entropy_total,80,79.205,0.645061968089168,0.601039018215937
coverage_est,differential_entropy_total,81,80.195,0.6448899064025666,0.601039018215937
coverage_est,differential_entropy_total,82,81.185,0.6449412519290136,0.601039018215937
coverage_est,differential_entropy_total,83,82.175,0.6439715854895015,0.601039018215937
coverage_est,differential_entropy_total,84,83.165,0.6441743238027582,0.601039018215937
coverage_est,differential_entropy_total,85,84.155,0.6445000789056772,0.601039018215937
coverage_est,differential_entropy_total,86,85.14500000000001,0.6452947848903225,0.601039018215937
coverage_est,differential_entropy_total,87,86.135,0.646866821883873,0.601039018215937
coverage_est,differential_entropy_total,88,87.125,0.6472053991490835,0.601039018215937
coverage_est,differential_entropy_total,89,88.115,0.647062985212173,0.601039018215937
coverage_est,differential_entropy_total,90,89.105,0.6470629270994814,0.601039018215937
coverage_est,differential_entropy_total,91,90.095,0.6467016214683166,0.601039018215937
coverage_est,differential_entropy_total,92,91.08500000000001,0.645654501787677,0.601039018215937
coverage_est,differential_entropy_total,93,92.07499999999999,0.64800272593396,0.601039018215937
coverage_est,differential_entropy_total,94,93.065,0.6457174254349473,0.601039018215937
coverage_est,differential_entropy_total,95,94.055,0.6476139496794499,0.601039018215937
coverage_est,differential_entropy_total,96,95.045,0.6490026955400217,0.601039018215937
coverage_est,differential_entropy_total,97,96.035,0.6470549552890084,0.601039018215937
coverage_est,differential_entropy_total,98,97.025,0.6449608871231247,0.601039018215937
coverage_est,differential_entropy_total,99,98.015,0.6456278408145177,0.601039018215937
coverage_est,differential_entropy_total,100,99.005,0.6397973250308429,0.601039018215937
coverage_est,differential_entropy_aleatoric,0,0.0,0.5908449862363828,0.6010765725426939
coverage_est,differential_entropy_aleatoric,1,0.990000000000002,0.5901902376823047,0.6010765725426939
coverage_est,differential_entropy_aleatoric,2,1.980000000000004,0.5897689809784252,0.6010765725426939
coverage_est,differential_entropy_aleatoric,3,2.969999999999995,0.5893348614856254,0.6010765725426939
coverage_est,differential_entropy_aleatoric,4,3.959999999999997,0.5888718327869775,0.6010765725426939
coverage_est,differential_entropy_aleatoric,5,4.949999999999999,0.5883007926844148,0.6010765725426939
coverage_est,differential_entropy_aleatoric,6,5.940000000000001,0.587781544121939,0.6010765725426939
coverage_est,differential_entropy_aleatoric,7,6.930000000000003,0.5873736333473959,0.6010765725426939
coverage_est,differential_entropy_aleatoric,8,7.920000000000005,0.5867426437997423,0.6010765725426939
coverage_est,differential_entropy_aleatoric,9,8.909999999999997,0.5862680519195607,0.6010765725426939
coverage_est,differential_entropy_aleatoric,10,9.899999999999999,0.5856041356021042,0.6010765725426939
coverage_est,differential_entropy_aleatoric,11,10.89,0.5851733022243801,0.6010765725426939
coverage_est,differential_entropy_aleatoric,12,11.880000000000003,0.5846891851951568,0.6010765725426939
coverage_est,differential_entropy_aleatoric,13,12.870000000000005,0.584088614610751,0.6010765725426939
coverage_est,differential_entropy_aleatoric,14,13.859999999999994,0.5835043868781502,0.6010765725426939
coverage_est,differential_entropy_aleatoric,15,14.849999999999996,0.5828056680716232,0.6010765725426939
coverage_est,differential_entropy_aleatoric,16,15.839999999999998,0.5822118965969074,0.6010765725426939
coverage_est,differential_entropy_aleatoric,17,16.830000000000002,0.5814992419914734,0.6010765725426939
coverage_est,differential_entropy_aleatoric,18,17.820000000000004,0.580911263604683,0.6010765725426939
coverage_est,differential_entropy_aleatoric,19,18.810000000000006,0.5802747841469434,0.6010765725426939
coverage_est,differential_entropy_aleatoric,20,19.799999999999997,0.5796211599268959,0.6010765725426939
coverage_est,differential_entropy_aleatoric,21,20.79,0.5789141219554612,0.6010765725426939
coverage_est,differential_entropy_aleatoric,22,21.78,0.5782094176563117,0.6010765725426939
coverage_est,differential_entropy_aleatoric,23,22.770000000000003,0.5772235175987068,0.6010765725426939
coverage_est,differential_entropy_aleatoric,24,23.760000000000005,0.5767833201105231,0.6010765725426939
coverage_est,differential_entropy_aleatoric,25,24.750000000000007,0.5760464428084591,0.6010765725426939
coverage_est,differential_entropy_aleatoric,26,25.739999999999995,0.575134629097849,0.6010765725426939
coverage_est,differential_entropy_aleatoric,27,26.729999999999997,0.5742733165732126,0.6010765725426939
coverage_est,differential_entropy_aleatoric,28,27.72,0.5733319750953787,0.6010765725426939
coverage_est,differential_entropy_aleatoric,29,28.71,0.5725496897267506,0.6010765725426939
coverage_est,differential_entropy_aleatoric,30,29.700000000000003,0.5716293620349512,0.6010765725426939
coverage_est,differential_entropy_aleatoric,31,30.689999999999994,0.5706451388807243,0.6010765725426939
coverage_est,differential_entropy_aleatoric,32,31.679999999999996,0.5697085146157057,0.6010765725426939
coverage_est,differential_entropy_aleatoric,33,32.67,0.5688081998927169,0.6010765725426939
coverage_est,differential_entropy_aleatoric,34,33.660000000000004,0.5683749977234726,0.6010765725426939
coverage_est,differential_entropy_aleatoric,35,34.650000000000006,0.5692720343816922,0.6010765725426939
coverage_est,differential_entropy_aleatoric,36,35.64000000000001,0.5704261963565929,0.6010765725426939
coverage_est,differential_entropy_aleatoric,37,36.629999999999995,0.5712435010125441,0.6010765725426939
coverage_est,differential_entropy_aleatoric,38,37.62,0.5724719605182955,0.6010765725426939
coverage_est,differential_entropy_aleatoric,39,38.61,0.5738264118991477,0.6010765725426939
coverage_est,differential_entropy_aleatoric,40,39.6,0.575676072890323,0.6010765725426939
coverage_est,differential_entropy_aleatoric,41,40.59,0.5769883770828245,0.6010765725426939
coverage_est,differential_entropy_aleatoric,42,41.58,0.5781462669921198,0.6010765725426939
coverage_est,differential_entropy_aleatoric,43,42.56999999999999,0.57964465911775,0.6010765725426939
coverage_est,differential_entropy_aleatoric,44,43.56,0.5812583819362611,0.6010765725426939
coverage_est,differential_entropy_aleatoric,45,44.55,0.5830096768995279,0.6010765725426939
coverage_est,differential_entropy_aleatoric,46,45.540000000000006,0.584524539305863,0.6010765725426939
coverage_est,differential_entropy_aleatoric,47,46.53,0.5864646948431104,0.6010765725426939
coverage_est,differential_entropy_aleatoric,48,47.519999999999996,0.5877819243978597,0.6010765725426939
coverage_est,differential_entropy_aleatoric,49,48.51,0.5894138767782825,0.6010765725426939
coverage_est,differential_entropy_aleatoric,50,49.5,0.5917807555722077,0.6010765725426939
coverage_est,differential_entropy_aleatoric,51,50.495000000000005,0.5938039938994254,0.6010765725426939
coverage_est,differential_entropy_aleatoric,52,51.485,0.5961862824227102,0.6010765725426939
coverage_est,differential_entropy_aleatoric,53,52.47500000000001,0.5985349852863364,0.6010765725426939
coverage_est,differential_entropy_aleatoric,54,53.465,0.60020419777679,0.6010765725426939
coverage_est,differential_entropy_aleatoric,55,54.455,0.6022189979010387,0.6010765725426939
coverage_est,differential_entropy_aleatoric,56,55.445,0.6046786884460318,0.6010765725426939
coverage_est,differential_entropy_aleatoric,57,56.435,0.6072443377171959,0.6010765725426939
coverage_est,differential_entropy_aleatoric,58,57.42499999999999,0.610044249067059,0.6010765725426939
coverage_est,differential_entropy_aleatoric,59,58.41499999999999,0.6124661857676127,0.6010765725426939
coverage_est,differential_entropy_aleatoric,60,59.404999999999994,0.6153457264279466,0.6010765725426939
coverage_est,differential_entropy_aleatoric,61,60.394999999999996,0.6184221490801511,0.6010765725426939
coverage_est,differential_entropy_aleatoric,62,61.385,0.6209717359047981,0.6010765725426939
coverage_est,differential_entropy_aleatoric,63,62.375,0.625088813958238,0.6010765725426939
coverage_est,differential_entropy_aleatoric,64,63.365,0.6279315411763207,0.6010765725426939
coverage_est,differential_entropy_aleatoric,65,64.355,0.6321624712777993,0.6010765725426939
coverage_est,differential_entropy_aleatoric,66,65.345,0.6361631039786845,0.6010765725426939
coverage_est,differential_entropy_aleatoric,67,66.335,0.6399928227726942,0.6010765725426939
coverage_est,differential_entropy_aleatoric,68,67.325,0.6417823298720629,0.6010765725426939
coverage_est,differential_entropy_aleatoric,69,68.315,0.6423982221316942,0.6010765725426939
coverage_est,differential_entropy_aleatoric,70,69.30499999999999,0.642472112762154,0.6010765725426939
coverage_est,differential_entropy_aleatoric,71,70.295,0.6429795266115435,0.6010765725426939
coverage_est,differential_entropy_aleatoric,72,71.285,0.6437557539323439,0.6010765725426939
coverage_est,differential_entropy_aleatoric,73,72.275,0.6441820580385628,0.6010765725426939
coverage_est,differential_entropy_aleatoric,74,73.265,0.6440632645923856,0.6010765725426939
coverage_est,differential_entropy_aleatoric,75,74.25500000000001,0.644897334691876,0.6010765725426939
coverage_est,differential_entropy_aleatoric,76,75.245,0.6452942848684197,0.6010765725426939
coverage_est,differential_entropy_aleatoric,77,76.235,0.644672555101973,0.6010765725426939
coverage_est,differential_entropy_aleatoric,78,77.225,0.6453513488455676,0.6010765725426939
coverage_est,differential_entropy_aleatoric,79,78.215,0.6456953813349426,0.6010765725426939
coverage_est,differential_entropy_aleatoric,80,79.205,0.6448704863555309,0.6010765725426939
coverage_est,differential_entropy_aleatoric,81,80.195,0.6445385169802292,0.6010765725426939
coverage_est,differential_entropy_aleatoric,82,81.185,0.6448165698982109,0.6010765725426939
coverage_est,differential_entropy_aleatoric,83,82.175,0.6442840856332308,0.6010765725426939
coverage_est,differential_entropy_aleatoric,84,83.165,0.6442514296131127,0.6010765725426939
coverage_est,differential_entropy_aleatoric,85,84.155,0.6445799485474012,0.6010765725426939
coverage_est,differential_entropy_aleatoric,86,85.14500000000001,0.6442831238818469,0.6010765725426939
coverage_est,differential_entropy_aleatoric,87,86.135,0.6427436312963377,0.6010765725426939
coverage_est,differential_entropy_aleatoric,88,87.125,0.6433712056001696,0.6010765725426939
coverage_est,differential_entropy_aleatoric,89,88.115,0.643211952070358,0.6010765725426939
coverage_est,differential_entropy_aleatoric,90,89.105,0.6435063084499548,0.6010765725426939
coverage_est,differential_entropy_aleatoric,91,90.095,0.643542131200276,0.6010765725426939
coverage_est,differential_entropy_aleatoric,92,91.08500000000001,0.6432559884361184,0.6010765725426939
coverage_est,differential_entropy_aleatoric,93,92.07499999999999,0.6458572318524449,0.6010765725426939
coverage_est,differential_entropy_aleatoric,94,93.065,0.6456121498462439,0.6010765725426939
coverage_est,differential_entropy_aleatoric,95,94.055,0.6456245334384108,0.6010765725426939
coverage_est,differential_entropy_aleatoric,96,95.045,0.6465899663546872,0.6010765725426939
coverage_est,differential_entropy_aleatoric,97,96.035,0.6476856052032602,0.6010765725426939
coverage_est,differential_entropy_aleatoric,98,97.025,0.6538783311834002,0.6010765725426939
coverage_est,differential_entropy_aleatoric,99,98.015,0.6545759954632538,0.6010765725426939
coverage_est,differential_entropy_aleatoric,100,99.005,0.6554541499664163,0.6010765725426939
coverage_est,differential_entropy_epistemic,0,0.0,0.5908449862363827,0.5956181387678235
coverage_est,differential_entropy_epistemic,1,0.990000000000002,0.5901902376823047,0.5956181387678235
coverage_est,differential_entropy_epistemic,2,1.980000000000004,0.5897689809784252,0.5956181387678235
coverage_est,differential_entropy_epistemic,3,2.969999999999995,0.5893348614856254,0.5956181387678235
coverage_est,differential_entropy_epistemic,4,3.959999999999997,0.5888718327869773,0.5956181387678235
coverage_est,differential_entropy_epistemic,5,4.949999999999999,0.5883007926844149,0.5956181387678235
coverage_est,differential_entropy_epistemic,6,5.940000000000001,0.587781544121939,0.5956181387678235
coverage_est,differential_entropy_epistemic,7,6.930000000000003,0.5873736333473959,0.5956181387678235
coverage_est,differential_entropy_epistemic,8,7.920000000000005,0.5867426437997423,0.5956181387678235
coverage_est,differential_entropy_epistemic,9,8.909999999999997,0.5862680519195607,0.5956181387678235
coverage_est,differential_entropy_epistemic,10,9.899999999999999,0.5856041356021042,0.5956181387678235
coverage_est,differential_entropy_epistemic,11,10.89,0.5851733022243801,0.5956181387678235
coverage_est,differential_entropy_epistemic,12,11.880000000000003,0.5846891851951567,0.5956181387678235
coverage_est,differential_entropy_epistemic,13,12.870000000000005,0.584088614610751,0.5956181387678235
coverage_est,differential_entropy_epistemic,14,13.859999999999994,0.5835043868781502,0.5956181387678235
coverage_est,differential_entropy_epistemic,15,14.849999999999996,0.5828056680716232,0.5956181387678235
coverage_est,differential_entropy_epistemic,16,15.839999999999998,0.5822118965969074,0.5956181387678235
coverage_est,differential_entropy_epistemic,17,16.830000000000002,0.5814992419914734,0.5956181387678235
coverage_est,differential_entropy_epistemic,18,17.820000000000004,0.580911263604683,0.5956181387678235
coverage_est,differential_entropy_epistemic,19,18.810000000000006,0.5802747841469434,0.5956181387678235
coverage_est,differential_entropy_epistemic,20,19.799999999999997,0.5796211599268959,0.5956181387678235
coverage_est,differential_entropy_epistemic,21,20.79,0.5788929354105983,0.5956181387678235
coverage_est,differential_entropy_epistemic,22,21.78,0.5782476272000764,0.5956181387678235
coverage_est,differential_entropy_epistemic,23,22.770000000000003,0.5773331541446695,0.5956181387678235
coverage_est,differential_entropy_epistemic,24,23.760000000000005,0.5764794632901598,0.5956181387678235
coverage_est,differential_entropy_epistemic,25,24.750000000000007,0.5774671868701658,0.5956181387678235
coverage_est,differential_entropy_epistemic,26,25.739999999999995,0.578382410834012,0.5956181387678235
coverage_est,differential_entropy_epistemic,27,26.729999999999997,0.5797758900254504,0.5956181387678235
coverage_est,differential_entropy_epistemic,28,27.72,0.5804315389654515,0.5956181387678235
coverage_est,differential_entropy_epistemic,29,28.71,0.5815774373360831,0.5956181387678235
coverage_est,differential_entropy_epistemic,30,29.700000000000003,0.5821632215043565,0.5956181387678235
coverage_est,differential_entropy_epistemic,31,30.689999999999994,0.5829007320808868,0.5956181387678235
coverage_est,differential_entropy_epistemic,32,31.679999999999996,0.5838046459610371,0.5956181387678235
coverage_est,differential_entropy_epistemic,33,32.67,0.5847552578660242,0.5956181387678235
coverage_est,differential_entropy_epistemic,34,33.660000000000004,0.5853972971360888,0.5956181387678235
coverage_est,differential_entropy_epistemic,35,34.650000000000006,0.5859687782682705,0.5956181387678235
coverage_est,differential_entropy_epistemic,36,35.64000000000001,0.5868016945220449,0.5956181387678235
coverage_est,differential_entropy_epistemic,37,36.629999999999995,0.5870407339646436,0.5956181387678235
coverage_est,differential_entropy_epistemic,38,37.62,0.5872641577144508,0.5956181387678235
coverage_est,differential_entropy_epistemic,39,38.61,0.5878777137713962,0.5956181387678235
coverage_est,differential_entropy_epistemic,40,39.6,0.5884386472116423,0.5956181387678235
coverage_est,differential_entropy_epistemic,41,40.59,0.5889095481388184,0.5956181387678235
coverage_est,differential_entropy_epistemic,42,41.58,0.5882739336262197,0.5956181387678235
coverage_est,differential_entropy_epistemic,43,42.56999999999999,0.5879047176019594,0.5956181387678235
coverage_est,differential_entropy_epistemic,44,43.56,0.5874851023936108,0.5956181387678235
coverage_est,differential_entropy_epistemic,45,44.55,0.5868012311876072,0.5956181387678235
coverage_est,differential_entropy_epistemic,46,45.540000000000006,0.5863217164154951,0.5956181387678235
coverage_est,differential_entropy_epistemic,47,46.53,0.5856887249342162,0.5956181387678235
coverage_est,differential_entropy_epistemic,48,47.519999999999996,0.5849246647072619,0.5956181387678235
coverage_est,differential_entropy_epistemic,49,48.51,0.5840251125446181,0.5956181387678235
coverage_est,differential_entropy_epistemic,50,49.5,0.5829714746801765,0.5956181387678235
coverage_est,differential_entropy_epistemic,51,50.495000000000005,0.5834697783215478,0.5956181387678235
coverage_est,differential_entropy_epistemic,52,51.485,0.584210488126236,0.5956181387678235
coverage_est,differential_entropy_epistemic,53,52.47500000000001,0.584522629944245,0.5956181387678235
coverage_est,differential_entropy_epistemic,54,53.465,0.5857102781744042,0.5956181387678235
coverage_est,differential_entropy_epistemic,55,54.455,0.586376734613802,0.5956181387678235
coverage_est,differential_entropy_epistemic,56,55.445,0.5871567842759086,0.5956181387678235
coverage_est,differential_entropy_epistemic,57,56.435,0.5887399684996704,0.5956181387678235
coverage_est,differential_entropy_epistemic,58,57.42499999999999,0.5901010480203104,0.5956181387678235
coverage_est,differential_entropy_epistemic,59,58.41499999999999,0.5910693529625473,0.5956181387678235
coverage_est,differential_entropy_epistemic,60,59.404999999999994,0.5918800108906567,0.5956181387678235
coverage_est,differential_entropy_epistemic,61,60.394999999999996,0.5931442164330718,0.5956181387678235
coverage_est,differential_entropy_epistemic,62,61.385,0.5941966172546065,0.5956181387678235
coverage_est,differential_entropy_epistemic,63,62.375,0.5957310835630418,0.5956181387678235
coverage_est,differential_entropy_epistemic,64,63.365,0.5977358593037445,0.5956181387678235
coverage_est,differential_entropy_epistemic,65,64.355,0.598725484332638,0.5956181387678235
coverage_est,differential_entropy_epistemic,66,65.345,0.6015319082150257,0.5956181387678235
coverage_est,differential_entropy_epistemic,67,66.335,0.6031682388577244,0.5956181387678235
coverage_est,differential_entropy_epistemic,68,67.325,0.6053808572870683,0.5956181387678235
coverage_est,differential_entropy_epistemic,69,68.315,0.6079061514908283,0.5956181387678235
coverage_est,differential_entropy_epistemic,70,69.30499999999999,0.6103132550741652,0.5956181387678235
coverage_est,differential_entropy_epistemic,71,70.295,0.6122679003239409,0.5956181387678235
coverage_est,differential_entropy_epistemic,72,71.285,0.6140246914880272,0.5956181387678235
coverage_est,differential_entropy_epistemic,73,72.275,0.6169540338552926,0.5956181387678235
coverage_est,differential_entropy_epistemic,74,73.265,0.6196087528337799,0.5956181387678235
coverage_est,differential_entropy_epistemic,75,74.25500000000001,0.6222837458893404,0.5956181387678235
coverage_est,differential_entropy_epistemic,76,75.245,0.6255631705242133,0.5956181387678235
coverage_est,differential_entropy_epistemic,77,76.235,0.6290665104691133,0.5956181387678235
coverage_est,differential_entropy_epistemic,78,77.225,0.6320582560599527,0.5956181387678235
coverage_est,differential_entropy_epistemic,79,78.215,0.6359331939590944,0.5956181387678235
coverage_est,differential_entropy_epistemic,80,79.205,0.6382279633016879,0.5956181387678235
coverage_est,differential_entropy_epistemic,81,80.195,0.6406973700251084,0.5956181387678235
coverage_est,differential_entropy_epistemic,82,81.185,0.6405589692880175,0.5956181387678235
coverage_est,differential_entropy_epistemic,83,82.175,0.640975632961631,0.5956181387678235
coverage_est,differential_entropy_epistemic,84,83.165,0.6414520188123449,0.5956181387678235
coverage_est,differential_entropy_epistemic,85,84.155,0.6411182600132058,0.5956181387678235
coverage_est,differential_entropy_epistemic,86,85.14500000000001,0.6414671141766641,0.5956181387678235
coverage_est,differential_entropy_epistemic,87,86.135,0.6412886665069272,0.5956181387678235
coverage_est,differential_entropy_epistemic,88,87.125,0.6410913217803944,0.5956181387678235
coverage_est,differential_entropy_epistemic,89,88.115,0.6426997127311633,0.5956181387678235
coverage_est,differential_entropy_epistemic,90,89.105,0.6428362371711289,0.5956181387678235
coverage_est,differential_entropy_epistemic,91,90.095,0.6437103389787169,0.5956181387678235
coverage_est,differential_entropy_epistemic,92,91.08500000000001,0.6434241298129946,0.5956181387678235
coverage_est,differential_entropy_epistemic,93,92.07499999999999,0.6429444661397403,0.5956181387678235
coverage_est,differential_entropy_epistemic,94,93.065,0.6442377685145564,0.5956181387678235
coverage_est,differential_entropy_epistemic,95,94.055,0.6462300995215429,0.5956181387678235
coverage_est,differential_entropy_epistemic,96,95.045,0.6451034274092355,0.5956181387678235
coverage_est,differential_entropy_epistemic,97,96.035,0.6471162965515858,0.5956181387678235
coverage_est,differential_entropy_epistemic,98,97.025,0.6437855139268115,0.5956181387678235
coverage_est,differential_entropy_epistemic,99,98.015,0.6331351289440379,0.5956181387678235
coverage_est,differential_entropy_epistemic,100,99.005,0.6296518059477875,0.5956181387678235
coverage_est,variance_total,0,0.0,0.5908449862363827,0.601039018215937
coverage_est,variance_total,1,0.990000000000002,0.5901902376823046,0.601039018215937
coverage_est,variance_total,2,1.980000000000004,0.5897689809784252,0.601039018215937
coverage_est,variance_total,3,2.969999999999995,0.5893348614856254,0.601039018215937
coverage_est,variance_total,4,3.959999999999997,0.5888718327869775,0.601039018215937
coverage_est,variance_total,5,4.949999999999999,0.5883007926844149,0.601039018215937
coverage_est,variance_total,6,5.940000000000001,0.587781544121939,0.601039018215937
coverage_est,variance_total,7,6.930000000000003,0.5873736333473959,0.601039018215937
coverage_est,variance_total,8,7.920000000000005,0.5867426437997422,0.601039018215937
coverage_est,variance_total,9,8.909999999999997,0.5862680519195607,0.601039018215937
coverage_est,variance_total,10,9.899999999999999,0.5856041356021042,0.601039018215937
coverage_est,variance_total,11,10.89,0.5851733022243801,0.601039018215937
coverage_est,variance_total,12,11.880000000000003,0.5846891851951567,0.601039018215937
coverage_est,variance_total,13,12.870000000000005,0.584088614610751,0.601039018215937
coverage_est,variance_total,14,13.859999999999994,0.5835043868781502,0.601039018215937
coverage_est,variance_total,15,14.849999999999996,0.5828056680716232,0.601039018215937
coverage_est,variance_total,16,15.839999999999998,0.5822118965969074,0.601039018215937
coverage_est,variance_total,17,16.830000000000002,0.5814992419914734,0.601039018215937
coverage_est,variance_total,18,17.820000000000004,0.580911263604683,0.601039018215937
coverage_est,variance_total,19,18.810000000000006,0.5802747841469434,0.601039018215937
coverage_est,variance_total,20,19.799999999999997,0.5796211599268959,0.601039018215937
coverage_est,variance_total,21,20.79,0.5789141219554612,0.601039018215937
coverage_est,variance_total,22,21.78,0.5782094176563117,0.601039018215937
coverage_est,variance_total,23,22.770000000000003,0.5772235175987068,0.601039018215937
coverage_est,variance_total,24,23.760000000000005,0.5767833201105231,0.601039018215937
coverage_est,variance_total,25,24.750000000000007,0.5760464428084591,0.601039018215937
coverage_est,variance_total,26,25.739999999999995,0.575134629097849,0.601039018215937
coverage_est,variance_total,27,26.729999999999997,0.5742733165732126,0.601039018215937
coverage_est,variance_total,28,27.72,0.5733319750953787,0.601039018215937
coverage_est,variance_total,29,28.71,0.5725496897267506,0.601039018215937
coverage_est,variance_total,30,29.700000000000003,0.5716293620349512,0.601039018215937
coverage_est,variance_total,31,30.689999999999994,0.5706451388807243,0.601039018215937
coverage_est,variance_total,32,31.679999999999996,0.5697085146157057,0.601039018215937
coverage_est,variance_total,33,32.67,0.5688081998927169,0.601039018215937
coverage_est,variance_total,34,33.660000000000004,0.5683749977234726,0.601039018215937
coverage_est,variance_total,35,34.650000000000006,0.5692720343816923,0.601039018215937
coverage_est,variance_total,36,35.64000000000001,0.5704261963565929,0.601039018215937
coverage_est,variance_total,37,36.629999999999995,0.5712435010125441,0.601039018215937
coverage_est,variance_total,38,37.62,0.5724719605182955,0.601039018215937
coverage_est,variance_total,39,38.61,0.5738264118991477,0.601039018215937
coverage_est,variance_total,40,39.6,0.575676072890323,0.601039018215937
coverage_est,variance_total,41,40.59,0.5769883770828246,0.601039018215937
coverage_est,variance_total,42,41.58,0.5781462669921198,0.601039018215937
coverage_est,variance_total,43,42.56999999999999,0.57964465911775,0.601039018215937
coverage_est,variance_total,44,43.56,0.5812583819362609,0.601039018215937
coverage_est,variance_total,45,44.55,0.5830096768995279,0.601039018215937
coverage_est,variance_total,46,45.540000000000006,0.584524539305863,0.601039018215937
coverage_est,variance_total,47,46.53,0.5864646948431104,0.601039018215937
coverage_est,variance_total,48,47.519999999999996,0.5877819243978597,0.601039018215937
coverage_est,variance_total,49,48.51,0.5894138767782825,0.601039018215937
coverage_est,variance_total,50,49.5,0.5917807555722077,0.601039018215937
coverage_est,variance_total,51,50.495000000000005,0.5938039938994253,0.601039018215937
coverage_est,variance_total,52,51.485,0.5961862824227102,0.601039018215937
coverage_est,variance_total,53,52.47500000000001,0.5985349852863362,0.601039018215937
coverage_est,variance_total,54,53.465,0.60020419777679,0.601039018215937
coverage_est,variance_total,55,54.455,0.6022189979010388,0.601039018215937
coverage_est,variance_total,56,55.445,0.6046786884460318,0.601039018215937
coverage_est,variance_total,57,56.435,0.6072443377171958,0.601039018215937
coverage_est,variance_total,58,57.42499999999999,0.610044249067059,0.601039018215937
coverage_est,variance_total,59,58.41499999999999,0.6124661857676127,0.601039018215937
coverage_est,variance_total,60,59.404999999999994,0.6153457264279466,0.601039018215937
coverage_est,variance_total,61,60.394999999999996,0.6184221490801511,0.601039018215937
coverage_est,variance_total,62,61.385,0.6209717359047981,0.601039018215937
coverage_est,variance_total,63,62.375,0.625088813958238,0.601039018215937
coverage_est,variance_total,64,63.365,0.6279315411763207,0.601039018215937
coverage_est,variance_total,65,64.355,0.6321624712777995,0.601039018215937
coverage_est,variance_total,66,65.345,0.6361631039786845,0.601039018215937
coverage_est,variance_total,67,66.335,0.6399928227726942,0.601039018215937
coverage_est,variance_total,68,67.325,0.641782329872063,0.601039018215937
coverage_est,variance_total,69,68.315,0.6423982221316942,0.601039018215937
coverage_est,variance_total,70,69.30499999999999,0.642472112762154,0.601039018215937
coverage_est,variance_total,71,70.295,0.6429795266115435,0.601039018215937
coverage_est,variance_total,72,71.285,0.643755753932344,0.601039018215937
coverage_est,variance_total,73,72.275,0.6441820580385628,0.601039018215937
coverage_est,variance_total,74,73.265,0.6439390588019924,0.601039018215937
coverage_est,variance_total,75,74.25500000000001,0.6438806265590664,0.601039018215937
coverage_est,variance_total,76,75.245,0.6438897887758575,0.601039018215937
coverage_est,variance_total,77,76.235,0.6438846318262647,0.601039018215937
coverage_est,variance_total,78,77.225,0.6437145990220693,0.601039018215937
coverage_est,variance_total,79,78.215,0.6444110659584625,0.601039018215937
coverage_est,variance_total,80,79.205,0.645061968089168,0.601039018215937
coverage_est,variance_total,81,80.195,0.6448899064025666,0.601039018215937
coverage_est,variance_total,82,81.185,0.6449412519290136,0.601039018215937
coverage_est,variance_total,83,82.175,0.6439715854895015,0.601039018215937
coverage_est,variance_total,84,83.165,0.6441743238027582,0.601039018215937
coverage_est,variance_total,85,84.155,0.6445000789056772,0.601039018215937
coverage_est,variance_total,86,85.14500000000001,0.6452947848903225,0.601039018215937
coverage_est,variance_total,87,86.135,0.646866821883873,0.601039018215937
coverage_est,variance_total,88,87.125,0.6472053991490835,0.601039018215937
coverage_est,variance_total,89,88.115,0.647062985212173,0.601039018215937
coverage_est,variance_total,90,89.105,0.6470629270994813,0.601039018215937
coverage_est,variance_total,91,90.095,0.6467016214683166,0.601039018215937
coverage_est,variance_total,92,91.08500000000001,0.645654501787677,0.601039018215937
coverage_est,variance_total,93,92.07499999999999,0.64800272593396,0.601039018215937
coverage_est,variance_total,94,93.065,0.6457174254349473,0.601039018215937
coverage_est,variance_total,95,94.055,0.6476139496794499,0.601039018215937
coverage_est,variance_total,96,95.045,0.6490026955400217,0.601039018215937
coverage_est,variance_total,97,96.035,0.6470549552890084,0.601039018215937
coverage_est,variance_total,98,97.025,0.6449608871231247,0.601039018215937
coverage_est,variance_total,99,98.015,0.6456278408145177,0.601039018215937
coverage_est,variance_total,100,99.005,0.6397973250308429,0.601039018215937
coverage_est,variance_aleatoric,0,0.0,0.5908449862363828,0.6010765725426939
coverage_est,variance_aleatoric,1,0.990000000000002,0.5901902376823047,0.6010765725426939
coverage_est,variance_aleatoric,2,1.980000000000004,0.5897689809784252,0.6010765725426939
coverage_est,variance_aleatoric,3,2.969999999999995,0.5893348614856254,0.6010765725426939
coverage_est,variance_aleatoric,4,3.959999999999997,0.5888718327869775,0.6010765725426939
coverage_est,variance_aleatoric,5,4.949999999999999,0.5883007926844148,0.6010765725426939
coverage_est,variance_aleatoric,6,5.940000000000001,0.587781544121939,0.6010765725426939
coverage_est,variance_aleatoric,7,6.930000000000003,0.5873736333473959,0.6010765725426939
coverage_est,variance_aleatoric,8,7.920000000000005,0.5867426437997423,0.6010765725426939
coverage_est,variance_aleatoric,9,8.909999999999997,0.5862680519195607,0.6010765725426939
coverage_est,variance_aleatoric,10,9.899999999999999,0.5856041356021042,0.6010765725426939
coverage_est,variance_aleatoric,11,10.89,0.5851733022243801,0.6010765725426939
coverage_est,variance_aleatoric,12,11.880000000000003,0.5846891851951568,0.6010765725426939
coverage_est,variance_aleatoric,13,12.870000000000005,0.584088614610751,0.6010765725426939
coverage_est,variance_aleatoric,14,13.859999999999994,0.5835043868781502,0.6010765725426939
coverage_est,variance_aleatoric,15,14.849999999999996,0.5828056680716232,0.6010765725426939
coverage_est,variance_aleatoric,16,15.839999999999998,0.5822118965969074,0.6010765725426939
coverage_est,variance_aleatoric,17,16.830000000000002,0.5814992419914734,0.6010765725426939
coverage_est,variance_aleatoric,18,17.820000000000004,0.580911263604683,0.6010765725426939
coverage_est,variance_aleatoric,19,18.810000000000006,0.5802747841469434,0.6010765725426939
coverage_est,variance_aleatoric,20,19.799999999999997,0.5796211599268959,0.6010765725426939
coverage_est,variance_aleatoric,21,20.79,0.5789141219554612,0.6010765725426939
coverage_est,variance_aleatoric,22,21.78,0.5782094176563117,0.6010765725426939
coverage_est,variance_aleatoric,23,22.770000000000003,0.5772235175987068,0.6010765725426939
coverage_est,variance_aleatoric,24,23.760000000000005,0.5767833201105231,0.6010765725426939
coverage_est,variance_aleatoric,25,24.750000000000007,0.5760464428084591,0.6010765725426939
coverage_est,variance_aleatoric,26,25.739999999999995,0.575134629097849,0.6010765725426939
coverage_est,variance_aleatoric,27,26.729999999999997,0.5742733165732126,0.6010765725426939
coverage_est,variance_aleatoric,28,27.72,0.5733319750953787,0.6010765725426939
coverage_est,variance_aleatoric,29,28.71,0.5725496897267506,0.6010765725426939
coverage_est,variance_aleatoric,30,29.700000000000003,0.5716293620349512,0.6010765725426939
coverage_est,variance_aleatoric,31,30.689999999999994,0.5706451388807243,0.6010765725426939
coverage_est,variance_aleatoric,32,31.679999999999996,0.5697085146157057,0.6010765725426939
coverage_est,variance_aleatoric,33,32.67,0.5688081998927169,0.6010765725426939
coverage_est,variance_aleatoric,34,33.660000000000004,0.5683749977234726,0.6010765725426939
coverage_est,variance_aleatoric,35,34.650000000000006,0.5692720343816922,0.6010765725426939
coverage_est,variance_aleatoric,36,35.64000000000001,0.5704261963565929,0.6010765725426939
coverage_est,variance_aleatoric,37,36.629999999999995,0.5712435010125441,0.6010765725426939
coverage_est,variance_aleatoric,38,37.62,0.5724719605182955,0.6010765725426939
coverage_est,variance_aleatoric,39,38.61,0.5738264118991477,0.6010765725426939
coverage_est,variance_aleatoric,40,39.6,0.575676072890323,0.6010765725426939
coverage_est,variance_aleatoric,41,40.59,0.5769883770828245,0.6010765725426939
coverage_est,variance_aleatoric,42,41.58,0.5781462669921198,0.6010765725426939
coverage_est,variance_aleatoric,43,42.56999999999999,0.57964465911775,0.6010765725426939
coverage_est,variance_aleatoric,44,43.56,0.5812583819362611,0.6010765725426939
coverage_est,variance_aleatoric,45,44.55,0.5830096768995279,0.6010765725426939
coverage_est,variance_aleatoric,46,45.540000000000006,0.584524539305863,0.6010765725426939
coverage_est,variance_aleatoric,47,46.53,0.5864646948431104,0.6010765725426939
coverage_est,variance_aleatoric,48,47.519999999999996,0.5877819243978597,0.6010765725426939
coverage_est,variance_aleatoric,49,48.51,0.5894138767782825,0.6010765725426939
coverage_est,variance_aleatoric,50,49.5,0.5917807555722077,0.6010765725426939
coverage_est,variance_aleatoric,51,50.495000000000005,0.5938039938994254,0.6010765725426939
coverage_est,variance_aleatoric,52,51.485,0.5961862824227102,0.6010765725426939
coverage_est,variance_aleatoric,53,52.47500000000001,0.5985349852863364,0.6010765725426939
coverage_est,variance_aleatoric,54,53.465,0.60020419777679,0.6010765725426939
coverage_est,variance_aleatoric,55,54.455,0.6022189979010387,0.6010765725426939
coverage_est,variance_aleatoric,56,55.445,0.6046786884460318,0.6010765725426939
coverage_est,variance_aleatoric,57,56.435,0.6072443377171959,0.6010765725426939
coverage_est,variance_aleatoric,58,57.42499999999999,0.610044249067059,0.6010765725426939
coverage_est,variance_aleatoric,59,58.41499999999999,0.6124661857676127,0.6010765725426939
coverage_est,variance_aleatoric,60,59.404999999999994,0.6153457264279466,0.6010765725426939
coverage_est,variance_aleatoric,61,60.394999999999996,0.6184221490801511,0.6010765725426939
coverage_est,variance_aleatoric,62,61.385,0.6209717359047981,0.6010765725426939
coverage_est,variance_aleatoric,63,62.375,0.625088813958238,0.6010765725426939
coverage_est,variance_aleatoric,64,63.365,0.6279315411763207,0.6010765725426939
coverage_est,variance_aleatoric,65,64.355,0.6321624712777993,0.6010765725426939
coverage_est,variance_aleatoric,66,65.345,0.6361631039786845,0.6010765725426939
coverage_est,variance_aleatoric,67,66.335,0.6399928227726942,0.6010765725426939
coverage_est,variance_aleatoric,68,67.325,0.6417823298720629,0.6010765725426939
coverage_est,variance_aleatoric,69,68.315,0.6423982221316942,0.6010765725426939
coverage_est,variance_aleatoric,70,69.30499999999999,0.642472112762154,0.6010765725426939
coverage_est,variance_aleatoric,71,70.295,0.6429795266115435,0.6010765725426939
coverage_est,variance_aleatoric,72,71.285,0.6437557539323439,0.6010765725426939
coverage_est,variance_aleatoric,73,72.275,0.6441820580385628,0.6010765725426939
coverage_est,variance_aleatoric,74,73.265,0.6440632645923856,0.6010765725426939
coverage_est,variance_aleatoric,75,74.25500000000001,0.644897334691876,0.6010765725426939
coverage_est,variance_aleatoric,76,75.245,0.6452942848684197,0.6010765725426939
coverage_est,variance_aleatoric,77,76.235,0.644672555101973,0.6010765725426939
coverage_est,variance_aleatoric,78,77.225,0.6453513488455676,0.6010765725426939
coverage_est,variance_aleatoric,79,78.215,0.6456953813349426,0.6010765725426939
coverage_est,variance_aleatoric,80,79.205,0.6448704863555309,0.6010765725426939
coverage_est,variance_aleatoric,81,80.195,0.6445385169802292,0.6010765725426939
coverage_est,variance_aleatoric,82,81.185,0.6448165698982109,0.6010765725426939
coverage_est,variance_aleatoric,83,82.175,0.6442840856332308,0.6010765725426939
coverage_est,variance_aleatoric,84,83.165,0.6442514296131127,0.6010765725426939
coverage_est,variance_aleatoric,85,84.155,0.6445799485474012,0.6010765725426939
coverage_est,variance_aleatoric,86,85.14500000000001,0.6442831238818469,0.6010765725426939
coverage_est,variance_aleatoric,87,86.135,0.6427436312963377,0.6010765725426939
coverage_est,variance_aleatoric,88,87.125,0.6433712056001696,0.6010765725426939
coverage_est,variance_aleatoric,89,88.115,0.643211952070358,0.6010765725426939
coverage_est,variance_aleatoric,90,89.105,0.6435063084499548,0.6010765725426939
coverage_est,variance_aleatoric,91,90.095,0.643542131200276,0.6010765725426939
coverage_est,variance_aleatoric,92,91.08500000000001,0.6432559884361184,0.6010765725426939
coverage_est,variance_aleatoric,93,92.07499999999999,0.6458572318524449,0.6010765725426939
coverage_est,variance_aleatoric,94,93.065,0.6456121498462439,0.6010765725426939
coverage_est,variance_aleatoric,95,94.055,0.6456245334384108,0.6010765725426939
coverage_est,variance_aleatoric,96,95.045,0.6465899663546872,0.6010765725426939
coverage_est,variance_aleatoric,97,96.035,0.6476856052032602,0.6010765725426939
coverage_est,variance_aleatoric,98,97.025,0.6538783311834002,0.6010765725426939
coverage_est,variance_aleatoric,99,98.015,0.6545759954632538,0.6010765725426939
coverage_est,variance_aleatoric,100,99.005,0.6554541499664163,0.6010765725426939
coverage_est,variance_epistemic,0,0.0,0.5908449862363827,0.5966844171043608
coverage_est,variance_epistemic,1,0.990000000000002,0.5901902376823047,0.5966844171043608
coverage_est,variance_epistemic,2,1.980000000000004,0.5897689809784252,0.5966844171043608
coverage_est,variance_epistemic,3,2.969999999999995,0.5893348614856254,0.5966844171043608
coverage_est,variance_epistemic,4,3.959999999999997,0.5888718327869775,0.5966844171043608
coverage_est,variance_epistemic,5,4.949999999999999,0.5883007926844149,0.5966844171043608
coverage_est,variance_epistemic,6,5.940000000000001,0.587781544121939,0.5966844171043608
coverage_est,variance_epistemic,7,6.930000000000003,0.5873736333473959,0.5966844171043608
coverage_est,variance_epistemic,8,7.920000000000005,0.5867426437997422,0.5966844171043608
coverage_est,variance_epistemic,9,8.909999999999997,0.5862680519195607,0.5966844171043608
coverage_est,variance_epistemic,10,9.899999999999999,0.5856041356021042,0.5966844171043608
coverage_est,variance_epistemic,11,10.89,0.5851733022243801,0.5966844171043608
coverage_est,variance_epistemic,12,11.880000000000003,0.5846891851951568,0.5966844171043608
coverage_est,variance_epistemic,13,12.870000000000005,0.5840886146107509,0.5966844171043608
coverage_est,variance_epistemic,14,13.859999999999994,0.5835043868781503,0.5966844171043608
coverage_est,variance_epistemic,15,14.849999999999996,0.5828056680716232,0.5966844171043608
coverage_est,variance_epistemic,16,15.839999999999998,0.5822118965969074,0.5966844171043608
coverage_est,variance_epistemic,17,16.830000000000002,0.5814992419914734,0.5966844171043608
coverage_est,variance_epistemic,18,17.820000000000004,0.580911263604683,0.5966844171043608
coverage_est,variance_epistemic,19,18.810000000000006,0.5802747841469434,0.5966844171043608
coverage_est,variance_epistemic,20,19.799999999999997,0.5796211599268959,0.5966844171043608
coverage_est,variance_epistemic,21,20.79,0.5789122504513801,0.5966844171043608
coverage_est,variance_epistemic,22,21.78,0.5782176294364376,0.5966844171043608
coverage_est,variance_epistemic,23,22.770000000000003,0.5774362107823621,0.5966844171043608
coverage_est,variance_epistemic,24,23.760000000000005,0.5782768022049003,0.5966844171043608
coverage_est,variance_epistemic,25,24.750000000000007,0.5794745622194183,0.5966844171043608
coverage_est,variance_epistemic,26,25.739999999999995,0.5802314557556829,0.5966844171043608
coverage_est,variance_epistemic,27,26.729999999999997,0.581415356366452,0.5966844171043608
coverage_est,variance_epistemic,28,27.72,0.5823385207396023,0.5966844171043608
coverage_est,variance_epistemic,29,28.71,0.5829306368632403,0.5966844171043608
coverage_est,variance_epistemic,30,29.700000000000003,0.5838288276157222,0.5966844171043608
coverage_est,variance_epistemic,31,30.689999999999994,0.5843846435321163,0.5966844171043608
coverage_est,variance_epistemic,32,31.679999999999996,0.5851676577355445,0.5966844171043608
coverage_est,variance_epistemic,33,32.67,0.5859743959042503,0.5966844171043608
coverage_est,variance_epistemic,34,33.660000000000004,0.5862229274191529,0.5966844171043608
coverage_est,variance_epistemic,35,34.650000000000006,0.5869012865193521,0.5966844171043608
coverage_est,variance_epistemic,36,35.64000000000001,0.588039461773332,0.5966844171043608
coverage_est,variance_epistemic,37,36.629999999999995,0.5886555396606236,0.5966844171043608
coverage_est,variance_epistemic,38,37.62,0.58905446979594,0.5966844171043608
coverage_est,variance_epistemic,39,38.61,0.5899735766761496,0.5966844171043608
coverage_est,variance_epistemic,40,39.6,0.5905306911355572,0.5966844171043608
coverage_est,variance_epistemic,41,40.59,0.5908939886957962,0.5966844171043608
coverage_est,variance_epistemic,42,41.58,0.5910966360103376,0.5966844171043608
coverage_est,variance_epistemic,43,42.56999999999999,0.5906628408142873,0.5966844171043608
coverage_est,variance_epistemic,44,43.56,0.5901464847369345,0.5966844171043608
coverage_est,variance_epistemic,45,44.55,0.5898548582598158,0.5966844171043608
coverage_est,variance_epistemic,46,45.540000000000006,0.5890740614181901,0.5966844171043608
coverage_est,variance_epistemic,47,46.53,0.588652898534084,0.5966844171043608
coverage_est,variance_epistemic,48,47.519999999999996,0.5878080496550547,0.5966844171043608
coverage_est,variance_epistemic,49,48.51,0.5872195193016704,0.5966844171043608
coverage_est,variance_epistemic,50,49.5,0.586425350558224,0.5966844171043608
coverage_est,variance_epistemic,51,50.495000000000005,0.5854276702918007,0.5966844171043608
coverage_est,variance_epistemic,52,51.485,0.5853197364103373,0.5966844171043608
coverage_est,variance_epistemic,53,52.47500000000001,0.5859515662160041,0.5966844171043608
coverage_est,variance_epistemic,54,53.465,0.5873903524484926,0.5966844171043608
coverage_est,variance_epistemic,55,54.455,0.5880907942116969,0.5966844171043608
coverage_est,variance_epistemic,56,55.445,0.5892455362066158,0.5966844171043608
coverage_est,variance_epistemic,57,56.435,0.5904187295565497,0.5966844171043608
coverage_est,variance_epistemic,58,57.42499999999999,0.5920449949166641,0.5966844171043608
coverage_est,variance_epistemic,59,58.41499999999999,0.5928404691922811,0.5966844171043608
coverage_est,variance_epistemic,60,59.404999999999994,0.5940473406657902,0.5966844171043608
coverage_est,variance_epistemic,61,60.394999999999996,0.595135702709153,0.5966844171043608
coverage_est,variance_epistemic,62,61.385,0.5964708449430811,0.5966844171043608
coverage_est,variance_epistemic,63,62.375,0.5979421277267108,0.5966844171043608
coverage_est,variance_epistemic,64,63.365,0.5995936319084118,0.5966844171043608
coverage_est,variance_epistemic,65,64.355,0.6011125660246391,0.5966844171043608
coverage_est,variance_epistemic,66,65.345,0.6037265198305234,0.5966844171043608
coverage_est,variance_epistemic,67,66.335,0.6048797373038839,0.5966844171043608
coverage_est,variance_epistemic,68,67.325,0.6069137545069349,0.5966844171043608
coverage_est,variance_epistemic,69,68.315,0.6095801270783315,0.5966844171043608
coverage_est,variance_epistemic,70,69.30499999999999,0.6119219012749587,0.5966844171043608
coverage_est,variance_epistemic,71,70.295,0.6131494475530866,0.5966844171043608
coverage_est,variance_epistemic,72,71.285,0.6158222157887157,0.5966844171043608
coverage_est,variance_epistemic,73,72.275,0.6186832449159052,0.5966844171043608
coverage_est,variance_epistemic,74,73.265,0.6209979004805203,0.5966844171043608
coverage_est,variance_epistemic,75,74.25500000000001,0.6246497175153471,0.5966844171043608
coverage_est,variance_epistemic,76,75.245,0.6266712499682642,0.5966844171043608
coverage_est,variance_epistemic,77,76.235,0.6303996971857895,0.5966844171043608
coverage_est,variance_epistemic,78,77.225,0.6328448032942686,0.5966844171043608
coverage_est,variance_epistemic,79,78.215,0.6367020207158566,0.5966844171043608
coverage_est,variance_epistemic,80,79.205,0.6389063594958898,0.5966844171043608
coverage_est,variance_epistemic,81,80.195,0.6406112072139971,0.5966844171043608
coverage_est,variance_epistemic,82,81.185,0.6405877014825406,0.5966844171043608
coverage_est,variance_epistemic,83,82.175,0.6412603960940804,0.5966844171043608
coverage_est,variance_epistemic,84,83.165,0.6414878934426926,0.5966844171043608
coverage_est,variance_epistemic,85,84.155,0.6410352256235831,0.5966844171043608
coverage_est,variance_epistemic,86,85.14500000000001,0.6414156187643958,0.5966844171043608
coverage_est,variance_epistemic,87,86.135,0.6413022054724989,0.5966844171043608
coverage_est,variance_epistemic,88,87.125,0.6408701080452063,0.5966844171043608
coverage_est,variance_epistemic,89,88.115,0.6428305837128132,0.5966844171043608
coverage_est,variance_epistemic,90,89.105,0.643165773057999,0.5966844171043608
coverage_est,variance_epistemic,91,90.095,0.6433467765578098,0.5966844171043608
coverage_est,variance_epistemic,92,91.08500000000001,0.6430987451345763,0.5966844171043608
coverage_est,variance_epistemic,93,92.07499999999999,0.6439473443788464,0.5966844171043608
coverage_est,variance_epistemic,94,93.065,0.6437326272881563,0.5966844171043608
coverage_est,variance_epistemic,95,94.055,0.6461083848993087,0.5966844171043608
coverage_est,variance_epistemic,96,95.045,0.6453107065237484,0.5966844171043608
coverage_est,variance_epistemic,97,96.035,0.6460270390549625,0.5966844171043608
coverage_est,variance_epistemic,98,97.025,0.6434850078515902,0.5966844171043608
coverage_est,variance_epistemic,99,98.015,0.6354253539190089,0.5966844171043608
coverage_est,variance_epistemic,100,99.005,0.6320485157300904,0.5966844171043608
coverage_est,alpha_volume_total_5%,0,0.0,0.5908449862363827,0.5838844736818258
coverage_est,alpha_volume_total_5%,1,0.990000000000002,0.5909726483547271,0.5838844736818258
coverage_est,alpha_volume_total_5%,2,1.980000000000004,0.5909135651774164,0.5838844736818258
coverage_est,alpha_volume_total_5%,3,2.969999999999995,0.5910979009099939,0.5838844736818258
coverage_est,alpha_volume_total_5%,4,3.959999999999997,0.5910992083795417,0.5838844736818258
coverage_est,alpha_volume_total_5%,5,4.949999999999999,0.5914415282026508,0.5838844736818258
coverage_est,alpha_volume_total_5%,6,5.940000000000001,0.5914831215998452,0.5838844736818258
coverage_est,alpha_volume_total_5%,7,6.930000000000003,0.5914259768382559,0.5838844736818258
coverage_est,alpha_volume_total_5%,8,7.920000000000005,0.5912618675880972,0.5838844736818258
coverage_est,alpha_volume_total_5%,9,8.909999999999997,0.5912172440442144,0.5838844736818258
coverage_est,alpha_volume_total_5%,10,9.899999999999999,0.590935609682828,0.5838844736818258
coverage_est,alpha_volume_total_5%,11,10.89,0.5904896112325251,0.5838844736818258
coverage_est,alpha_volume_total_5%,12,11.880000000000003,0.5904665924201891,0.5838844736818258
coverage_est,alpha_volume_total_5%,13,12.870000000000005,0.5905731913262185,0.5838844736818258
coverage_est,alpha_volume_total_5%,14,13.859999999999994,0.5903647477179845,0.5838844736818258
coverage_est,alpha_volume_total_5%,15,14.849999999999996,0.5902073456888073,0.5838844736818258
coverage_est,alpha_volume_total_5%,16,15.839999999999998,0.5901145354625825,0.5838844736818258
coverage_est,alpha_volume_total_5%,17,16.830000000000002,0.5899860846468207,0.5838844736818258
coverage_est,alpha_volume_total_5%,18,17.820000000000004,0.5899054302433717,0.5838844736818258
coverage_est,alpha_volume_total_5%,19,18.810000000000006,0.5898409299465103,0.5838844736818258
coverage_est,alpha_volume_total_5%,20,19.799999999999997,0.5895775836695727,0.5838844736818258
coverage_est,alpha_volume_total_5%,21,20.79,0.5899091283250458,0.5838844736818258
coverage_est,alpha_volume_total_5%,22,21.78,0.5897311746588563,0.5838844736818258
coverage_est,alpha_volume_total_5%,23,22.770000000000003,0.5896368221438426,0.5838844736818258
coverage_est,alpha_volume_total_5%,24,23.760000000000005,0.589786397567898,0.5838844736818258
coverage_est,alpha_volume_total_5%,25,24.750000000000007,0.5898267425874477,0.5838844736818258
coverage_est,alpha_volume_total_5%,26,25.739999999999995,0.5896636351167427,0.5838844736818258
coverage_est,alpha_volume_total_5%,27,26.729999999999997,0.5898307988777439,0.5838844736818258
coverage_est,alpha_volume_total_5%,28,27.72,0.5898429013811158,0.5838844736818258
coverage_est,alpha_volume_total_5%,29,28.71,0.590097346031355,0.5838844736818258
coverage_est,alpha_volume_total_5%,30,29.700000000000003,0.5896639295498944,0.5838844736818258
coverage_est,alpha_volume_total_5%,31,30.689999999999994,0.5895874349825185,0.5838844736818258
coverage_est,alpha_volume_total_5%,32,31.679999999999996,0.5895186133797675,0.5838844736818258
coverage_est,alpha_volume_total_5%,33,32.67,0.5895460200609733,0.5838844736818258
coverage_est,alpha_volume_total_5%,34,33.660000000000004,0.5892653530832185,0.5838844736818258
coverage_est,alpha_volume_total_5%,35,34.650000000000006,0.5893351794399857,0.5838844736818258
coverage_est,alpha_volume_total_5%,36,35.64000000000001,0.5893445729312969,0.5838844736818258
coverage_est,alpha_volume_total_5%,37,36.629999999999995,0.5885934900780596,0.5838844736818258
coverage_est,alpha_volume_total_5%,38,37.62,0.5885989119701136,0.5838844736818258
coverage_est,alpha_volume_total_5%,39,38.61,0.588829127552952,0.5838844736818258
coverage_est,alpha_volume_total_5%,40,39.6,0.589524643533049,0.5838844736818258
coverage_est,alpha_volume_total_5%,41,40.59,0.589553885246576,0.5838844736818258
coverage_est,alpha_volume_total_5%,42,41.58,0.5892731498623669,0.5838844736818258
coverage_est,alpha_volume_total_5%,43,42.56999999999999,0.589836696092203,0.5838844736818258
coverage_est,alpha_volume_total_5%,44,43.56,0.5898564730289916,0.5838844736818258
coverage_est,alpha_volume_total_5%,45,44.55,0.5898226932316402,0.5838844736818258
coverage_est,alpha_volume_total_5%,46,45.540000000000006,0.5895411301412379,0.5838844736818258
coverage_est,alpha_volume_total_5%,47,46.53,0.5897565245974079,0.5838844736818258
coverage_est,alpha_volume_total_5%,48,47.519999999999996,0.5891857944231882,0.5838844736818258
coverage_est,alpha_volume_total_5%,49,48.51,0.5888132180805994,0.5838844736818258
coverage_est,alpha_volume_total_5%,50,49.5,0.588923979666063,0.5838844736818258
coverage_est,alpha_volume_total_5%,51,50.495000000000005,0.5893639509364268,0.5838844736818258
coverage_est,alpha_volume_total_5%,52,51.485,0.5891568220014687,0.5838844736818258
coverage_est,alpha_volume_total_5%,53,52.47500000000001,0.589077093204756,0.5838844736818258
coverage_est,alpha_volume_total_5%,54,53.465,0.5890244173330924,0.5838844736818258
coverage_est,alpha_volume_total_5%,55,54.455,0.5892156970940944,0.5838844736818258
coverage_est,alpha_volume_total_5%,56,55.445,0.5888284312498353,0.5838844736818258
coverage_est,alpha_volume_total_5%,57,56.435,0.5888547768842576,0.5838844736818258
coverage_est,alpha_volume_total_5%,58,57.42499999999999,0.5883963063262746,0.5838844736818258
coverage_est,alpha_volume_total_5%,59,58.41499999999999,0.5886720372602596,0.5838844736818258
coverage_est,alpha_volume_total_5%,60,59.404999999999994,0.5887596666140451,0.5838844736818258
coverage_est,alpha_volume_total_5%,61,60.394999999999996,0.5890861005963174,0.5838844736818258
coverage_est,alpha_volume_total_5%,62,61.385,0.5892245245949341,0.5838844736818258
coverage_est,alpha_volume_total_5%,63,62.375,0.5897730481015776,0.5838844736818258
coverage_est,alpha_volume_total_5%,64,63.365,0.5893742066732414,0.5838844736818258
coverage_est,alpha_volume_total_5%,65,64.355,0.5897584221697467,0.5838844736818258
coverage_est,alpha_volume_total_5%,66,65.345,0.5895679199012065,0.5838844736818258
coverage_est,alpha_volume_total_5%,67,66.335,0.5897419717897159,0.5838844736818258
coverage_est,alpha_volume_total_5%,68,67.325,0.5898405169712013,0.5838844736818258
coverage_est,alpha_volume_total_5%,69,68.315,0.5900199213391095,0.5838844736818258
coverage_est,alpha_volume_total_5%,70,69.30499999999999,0.5901978418317881,0.5838844736818258
coverage_est,alpha_volume_total_5%,71,70.295,0.5910853862254298,0.5838844736818258
coverage_est,alpha_volume_total_5%,72,71.285,0.591145566723988,0.5838844736818258
coverage_est,alpha_volume_total_5%,73,72.275,0.5909006710133348,0.5838844736818258
coverage_est,alpha_volume_total_5%,74,73.265,0.5911152528411933,0.5838844736818258
coverage_est,alpha_volume_total_5%,75,74.25500000000001,0.5910302249500259,0.5838844736818258
coverage_est,alpha_volume_total_5%,76,75.245,0.5907390238010015,0.5838844736818258
coverage_est,alpha_volume_total_5%,77,76.235,0.5906344768515,0.5838844736818258
coverage_est,alpha_volume_total_5%,78,77.225,0.5915133250921228,0.5838844736818258
coverage_est,alpha_volume_total_5%,79,78.215,0.5903922105570288,0.5838844736818258
coverage_est,alpha_volume_total_5%,80,79.205,0.589897085175956,0.5838844736818258
coverage_est,alpha_volume_total_5%,81,80.195,0.5885783806277403,0.5838844736818258
coverage_est,alpha_volume_total_5%,82,81.185,0.5883465643632795,0.5838844736818258
coverage_est,alpha_volume_total_5%,83,82.175,0.5892327570178916,0.5838844736818258
coverage_est,alpha_volume_total_5%,84,83.165,0.5892302870880649,0.5838844736818258
coverage_est,alpha_volume_total_5%,85,84.155,0.5879446626444654,0.5838844736818258
coverage_est,alpha_volume_total_5%,86,85.14500000000001,0.5882781477065298,0.5838844736818258
coverage_est,alpha_volume_total_5%,87,86.135,0.5881426342100335,0.5838844736818258
coverage_est,alpha_volume_total_5%,88,87.125,0.589471016571258,0.5838844736818258
coverage_est,alpha_volume_total_5%,89,88.115,0.5910472889312202,0.5838844736818258
coverage_est,alpha_volume_total_5%,90,89.105,0.5894744986937444,0.5838844736818258
coverage_est,alpha_volume_total_5%,91,90.095,0.5916636558265393,0.5838844736818258
coverage_est,alpha_volume_total_5%,92,91.08500000000001,0.5921539788593309,0.5838844736818258
coverage_est,alpha_volume_total_5%,93,92.07499999999999,0.591950053225823,0.5838844736818258
coverage_est,alpha_volume_total_5%,94,93.065,0.5896343281488661,0.5838844736818258
coverage_est,alpha_volume_total_5%,95,94.055,0.5885825443761588,0.5838844736818258
coverage_est,alpha_volume_total_5%,96,95.045,0.589730075939227,0.5838844736818258
coverage_est,alpha_volume_total_5%,97,96.035,0.5902919973774308,0.5838844736818258
coverage_est,alpha_volume_total_5%,98,97.025,0.5878084687096459,0.5838844736818258
coverage_est,alpha_volume_total_5%,99,98.015,0.5849701527657384,0.5838844736818258
coverage_est,alpha_volume_total_5%,100,99.005,0.5816856343964949,0.5838844736818258
coverage_est,alpha_volume_aleatoric_5%,0,0.0,0.5908449862363827,0.5838844736818258
coverage_est,alpha_volume_aleatoric_5%,1,0.990000000000002,0.5909726483547271,0.5838844736818258
coverage_est,alpha_volume_aleatoric_5%,2,1.980000000000004,0.5909135651774164,0.5838844736818258
coverage_est,alpha_volume_aleatoric_5%,3,2.969999999999995,0.5910979009099939,0.5838844736818258
coverage_est,alpha_volume_aleatoric_5%,4,3.959999999999997,0.5910992083795417,0.5838844736818258
coverage_est,alpha_volume_aleatoric_5%,5,4.949999999999999,0.5914415282026508,0.5838844736818258
coverage_est,alpha_volume_aleatoric_5%,6,5.940000000000001,0.5914831215998452,0.5838844736818258
coverage_est,alpha_volume_aleatoric_5%,7,6.930000000000003,0.5914259768382559,0.5838844736818258
coverage_est,alpha_volume_aleatoric_5%,8,7.920000000000005,0.5912618675880972,0.5838844736818258
coverage_est,alpha_volume_aleatoric_5%,9,8.909999999999997,0.5912172440442144,0.5838844736818258
coverage_est,alpha_volume_aleatoric_5%,10,9.899999999999999,0.590935609682828,0.5838844736818258
coverage_est,alpha_volume_aleatoric_5%,11,10.89,0.5904896112325251,0.5838844736818258
coverage_est,alpha_volume_aleatoric_5%,12,11.880000000000003,0.5904665924201891,0.5838844736818258
coverage_est,alpha_volume_aleatoric_5%,13,12.870000000000005,0.5905731913262185,0.5838844736818258
coverage_est,alpha_volume_aleatoric_5%,14,13.859999999999994,0.5903647477179845,0.5838844736818258
coverage_est,alpha_volume_aleatoric_5%,15,14.849999999999996,0.5902073456888073,0.5838844736818258
coverage_est,alpha_volume_aleatoric_5%,16,15.839999999999998,0.5901145354625825,0.5838844736818258
coverage_est,alpha_volume_aleatoric_5%,17,16.830000000000002,0.5899860846468207,0.5838844736818258
coverage_est,alpha_volume_aleatoric_5%,18,17.820000000000004,0.5899054302433717,0.5838844736818258
coverage_est,alpha_volume_aleatoric_5%,19,18.810000000000006,0.5898409299465103,0.5838844736818258
coverage_est,alpha_volume_aleatoric_5%,20,19.799999999999997,0.5895775836695727,0.5838844736818258
coverage_est,alpha_volume_aleatoric_5%,21,20.79,0.5899091283250458,0.5838844736818258
coverage_est,alpha_volume_aleatoric_5%,22,21.78,0.5897311746588563,0.5838844736818258
coverage_est,alpha_volume_aleatoric_5%,23,22.770000000000003,0.5896368221438426,0.5838844736818258
coverage_est,alpha_volume_aleatoric_5%,24,23.760000000000005,0.589786397567898,0.5838844736818258
coverage_est,alpha_volume_aleatoric_5%,25,24.750000000000007,0.5898267425874477,0.5838844736818258
coverage_est,alpha_volume_aleatoric_5%,26,25.739999999999995,0.5896636351167427,0.5838844736818258
coverage_est,alpha_volume_aleatoric_5%,27,26.729999999999997,0.5898307988777439,0.5838844736818258
coverage_est,alpha_volume_aleatoric_5%,28,27.72,0.5898429013811158,0.5838844736818258
coverage_est,alpha_volume_aleatoric_5%,29,28.71,0.590097346031355,0.5838844736818258
coverage_est,alpha_volume_aleatoric_5%,30,29.700000000000003,0.5896639295498944,0.5838844736818258
coverage_est,alpha_volume_aleatoric_5%,31,30.689999999999994,0.5895874349825185,0.5838844736818258
coverage_est,alpha_volume_aleatoric_5%,32,31.679999999999996,0.5895186133797675,0.5838844736818258
coverage_est,alpha_volume_aleatoric_5%,33,32.67,0.5895460200609733,0.5838844736818258
coverage_est,alpha_volume_aleatoric_5%,34,33.660000000000004,0.5892653530832185,0.5838844736818258
coverage_est,alpha_volume_aleatoric_5%,35,34.650000000000006,0.5893351794399857,0.5838844736818258
coverage_est,alpha_volume_aleatoric_5%,36,35.64000000000001,0.5893445729312969,0.5838844736818258
coverage_est,alpha_volume_aleatoric_5%,37,36.629999999999995,0.5885934900780596,0.5838844736818258
coverage_est,alpha_volume_aleatoric_5%,38,37.62,0.5885989119701136,0.5838844736818258
coverage_est,alpha_volume_aleatoric_5%,39,38.61,0.588829127552952,0.5838844736818258
coverage_est,alpha_volume_aleatoric_5%,40,39.6,0.589524643533049,0.5838844736818258
coverage_est,alpha_volume_aleatoric_5%,41,40.59,0.589553885246576,0.5838844736818258
coverage_est,alpha_volume_aleatoric_5%,42,41.58,0.5892731498623669,0.5838844736818258
coverage_est,alpha_volume_aleatoric_5%,43,42.56999999999999,0.589836696092203,0.5838844736818258
coverage_est,alpha_volume_aleatoric_5%,44,43.56,0.5898564730289916,0.5838844736818258
coverage_est,alpha_volume_aleatoric_5%,45,44.55,0.5898226932316402,0.5838844736818258
coverage_est,alpha_volume_aleatoric_5%,46,45.540000000000006,0.5895411301412379,0.5838844736818258
coverage_est,alpha_volume_aleatoric_5%,47,46.53,0.5897565245974079,0.5838844736818258
coverage_est,alpha_volume_aleatoric_5%,48,47.519999999999996,0.5891857944231882,0.5838844736818258
coverage_est,alpha_volume_aleatoric_5%,49,48.51,0.5888132180805994,0.5838844736818258
coverage_est,alpha_volume_aleatoric_5%,50,49.5,0.588923979666063,0.5838844736818258
coverage_est,alpha_volume_aleatoric_5%,51,50.495000000000005,0.5893639509364268,0.5838844736818258
coverage_est,alpha_volume_aleatoric_5%,52,51.485,0.5891568220014687,0.5838844736818258
coverage_est,alpha_volume_aleatoric_5%,53,52.47500000000001,0.589077093204756,0.5838844736818258
coverage_est,alpha_volume_aleatoric_5%,54,53.465,0.5890244173330924,0.5838844736818258
coverage_est,alpha_volume_aleatoric_5%,55,54.455,0.5892156970940944,0.5838844736818258
coverage_est,alpha_volume_aleatoric_5%,56,55.445,0.5888284312498353,0.5838844736818258
coverage_est,alpha_volume_aleatoric_5%,57,56.435,0.5888547768842576,0.5838844736818258
coverage_est,alpha_volume_aleatoric_5%,58,57.42499999999999,0.5883963063262746,0.5838844736818258
coverage_est,alpha_volume_aleatoric_5%,59,58.41499999999999,0.5886720372602596,0.5838844736818258
coverage_est,alpha_volume_aleatoric_5%,60,59.404999999999994,0.5887596666140451,0.5838844736818258
coverage_est,alpha_volume_aleatoric_5%,61,60.394999999999996,0.5890861005963174,0.5838844736818258
coverage_est,alpha_volume_aleatoric_5%,62,61.385,0.5892245245949341,0.5838844736818258
coverage_est,alpha_volume_aleatoric_5%,63,62.375,0.5897730481015776,0.5838844736818258
coverage_est,alpha_volume_aleatoric_5%,64,63.365,0.5893742066732414,0.5838844736818258
coverage_est,alpha_volume_aleatoric_5%,65,64.355,0.5897584221697467,0.5838844736818258
coverage_est,alpha_volume_aleatoric_5%,66,65.345,0.5895679199012065,0.5838844736818258
coverage_est,alpha_volume_aleatoric_5%,67,66.335,0.5897419717897159,0.5838844736818258
coverage_est,alpha_volume_aleatoric_5%,68,67.325,0.5898405169712013,0.5838844736818258
coverage_est,alpha_volume_aleatoric_5%,69,68.315,0.5900199213391095,0.5838844736818258
coverage_est,alpha_volume_aleatoric_5%,70,69.30499999999999,0.5901978418317881,0.5838844736818258
coverage_est,alpha_volume_aleatoric_5%,71,70.295,0.5910853862254298,0.5838844736818258
coverage_est,alpha_volume_aleatoric_5%,72,71.285,0.591145566723988,0.5838844736818258
coverage_est,alpha_volume_aleatoric_5%,73,72.275,0.5909006710133348,0.5838844736818258
coverage_est,alpha_volume_aleatoric_5%,74,73.265,0.5911152528411933,0.5838844736818258
coverage_est,alpha_volume_aleatoric_5%,75,74.25500000000001,0.5910302249500259,0.5838844736818258
coverage_est,alpha_volume_aleatoric_5%,76,75.245,0.5907390238010015,0.5838844736818258
coverage_est,alpha_volume_aleatoric_5%,77,76.235,0.5906344768515,0.5838844736818258
coverage_est,alpha_volume_aleatoric_5%,78,77.225,0.5915133250921228,0.5838844736818258
coverage_est,alpha_volume_aleatoric_5%,79,78.215,0.5903922105570288,0.5838844736818258
coverage_est,alpha_volume_aleatoric_5%,80,79.205,0.589897085175956,0.5838844736818258
coverage_est,alpha_volume_aleatoric_5%,81,80.195,0.5885783806277403,0.5838844736818258
coverage_est,alpha_volume_aleatoric_5%,82,81.185,0.5883465643632795,0.5838844736818258
coverage_est,alpha_volume_aleatoric_5%,83,82.175,0.5892327570178916,0.5838844736818258
coverage_est,alpha_volume_aleatoric_5%,84,83.165,0.5892302870880649,0.5838844736818258
coverage_est,alpha_volume_aleatoric_5%,85,84.155,0.5879446626444654,0.5838844736818258
coverage_est,alpha_volume_aleatoric_5%,86,85.14500000000001,0.5882781477065298,0.5838844736818258
coverage_est,alpha_volume_aleatoric_5%,87,86.135,0.5881426342100335,0.5838844736818258
coverage_est,alpha_volume_aleatoric_5%,88,87.125,0.589471016571258,0.5838844736818258
coverage_est,alpha_volume_aleatoric_5%,89,88.115,0.5910472889312202,0.5838844736818258
coverage_est,alpha_volume_aleatoric_5%,90,89.105,0.5894744986937444,0.5838844736818258
coverage_est,alpha_volume_aleatoric_5%,91,90.095,0.5916636558265393,0.5838844736818258
coverage_est,alpha_volume_aleatoric_5%,92,91.08500000000001,0.5921539788593309,0.5838844736818258
coverage_est,alpha_volume_aleatoric_5%,93,92.07499999999999,0.591950053225823,0.5838844736818258
coverage_est,alpha_volume_aleatoric_5%,94,93.065,0.5896343281488661,0.5838844736818258
coverage_est,alpha_volume_aleatoric_5%,95,94.055,0.5885825443761588,0.5838844736818258
coverage_est,alpha_volume_aleatoric_5%,96,95.045,0.589730075939227,0.5838844736818258
coverage_est,alpha_volume_aleatoric_5%,97,96.035,0.5902919973774308,0.5838844736818258
coverage_est,alpha_volume_aleatoric_5%,98,97.025,0.5878084687096459,0.5838844736818258
coverage_est,alpha_volume_aleatoric_5%,99,98.015,0.5849701527657384,0.5838844736818258
coverage_est,alpha_volume_aleatoric_5%,100,99.005,0.5816856343964949,0.5838844736818258
coverage_est,alpha_volume_epistemic_5%,0,0.0,0.5908449862363827,0.5320262227612469
coverage_est,alpha_volume_epistemic_5%,1,0.990000000000002,0.5902694359779974,0.5320262227612469
coverage_est,alpha_volume_epistemic_5%,2,1.980000000000004,0.5896148652267676,0.5320262227612469
coverage_est,alpha_volume_epistemic_5%,3,2.969999999999995,0.5889413292554143,0.5320262227612469
coverage_est,alpha_volume_epistemic_5%,4,3.959999999999997,0.5884715400834353,0.5320262227612469
coverage_est,alpha_volume_epistemic_5%,5,4.949999999999999,0.5880249444022,0.5320262227612469
coverage_est,alpha_volume_epistemic_5%,6,5.940000000000001,0.5874464569048674,0.5320262227612469
coverage_est,alpha_volume_epistemic_5%,7,6.930000000000003,0.5868027629622004,0.5320262227612469
coverage_est,alpha_volume_epistemic_5%,8,7.920000000000005,0.5861491280015989,0.5320262227612469
coverage_est,alpha_volume_epistemic_5%,9,8.909999999999997,0.5854819248069224,0.5320262227612469
coverage_est,alpha_volume_epistemic_5%,10,9.899999999999999,0.5848323389675932,0.5320262227612469
coverage_est,alpha_volume_epistemic_5%,11,10.89,0.5844100770543628,0.5320262227612469
coverage_est,alpha_volume_epistemic_5%,12,11.880000000000003,0.5838273647214202,0.5320262227612469
coverage_est,alpha_volume_epistemic_5%,13,12.870000000000005,0.58317204660063,0.5320262227612469
coverage_est,alpha_volume_epistemic_5%,14,13.859999999999994,0.5826445288648682,0.5320262227612469
coverage_est,alpha_volume_epistemic_5%,15,14.849999999999996,0.5818660616082743,0.5320262227612469
coverage_est,alpha_volume_epistemic_5%,16,15.839999999999998,0.5811277500330624,0.5320262227612469
coverage_est,alpha_volume_epistemic_5%,17,16.830000000000002,0.5804204426260883,0.5320262227612469
coverage_est,alpha_volume_epistemic_5%,18,17.820000000000004,0.5796297891690377,0.5320262227612469
coverage_est,alpha_volume_epistemic_5%,19,18.810000000000006,0.5791927422866048,0.5320262227612469
coverage_est,alpha_volume_epistemic_5%,20,19.799999999999997,0.5783607760137655,0.5320262227612469
coverage_est,alpha_volume_epistemic_5%,21,20.79,0.5775975213053303,0.5320262227612469
coverage_est,alpha_volume_epistemic_5%,22,21.78,0.5767299231877596,0.5320262227612469
coverage_est,alpha_volume_epistemic_5%,23,22.770000000000003,0.5759404613778865,0.5320262227612469
coverage_est,alpha_volume_epistemic_5%,24,23.760000000000005,0.5751085335374726,0.5320262227612469
coverage_est,alpha_volume_epistemic_5%,25,24.750000000000007,0.5740071651289534,0.5320262227612469
coverage_est,alpha_volume_epistemic_5%,26,25.739999999999995,0.5730392220138211,0.5320262227612469
coverage_est,alpha_volume_epistemic_5%,27,26.729999999999997,0.5724010183097165,0.5320262227612469
coverage_est,alpha_volume_epistemic_5%,28,27.72,0.5714928314104506,0.5320262227612469
coverage_est,alpha_volume_epistemic_5%,29,28.71,0.5704674119864932,0.5320262227612469
coverage_est,alpha_volume_epistemic_5%,30,29.700000000000003,0.5694743745763837,0.5320262227612469
coverage_est,alpha_volume_epistemic_5%,31,30.689999999999994,0.5685350472820955,0.5320262227612469
coverage_est,alpha_volume_epistemic_5%,32,31.679999999999996,0.5672608643486254,0.5320262227612469
coverage_est,alpha_volume_epistemic_5%,33,32.67,0.5664367639552771,0.5320262227612469
coverage_est,alpha_volume_epistemic_5%,34,33.660000000000004,0.5651178199811238,0.5320262227612469
coverage_est,alpha_volume_epistemic_5%,35,34.650000000000006,0.5640091790217715,0.5320262227612469
coverage_est,alpha_volume_epistemic_5%,36,35.64000000000001,0.5626880539183509,0.5320262227612469
coverage_est,alpha_volume_epistemic_5%,37,36.629999999999995,0.5612333337216586,0.5320262227612469
coverage_est,alpha_volume_epistemic_5%,38,37.62,0.5601564841132187,0.5320262227612469
coverage_est,alpha_volume_epistemic_5%,39,38.61,0.5588462670040917,0.5320262227612469
coverage_est,alpha_volume_epistemic_5%,40,39.6,0.5573594426567162,0.5320262227612469
coverage_est,alpha_volume_epistemic_5%,41,40.59,0.556258988100498,0.5320262227612469
coverage_est,alpha_volume_epistemic_5%,42,41.58,0.5551734125862835,0.5320262227612469
coverage_est,alpha_volume_epistemic_5%,43,42.56999999999999,0.5534269906400006,0.5320262227612469
coverage_est,alpha_volume_epistemic_5%,44,43.56,0.5519155349083207,0.5320262227612469
coverage_est,alpha_volume_epistemic_5%,45,44.55,0.5501884140494541,0.5320262227612469
coverage_est,alpha_volume_epistemic_5%,46,45.540000000000006,0.5487367896900627,0.5320262227612469
coverage_est,alpha_volume_epistemic_5%,47,46.53,0.5470335449987975,0.5320262227612469
coverage_est,alpha_volume_epistemic_5%,48,47.519999999999996,0.5457042796749062,0.5320262227612469
coverage_est,alpha_volume_epistemic_5%,49,48.51,0.5439978926658491,0.5320262227612469
coverage_est,alpha_volume_epistemic_5%,50,49.5,0.5420029225281184,0.5320262227612469
coverage_est,alpha_volume_epistemic_5%,51,50.495000000000005,0.5397707262312722,0.5320262227612469
coverage_est,alpha_volume_epistemic_5%,52,51.485,0.5380454708678479,0.5320262227612469
coverage_est,alpha_volume_epistemic_5%,53,52.47500000000001,0.5361111012784343,0.5320262227612469
coverage_est,alpha_volume_epistemic_5%,54,53.465,0.5343694809602298,0.5320262227612469
coverage_est,alpha_volume_epistemic_5%,55,54.455,0.5324928695841263,0.5320262227612469
coverage_est,alpha_volume_epistemic_5%,56,55.445,0.5300373199579396,0.5320262227612469
coverage_est,alpha_volume_epistemic_5%,57,56.435,0.5274139333468574,0.5320262227612469
coverage_est,alpha_volume_epistemic_5%,58,57.42499999999999,0.5248804657567279,0.5320262227612469
coverage_est,alpha_volume_epistemic_5%,59,58.41499999999999,0.5221684203132961,0.5320262227612469
coverage_est,alpha_volume_epistemic_5%,60,59.404999999999994,0.5199670949077142,0.5320262227612469
coverage_est,alpha_volume_epistemic_5%,61,60.394999999999996,0.5170276044345243,0.5320262227612469
coverage_est,alpha_volume_epistemic_5%,62,61.385,0.5140584364297345,0.5320262227612469
coverage_est,alpha_volume_epistemic_5%,63,62.375,0.5115939501462746,0.5320262227612469
coverage_est,alpha_volume_epistemic_5%,64,63.365,0.5093680714851176,0.5320262227612469
coverage_est,alpha_volume_epistemic_5%,65,64.355,0.5076095981208627,0.5320262227612469
coverage_est,alpha_volume_epistemic_5%,66,65.345,0.5053767642269258,0.5320262227612469
coverage_est,alpha_volume_epistemic_5%,67,66.335,0.5035973515369628,0.5320262227612469
coverage_est,alpha_volume_epistemic_5%,68,67.325,0.5015911419187175,0.5320262227612469
coverage_est,alpha_volume_epistemic_5%,69,68.315,0.49961710423888217,0.5320262227612469
coverage_est,alpha_volume_epistemic_5%,70,69.30499999999999,0.4981080980113646,0.5320262227612469
coverage_est,alpha_volume_epistemic_5%,71,70.295,0.4956207975355074,0.5320262227612469
coverage_est,alpha_volume_epistemic_5%,72,71.285,0.4941443703635159,0.5320262227612469
coverage_est,alpha_volume_epistemic_5%,73,72.275,0.4940630114084586,0.5320262227612469
coverage_est,alpha_volume_epistemic_5%,74,73.265,0.4941685653526304,0.5320262227612469
coverage_est,alpha_volume_epistemic_5%,75,74.25500000000001,0.49345139778513936,0.5320262227612469
coverage_est,alpha_volume_epistemic_5%,76,75.245,0.493494585077621,0.5320262227612469
coverage_est,alpha_volume_epistemic_5%,77,76.235,0.4925914457615333,0.5320262227612469
coverage_est,alpha_volume_epistemic_5%,78,77.225,0.4929800015214137,0.5320262227612469
coverage_est,alpha_volume_epistemic_5%,79,78.215,0.492728855868089,0.5320262227612469
coverage_est,alpha_volume_epistemic_5%,80,79.205,0.4930482540413125,0.5320262227612469
coverage_est,alpha_volume_epistemic_5%,81,80.195,0.49289546904701276,0.5320262227612469
coverage_est,alpha_volume_epistemic_5%,82,81.185,0.4932419186980139,0.5320262227612469
coverage_est,alpha_volume_epistemic_5%,83,82.175,0.4943241179526752,0.5320262227612469
coverage_est,alpha_volume_epistemic_5%,84,83.165,0.4935193322393287,0.5320262227612469
coverage_est,alpha_volume_epistemic_5%,85,84.155,0.4945929782296575,0.5320262227612469
coverage_est,alpha_volume_epistemic_5%,86,85.14500000000001,0.4936299699948221,0.5320262227612469
coverage_est,alpha_volume_epistemic_5%,87,86.135,0.4941365731742217,0.5320262227612469
coverage_est,alpha_volume_epistemic_5%,88,87.125,0.4937678736570989,0.5320262227612469
coverage_est,alpha_volume_epistemic_5%,89,88.115,0.4924292434059205,0.5320262227612469
coverage_est,alpha_volume_epistemic_5%,90,89.105,0.4930216051470643,0.5320262227612469
coverage_est,alpha_volume_epistemic_5%,91,90.095,0.4941942496722424,0.5320262227612469
coverage_est,alpha_volume_epistemic_5%,92,91.08500000000001,0.4922953679763794,0.5320262227612469
coverage_est,alpha_volume_epistemic_5%,93,92.07499999999999,0.4922562927104428,0.5320262227612469
coverage_est,alpha_volume_epistemic_5%,94,93.065,0.49070515851505964,0.5320262227612469
coverage_est,alpha_volume_epistemic_5%,95,94.055,0.49194264652692327,0.5320262227612469
coverage_est,alpha_volume_epistemic_5%,96,95.045,0.4883781117566435,0.5320262227612469
coverage_est,alpha_volume_epistemic_5%,97,96.035,0.48275215144043865,0.5320262227612469
coverage_est,alpha_volume_epistemic_5%,98,97.025,0.48023633186811,0.5320262227612469
coverage_est,alpha_volume_epistemic_5%,99,98.015,0.47780594281212085,0.5320262227612469
coverage_est,alpha_volume_epistemic_5%,100,99.005,0.5064396776795725,0.5320262227612469
coverage_est,integrated_volume_total,0,0.0,0.5908449862363827,0.5844911060756032
coverage_est,integrated_volume_total,1,0.990000000000002,0.590680933385902,0.5844911060756032
coverage_est,integrated_volume_total,2,1.980000000000004,0.5907523631683722,0.5844911060756032
coverage_est,integrated_volume_total,3,2.969999999999995,0.5907016002046375,0.5844911060756032
coverage_est,integrated_volume_total,4,3.959999999999997,0.5903305101766947,0.5844911060756032
coverage_est,integrated_volume_total,5,4.949999999999999,0.5902556917918318,0.5844911060756032
coverage_est,integrated_volume_total,6,5.940000000000001,0.5901802742063221,0.5844911060756032
coverage_est,integrated_volume_total,7,6.930000000000003,0.590123925046991,0.5844911060756032
coverage_est,integrated_volume_total,8,7.920000000000005,0.5900839745160722,0.5844911060756032
coverage_est,integrated_volume_total,9,8.909999999999997,0.5903598936127229,0.5844911060756032
coverage_est,integrated_volume_total,10,9.899999999999999,0.589954460553823,0.5844911060756032
coverage_est,integrated_volume_total,11,10.89,0.5898658952507885,0.5844911060756032
coverage_est,integrated_volume_total,12,11.880000000000003,0.589752609396226,0.5844911060756032
coverage_est,integrated_volume_total,13,12.870000000000005,0.5896058013223914,0.5844911060756032
coverage_est,integrated_volume_total,14,13.859999999999994,0.5894409653123176,0.5844911060756032
coverage_est,integrated_volume_total,15,14.849999999999996,0.5894345145342125,0.5844911060756032
coverage_est,integrated_volume_total,16,15.839999999999998,0.5892953568141238,0.5844911060756032
coverage_est,integrated_volume_total,17,16.830000000000002,0.5892472210256743,0.5844911060756032
coverage_est,integrated_volume_total,18,17.820000000000004,0.5891770161924691,0.5844911060756032
coverage_est,integrated_volume_total,19,18.810000000000006,0.5890273923774326,0.5844911060756032
coverage_est,integrated_volume_total,20,19.799999999999997,0.588873367521337,0.5844911060756032
coverage_est,integrated_volume_total,21,20.79,0.5881198447251277,0.5844911060756032
coverage_est,integrated_volume_total,22,21.78,0.5882855702380743,0.5844911060756032
coverage_est,integrated_volume_total,23,22.770000000000003,0.5879065221705162,0.5844911060756032
coverage_est,integrated_volume_total,24,23.760000000000005,0.5879161692917473,0.5844911060756032
coverage_est,integrated_volume_total,25,24.750000000000007,0.587653059975336,0.5844911060756032
coverage_est,integrated_volume_total,26,25.739999999999995,0.5872357430414086,0.5844911060756032
coverage_est,integrated_volume_total,27,26.729999999999997,0.5869434212557875,0.5844911060756032
coverage_est,integrated_volume_total,28,27.72,0.5865476439232284,0.5844911060756032
coverage_est,integrated_volume_total,29,28.71,0.5865495427883984,0.5844911060756032
coverage_est,integrated_volume_total,30,29.700000000000003,0.5866608201399363,0.5844911060756032
coverage_est,integrated_volume_total,31,30.689999999999994,0.5863351352957163,0.5844911060756032
coverage_est,integrated_volume_total,32,31.679999999999996,0.5867760082877636,0.5844911060756032
coverage_est,integrated_volume_total,33,32.67,0.586632385315565,0.5844911060756032
coverage_est,integrated_volume_total,34,33.660000000000004,0.5867029792068307,0.5844911060756032
coverage_est,integrated_volume_total,35,34.650000000000006,0.5867893347174415,0.5844911060756032
coverage_est,integrated_volume_total,36,35.64000000000001,0.5868706404049452,0.5844911060756032
coverage_est,integrated_volume_total,37,36.629999999999995,0.5870456699915045,0.5844911060756032
coverage_est,integrated_volume_total,38,37.62,0.5867009060562696,0.5844911060756032
coverage_est,integrated_volume_total,39,38.61,0.5864046321421165,0.5844911060756032
coverage_est,integrated_volume_total,40,39.6,0.5865259555644127,0.5844911060756032
coverage_est,integrated_volume_total,41,40.59,0.5863043784059065,0.5844911060756032
coverage_est,integrated_volume_total,42,41.58,0.5858735897371559,0.5844911060756032
coverage_est,integrated_volume_total,43,42.56999999999999,0.5856578907045613,0.5844911060756032
coverage_est,integrated_volume_total,44,43.56,0.5858381199601622,0.5844911060756032
coverage_est,integrated_volume_total,45,44.55,0.5855742366092949,0.5844911060756032
coverage_est,integrated_volume_total,46,45.540000000000006,0.5849040516554075,0.5844911060756032
coverage_est,integrated_volume_total,47,46.53,0.5862659318340495,0.5844911060756032
coverage_est,integrated_volume_total,48,47.519999999999996,0.5882810265544867,0.5844911060756032
coverage_est,integrated_volume_total,49,48.51,0.5900869968074672,0.5844911060756032
coverage_est,integrated_volume_total,50,49.5,0.5920458054178547,0.5844911060756032
coverage_est,integrated_volume_total,51,50.495000000000005,0.5942148152340792,0.5844911060756032
coverage_est,integrated_volume_total,52,51.485,0.5958587272058717,0.5844911060756032
coverage_est,integrated_volume_total,53,52.47500000000001,0.5960684568786269,0.5844911060756032
coverage_est,integrated_volume_total,54,53.465,0.5961948028536409,0.5844911060756032
coverage_est,integrated_volume_total,55,54.455,0.596184553374157,0.5844911060756032
coverage_est,integrated_volume_total,56,55.445,0.5962212072097408,0.5844911060756032
coverage_est,integrated_volume_total,57,56.435,0.59593505820798,0.5844911060756032
coverage_est,integrated_volume_total,58,57.42499999999999,0.5962716861321682,0.5844911060756032
coverage_est,integrated_volume_total,59,58.41499999999999,0.595731348240632,0.5844911060756032
coverage_est,integrated_volume_total,60,59.404999999999994,0.5961816276585605,0.5844911060756032
coverage_est,integrated_volume_total,61,60.394999999999996,0.5957052583560951,0.5844911060756032
coverage_est,integrated_volume_total,62,61.385,0.5957027341281738,0.5844911060756032
coverage_est,integrated_volume_total,63,62.375,0.595341764807326,0.5844911060756032
coverage_est,integrated_volume_total,64,63.365,0.5951302651159771,0.5844911060756032
coverage_est,integrated_volume_total,65,64.355,0.5948229322780544,0.5844911060756032
coverage_est,integrated_volume_total,66,65.345,0.594257099283735,0.5844911060756032
coverage_est,integrated_volume_total,67,66.335,0.5943341641849177,0.5844911060756032
coverage_est,integrated_volume_total,68,67.325,0.5936607869430154,0.5844911060756032
coverage_est,integrated_volume_total,69,68.315,0.5938422801026844,0.5844911060756032
coverage_est,integrated_volume_total,70,69.30499999999999,0.5933279735917363,0.5844911060756032
coverage_est,integrated_volume_total,71,70.295,0.592864211597714,0.5844911060756032
coverage_est,integrated_volume_total,72,71.285,0.5927992928158743,0.5844911060756032
coverage_est,integrated_volume_total,73,72.275,0.5916203525197837,0.5844911060756032
coverage_est,integrated_volume_total,74,73.265,0.5917585311000522,0.5844911060756032
coverage_est,integrated_volume_total,75,74.25500000000001,0.5913918103304929,0.5844911060756032
coverage_est,integrated_volume_total,76,75.245,0.5918647224000088,0.5844911060756032
coverage_est,integrated_volume_total,77,76.235,0.5919160464971694,0.5844911060756032
coverage_est,integrated_volume_total,78,77.225,0.5921415716139038,0.5844911060756032
coverage_est,integrated_volume_total,79,78.215,0.5923356216708482,0.5844911060756032
coverage_est,integrated_volume_total,80,79.205,0.5919983569072408,0.5844911060756032
coverage_est,integrated_volume_total,81,80.195,0.5918849746004556,0.5844911060756032
coverage_est,integrated_volume_total,82,81.185,0.5920494027000435,0.5844911060756032
coverage_est,integrated_volume_total,83,82.175,0.592832959865893,0.5844911060756032
coverage_est,integrated_volume_total,84,83.165,0.592878875238277,0.5844911060756032
coverage_est,integrated_volume_total,85,84.155,0.5923052966529976,0.5844911060756032
coverage_est,integrated_volume_total,86,85.14500000000001,0.5907933518290794,0.5844911060756032
coverage_est,integrated_volume_total,87,86.135,0.5911916667001595,0.5844911060756032
coverage_est,integrated_volume_total,88,87.125,0.5911815405966078,0.5844911060756032
coverage_est,integrated_volume_total,89,88.115,0.5915118219665412,0.5844911060756032
coverage_est,integrated_volume_total,90,89.105,0.5910838564190087,0.5844911060756032
coverage_est,integrated_volume_total,91,90.095,0.5865714644246338,0.5844911060756032
coverage_est,integrated_volume_total,92,91.08500000000001,0.5838163021819964,0.5844911060756032
coverage_est,integrated_volume_total,93,92.07499999999999,0.5884896907087198,0.5844911060756032
coverage_est,integrated_volume_total,94,93.065,0.5877979710613216,0.5844911060756032
coverage_est,integrated_volume_total,95,94.055,0.587697135635553,0.5844911060756032
coverage_est,integrated_volume_total,96,95.045,0.5912737098088263,0.5844911060756032
coverage_est,integrated_volume_total,97,96.035,0.5874715501889373,0.5844911060756032
coverage_est,integrated_volume_total,98,97.025,0.5908326330479196,0.5844911060756032
coverage_est,integrated_volume_total,99,98.015,0.587669658618029,0.5844911060756032
coverage_est,integrated_volume_total,100,99.005,0.5949957266843595,0.5844911060756032
coverage_est,integrated_volume_aleatoric,0,0.0,0.5908449862363827,0.5838844736818258
coverage_est,integrated_volume_aleatoric,1,0.990000000000002,0.5909726483547271,0.5838844736818258
coverage_est,integrated_volume_aleatoric,2,1.980000000000004,0.5909135651774164,0.5838844736818258
coverage_est,integrated_volume_aleatoric,3,2.969999999999995,0.5910979009099939,0.5838844736818258
coverage_est,integrated_volume_aleatoric,4,3.959999999999997,0.5910992083795417,0.5838844736818258
coverage_est,integrated_volume_aleatoric,5,4.949999999999999,0.5914415282026508,0.5838844736818258
coverage_est,integrated_volume_aleatoric,6,5.940000000000001,0.5914831215998452,0.5838844736818258
coverage_est,integrated_volume_aleatoric,7,6.930000000000003,0.5914259768382559,0.5838844736818258
coverage_est,integrated_volume_aleatoric,8,7.920000000000005,0.5912618675880972,0.5838844736818258
coverage_est,integrated_volume_aleatoric,9,8.909999999999997,0.5912172440442144,0.5838844736818258
coverage_est,integrated_volume_aleatoric,10,9.899999999999999,0.590935609682828,0.5838844736818258
coverage_est,integrated_volume_aleatoric,11,10.89,0.5904896112325251,0.5838844736818258
coverage_est,integrated_volume_aleatoric,12,11.880000000000003,0.5904665924201891,0.5838844736818258
coverage_est,integrated_volume_aleatoric,13,12.870000000000005,0.5905731913262185,0.5838844736818258
coverage_est,integrated_volume_aleatoric,14,13.859999999999994,0.5903647477179845,0.5838844736818258
coverage_est,integrated_volume_aleatoric,15,14.849999999999996,0.5902073456888073,0.5838844736818258
coverage_est,integrated_volume_aleatoric,16,15.839999999999998,0.5901145354625825,0.5838844736818258
coverage_est,integrated_volume_aleatoric,17,16.830000000000002,0.5899860846468207,0.5838844736818258
coverage_est,integrated_volume_aleatoric,18,17.820000000000004,0.5899054302433717,0.5838844736818258
coverage_est,integrated_volume_aleatoric,19,18.810000000000006,0.5898409299465103,0.5838844736818258
coverage_est,integrated_volume_aleatoric,20,19.799999999999997,0.5895775836695727,0.5838844736818258
coverage_est,integrated_volume_aleatoric,21,20.79,0.5899091283250458,0.5838844736818258
coverage_est,integrated_volume_aleatoric,22,21.78,0.5897311746588563,0.5838844736818258
coverage_est,integrated_volume_aleatoric,23,22.770000000000003,0.5896368221438426,0.5838844736818258
coverage_est,integrated_volume_aleatoric,24,23.760000000000005,0.589786397567898,0.5838844736818258
coverage_est,integrated_volume_aleatoric,25,24.750000000000007,0.5898267425874477,0.5838844736818258
coverage_est,integrated_volume_aleatoric,26,25.739999999999995,0.5896636351167427,0.5838844736818258
coverage_est,integrated_volume_aleatoric,27,26.729999999999997,0.5898307988777439,0.5838844736818258
coverage_est,integrated_volume_aleatoric,28,27.72,0.5898429013811158,0.5838844736818258
coverage_est,integrated_volume_aleatoric,29,28.71,0.590097346031355,0.5838844736818258
coverage_est,integrated_volume_aleatoric,30,29.700000000000003,0.5896639295498944,0.5838844736818258
coverage_est,integrated_volume_aleatoric,31,30.689999999999994,0.5895874349825185,0.5838844736818258
coverage_est,integrated_volume_aleatoric,32,31.679999999999996,0.5895186133797675,0.5838844736818258
coverage_est,integrated_volume_aleatoric,33,32.67,0.5895460200609733,0.5838844736818258
coverage_est,integrated_volume_aleatoric,34,33.660000000000004,0.5892653530832185,0.5838844736818258
coverage_est,integrated_volume_aleatoric,35,34.650000000000006,0.5893351794399857,0.5838844736818258
coverage_est,integrated_volume_aleatoric,36,35.64000000000001,0.5893445729312969,0.5838844736818258
coverage_est,integrated_volume_aleatoric,37,36.629999999999995,0.5885934900780596,0.5838844736818258
coverage_est,integrated_volume_aleatoric,38,37.62,0.5885989119701136,0.5838844736818258
coverage_est,integrated_volume_aleatoric,39,38.61,0.588829127552952,0.5838844736818258
coverage_est,integrated_volume_aleatoric,40,39.6,0.589524643533049,0.5838844736818258
coverage_est,integrated_volume_aleatoric,41,40.59,0.589553885246576,0.5838844736818258
coverage_est,integrated_volume_aleatoric,42,41.58,0.5892731498623669,0.5838844736818258
coverage_est,integrated_volume_aleatoric,43,42.56999999999999,0.589836696092203,0.5838844736818258
coverage_est,integrated_volume_aleatoric,44,43.56,0.5898564730289916,0.5838844736818258
coverage_est,integrated_volume_aleatoric,45,44.55,0.5898226932316402,0.5838844736818258
coverage_est,integrated_volume_aleatoric,46,45.540000000000006,0.5895411301412379,0.5838844736818258
coverage_est,integrated_volume_aleatoric,47,46.53,0.5897565245974079,0.5838844736818258
coverage_est,integrated_volume_aleatoric,48,47.519999999999996,0.5891857944231882,0.5838844736818258
coverage_est,integrated_volume_aleatoric,49,48.51,0.5888132180805994,0.5838844736818258
coverage_est,integrated_volume_aleatoric,50,49.5,0.588923979666063,0.5838844736818258
coverage_est,integrated_volume_aleatoric,51,50.495000000000005,0.5893639509364268,0.5838844736818258
coverage_est,integrated_volume_aleatoric,52,51.485,0.5891568220014687,0.5838844736818258
coverage_est,integrated_volume_aleatoric,53,52.47500000000001,0.589077093204756,0.5838844736818258
coverage_est,integrated_volume_aleatoric,54,53.465,0.5890244173330924,0.5838844736818258
coverage_est,integrated_volume_aleatoric,55,54.455,0.5892156970940944,0.5838844736818258
coverage_est,integrated_volume_aleatoric,56,55.445,0.5888284312498353,0.5838844736818258
coverage_est,integrated_volume_aleatoric,57,56.435,0.5888547768842576,0.5838844736818258
coverage_est,integrated_volume_aleatoric,58,57.42499999999999,0.5883963063262746,0.5838844736818258
coverage_est,integrated_volume_aleatoric,59,58.41499999999999,0.5886720372602596,0.5838844736818258
coverage_est,integrated_volume_aleatoric,60,59.404999999999994,0.5887596666140451,0.5838844736818258
coverage_est,integrated_volume_aleatoric,61,60.394999999999996,0.5890861005963174,0.5838844736818258
coverage_est,integrated_volume_aleatoric,62,61.385,0.5892245245949341,0.5838844736818258
coverage_est,integrated_volume_aleatoric,63,62.375,0.5897730481015776,0.5838844736818258
coverage_est,integrated_volume_aleatoric,64,63.365,0.5893742066732414,0.5838844736818258
coverage_est,integrated_volume_aleatoric,65,64.355,0.5897584221697467,0.5838844736818258
coverage_est,integrated_volume_aleatoric,66,65.345,0.5895679199012065,0.5838844736818258
coverage_est,integrated_volume_aleatoric,67,66.335,0.5897419717897159,0.5838844736818258
coverage_est,integrated_volume_aleatoric,68,67.325,0.5898405169712013,0.5838844736818258
coverage_est,integrated_volume_aleatoric,69,68.315,0.5900199213391095,0.5838844736818258
coverage_est,integrated_volume_aleatoric,70,69.30499999999999,0.5901978418317881,0.5838844736818258
coverage_est,integrated_volume_aleatoric,71,70.295,0.5910853862254298,0.5838844736818258
coverage_est,integrated_volume_aleatoric,72,71.285,0.591145566723988,0.5838844736818258
coverage_est,integrated_volume_aleatoric,73,72.275,0.5909006710133348,0.5838844736818258
coverage_est,integrated_volume_aleatoric,74,73.265,0.5911152528411933,0.5838844736818258
coverage_est,integrated_volume_aleatoric,75,74.25500000000001,0.5910302249500259,0.5838844736818258
coverage_est,integrated_volume_aleatoric,76,75.245,0.5907390238010015,0.5838844736818258
coverage_est,integrated_volume_aleatoric,77,76.235,0.5906344768515,0.5838844736818258
coverage_est,integrated_volume_aleatoric,78,77.225,0.5915133250921228,0.5838844736818258
coverage_est,integrated_volume_aleatoric,79,78.215,0.5903922105570288,0.5838844736818258
coverage_est,integrated_volume_aleatoric,80,79.205,0.589897085175956,0.5838844736818258
coverage_est,integrated_volume_aleatoric,81,80.195,0.5885783806277403,0.5838844736818258
coverage_est,integrated_volume_aleatoric,82,81.185,0.5883465643632795,0.5838844736818258
coverage_est,integrated_volume_aleatoric,83,82.175,0.5892327570178916,0.5838844736818258
coverage_est,integrated_volume_aleatoric,84,83.165,0.5892302870880649,0.5838844736818258
coverage_est,integrated_volume_aleatoric,85,84.155,0.5879446626444654,0.5838844736818258
coverage_est,integrated_volume_aleatoric,86,85.14500000000001,0.5882781477065298,0.5838844736818258
coverage_est,integrated_volume_aleatoric,87,86.135,0.5881426342100335,0.5838844736818258
coverage_est,integrated_volume_aleatoric,88,87.125,0.589471016571258,0.5838844736818258
coverage_est,integrated_volume_aleatoric,89,88.115,0.5910472889312202,0.5838844736818258
coverage_est,integrated_volume_aleatoric,90,89.105,0.5894744986937444,0.5838844736818258
coverage_est,integrated_volume_aleatoric,91,90.095,0.5916636558265393,0.5838844736818258
coverage_est,integrated_volume_aleatoric,92,91.08500000000001,0.5921539788593309,0.5838844736818258
coverage_est,integrated_volume_aleatoric,93,92.07499999999999,0.591950053225823,0.5838844736818258
coverage_est,integrated_volume_aleatoric,94,93.065,0.5896343281488661,0.5838844736818258
coverage_est,integrated_volume_aleatoric,95,94.055,0.5885825443761588,0.5838844736818258
coverage_est,integrated_volume_aleatoric,96,95.045,0.589730075939227,0.5838844736818258
coverage_est,integrated_volume_aleatoric,97,96.035,0.5902919973774308,0.5838844736818258
coverage_est,integrated_volume_aleatoric,98,97.025,0.5878084687096459,0.5838844736818258
coverage_est,integrated_volume_aleatoric,99,98.015,0.5849701527657384,0.5838844736818258
coverage_est,integrated_volume_aleatoric,100,99.005,0.5816856343964949,0.5838844736818258
coverage_est,integrated_volume_epistemic,0,0.0,0.5908449862363828,0.5320610224380402
coverage_est,integrated_volume_epistemic,1,0.990000000000002,0.5901873339316257,0.5320610224380402
coverage_est,integrated_volume_epistemic,2,1.980000000000004,0.589707406628217,0.5320610224380402
coverage_est,integrated_volume_epistemic,3,2.969999999999995,0.5890748856203011,0.5320610224380402
coverage_est,integrated_volume_epistemic,4,3.959999999999997,0.5886040694349367,0.5320610224380402
coverage_est,integrated_volume_epistemic,5,4.949999999999999,0.5879821381885038,0.5320610224380402
coverage_est,integrated_volume_epistemic,6,5.940000000000001,0.5874700647803551,0.5320610224380402
coverage_est,integrated_volume_epistemic,7,6.930000000000003,0.5867685406924832,0.5320610224380402
coverage_est,integrated_volume_epistemic,8,7.920000000000005,0.5861172551777055,0.5320610224380402
coverage_est,integrated_volume_epistemic,9,8.909999999999997,0.5853699214188625,0.5320610224380402
coverage_est,integrated_volume_epistemic,10,9.899999999999999,0.5847556990300511,0.5320610224380402
coverage_est,integrated_volume_epistemic,11,10.89,0.5843181895435834,0.5320610224380402
coverage_est,integrated_volume_epistemic,12,11.880000000000003,0.5837671123844904,0.5320610224380402
coverage_est,integrated_volume_epistemic,13,12.870000000000005,0.5831053219333814,0.5320610224380402
coverage_est,integrated_volume_epistemic,14,13.859999999999994,0.5823820871742602,0.5320610224380402
coverage_est,integrated_volume_epistemic,15,14.849999999999996,0.5818583252890285,0.5320610224380402
coverage_est,integrated_volume_epistemic,16,15.839999999999998,0.5811635583923936,0.5320610224380402
coverage_est,integrated_volume_epistemic,17,16.830000000000002,0.5804366576710938,0.5320610224380402
coverage_est,integrated_volume_epistemic,18,17.820000000000004,0.579701341301426,0.5320610224380402
coverage_est,integrated_volume_epistemic,19,18.810000000000006,0.5792422646838161,0.5320610224380402
coverage_est,integrated_volume_epistemic,20,19.799999999999997,0.5784915935495163,0.5320610224380402
coverage_est,integrated_volume_epistemic,21,20.79,0.5777015294418675,0.5320610224380402
coverage_est,integrated_volume_epistemic,22,21.78,0.5767969146417417,0.5320610224380402
coverage_est,integrated_volume_epistemic,23,22.770000000000003,0.5758630781603471,0.5320610224380402
coverage_est,integrated_volume_epistemic,24,23.760000000000005,0.574992898565626,0.5320610224380402
coverage_est,integrated_volume_epistemic,25,24.750000000000007,0.5740150449101594,0.5320610224380402
coverage_est,integrated_volume_epistemic,26,25.739999999999995,0.5733170942730181,0.5320610224380402
coverage_est,integrated_volume_epistemic,27,26.729999999999997,0.5722459176441852,0.5320610224380402
coverage_est,integrated_volume_epistemic,28,27.72,0.5712301066226262,0.5320610224380402
coverage_est,integrated_volume_epistemic,29,28.71,0.5700504640234804,0.5320610224380402
coverage_est,integrated_volume_epistemic,30,29.700000000000003,0.5692796793878743,0.5320610224380402
coverage_est,integrated_volume_epistemic,31,30.689999999999994,0.5684654967988046,0.5320610224380402
coverage_est,integrated_volume_epistemic,32,31.679999999999996,0.5675069068587778,0.5320610224380402
coverage_est,integrated_volume_epistemic,33,32.67,0.5662732708742866,0.5320610224380402
coverage_est,integrated_volume_epistemic,34,33.660000000000004,0.565127702231343,0.5320610224380402
coverage_est,integrated_volume_epistemic,35,34.650000000000006,0.5638744691988682,0.5320610224380402
coverage_est,integrated_volume_epistemic,36,35.64000000000001,0.5627083188587237,0.5320610224380402
coverage_est,integrated_volume_epistemic,37,36.629999999999995,0.5613607302962735,0.5320610224380402
coverage_est,integrated_volume_epistemic,38,37.62,0.5601210924301764,0.5320610224380402
coverage_est,integrated_volume_epistemic,39,38.61,0.5585583261322498,0.5320610224380402
coverage_est,integrated_volume_epistemic,40,39.6,0.5571786506254519,0.5320610224380402
coverage_est,integrated_volume_epistemic,41,40.59,0.5560043435978048,0.5320610224380402
coverage_est,integrated_volume_epistemic,42,41.58,0.5548264972706598,0.5320610224380402
coverage_est,integrated_volume_epistemic,43,42.56999999999999,0.5535299297543754,0.5320610224380402
coverage_est,integrated_volume_epistemic,44,43.56,0.5517752282876154,0.5320610224380402
coverage_est,integrated_volume_epistemic,45,44.55,0.5500425996295923,0.5320610224380402
coverage_est,integrated_volume_epistemic,46,45.540000000000006,0.5486082208782171,0.5320610224380402
coverage_est,integrated_volume_epistemic,47,46.53,0.5470997744519598,0.5320610224380402
coverage_est,integrated_volume_epistemic,48,47.519999999999996,0.5453582293886192,0.5320610224380402
coverage_est,integrated_volume_epistemic,49,48.51,0.5433236581336878,0.5320610224380402
coverage_est,integrated_volume_epistemic,50,49.5,0.5415105665086528,0.5320610224380402
coverage_est,integrated_volume_epistemic,51,50.495000000000005,0.5400194821610447,0.5320610224380402
coverage_est,integrated_volume_epistemic,52,51.485,0.5380377226342583,0.5320610224380402
coverage_est,integrated_volume_epistemic,53,52.47500000000001,0.5363605685665364,0.5320610224380402
coverage_est,integrated_volume_epistemic,54,53.465,0.5342724295399319,0.5320610224380402
coverage_est,integrated_volume_epistemic,55,54.455,0.5324501340046097,0.5320610224380402
coverage_est,integrated_volume_epistemic,56,55.445,0.530306166209445,0.5320610224380402
coverage_est,integrated_volume_epistemic,57,56.435,0.5278959497989587,0.5320610224380402
coverage_est,integrated_volume_epistemic,58,57.42499999999999,0.5254386871952473,0.5320610224380402
coverage_est,integrated_volume_epistemic,59,58.41499999999999,0.5229583114357684,0.5320610224380402
coverage_est,integrated_volume_epistemic,60,59.404999999999994,0.5198809110423342,0.5320610224380402
coverage_est,integrated_volume_epistemic,61,60.394999999999996,0.5173622531323264,0.5320610224380402
coverage_est,integrated_volume_epistemic,62,61.385,0.5145352360233335,0.5320610224380402
coverage_est,integrated_volume_epistemic,63,62.375,0.5120406087009053,0.5320610224380402
coverage_est,integrated_volume_epistemic,64,63.365,0.5099452506529524,0.5320610224380402
coverage_est,integrated_volume_epistemic,65,64.355,0.5084290892494693,0.5320610224380402
coverage_est,integrated_volume_epistemic,66,65.345,0.5055145168488798,0.5320610224380402
coverage_est,integrated_volume_epistemic,67,66.335,0.5038229217923667,0.5320610224380402
coverage_est,integrated_volume_epistemic,68,67.325,0.5015599757970387,0.5320610224380402
coverage_est,integrated_volume_epistemic,69,68.315,0.499656133387172,0.5320610224380402
coverage_est,integrated_volume_epistemic,70,69.30499999999999,0.49846981183018746,0.5320610224380402
coverage_est,integrated_volume_epistemic,71,70.295,0.49671939131013626,0.5320610224380402
coverage_est,integrated_volume_epistemic,72,71.285,0.495166394064657,0.5320610224380402
coverage_est,integrated_volume_epistemic,73,72.275,0.4938330641554403,0.5320610224380402
coverage_est,integrated_volume_epistemic,74,73.265,0.49367799459432626,0.5320610224380402
coverage_est,integrated_volume_epistemic,75,74.25500000000001,0.49400413420961853,0.5320610224380402
coverage_est,integrated_volume_epistemic,76,75.245,0.49327711490612147,0.5320610224380402
coverage_est,integrated_volume_epistemic,77,76.235,0.4941296446924879,0.5320610224380402
coverage_est,integrated_volume_epistemic,78,77.225,0.493113515806941,0.5320610224380402
coverage_est,integrated_volume_epistemic,79,78.215,0.4926747234427725,0.5320610224380402
coverage_est,integrated_volume_epistemic,80,79.205,0.4932585303376307,0.5320610224380402
coverage_est,integrated_volume_epistemic,81,80.195,0.49366317634035173,0.5320610224380402
coverage_est,integrated_volume_epistemic,82,81.185,0.4922337670699643,0.5320610224380402
coverage_est,integrated_volume_epistemic,83,82.175,0.493075945348853,0.5320610224380402
coverage_est,integrated_volume_epistemic,84,83.165,0.4927744944369576,0.5320610224380402
coverage_est,integrated_volume_epistemic,85,84.155,0.4938949799765765,0.5320610224380402
coverage_est,integrated_volume_epistemic,86,85.14500000000001,0.49395072337809964,0.5320610224380402
coverage_est,integrated_volume_epistemic,87,86.135,0.49387012376779393,0.5320610224380402
coverage_est,integrated_volume_epistemic,88,87.125,0.49461307374511565,0.5320610224380402
coverage_est,integrated_volume_epistemic,89,88.115,0.4952360716194241,0.5320610224380402
coverage_est,integrated_volume_epistemic,90,89.105,0.4925074090234573,0.5320610224380402
coverage_est,integrated_volume_epistemic,91,90.095,0.49405869684741166,0.5320610224380402
coverage_est,integrated_volume_epistemic,92,91.08500000000001,0.4911459051792847,0.5320610224380402
coverage_est,integrated_volume_epistemic,93,92.07499999999999,0.4896727193266625,0.5320610224380402
coverage_est,integrated_volume_epistemic,94,93.065,0.4903131316170624,0.5320610224380402
coverage_est,integrated_volume_epistemic,95,94.055,0.4914476146149516,0.5320610224380402
coverage_est,integrated_volume_epistemic,96,95.045,0.4894033642461479,0.5320610224380402
coverage_est,integrated_volume_epistemic,97,96.035,0.48266869873163526,0.5320610224380402
coverage_est,integrated_volume_epistemic,98,97.025,0.48168209443332677,0.5320610224380402
coverage_est,integrated_volume_epistemic,99,98.015,0.485134400067157,0.5320610224380402
coverage_est,integrated_volume_epistemic,100,99.005,0.4919528528061979,0.5320610224380402
