metric,measure,point_index,abstention,risk,aurc
moae,differential_entropy_total,0,0.0,0.45194296120127747,0.4503575018913829
moae,differential_entropy_total,1,0.9499999999999953,0.4513834381856514,0.4503575018913829
moae,differential_entropy_total,2,1.9499999999999962,0.4508154908625527,0.4503575018913829
moae,differential_entropy_total,3,2.949999999999997,0.45094171157360013,0.4503575018913829
moae,differential_entropy_total,4,3.949999999999998,0.4504986945832837,0.4503575018913829
moae,differential_entropy_total,5,4.949999999999999,0.4503478068292542,0.4503575018913829
moae,differential_entropy_total,6,5.900000000000006,0.4500000483621182,0.4503575018913829
moae,differential_entropy_total,7,6.899999999999995,0.4495866386937361,0.4503575018913829
moae,differential_entropy_total,8,7.899999999999996,0.4492233378197109,0.4503575018913829
moae,differential_entropy_total,9,8.899999999999997,0.4493842771278155,0.4503575018913829
moae,differential_entropy_total,10,9.899999999999999,0.44913704904886625,0.4503575018913829
moae,differential_entropy_total,11,10.850000000000005,0.44910304662388034,0.4503575018913829
moae,differential_entropy_total,12,11.850000000000005,0.4477726386332618,0.4503575018913829
moae,differential_entropy_total,13,12.849999999999994,0.447581108790104,0.4503575018913829
moae,differential_entropy_total,14,13.849999999999996,0.447841172192159,0.4503575018913829
moae,differential_entropy_total,15,14.849999999999996,0.44744389251090266,0.4503575018913829
moae,differential_entropy_total,16,15.800000000000002,0.4470960453756976,0.4503575018913829
moae,differential_entropy_total,17,16.800000000000004,0.4468271340284166,0.4503575018913829
moae,differential_entropy_total,18,17.800000000000004,0.4464009727316723,0.4503575018913829
moae,differential_entropy_total,19,18.799999999999994,0.4449696634584754,0.4503575018913829
moae,differential_entropy_total,20,19.799999999999997,0.4441399646049462,0.4503575018913829
moae,differential_entropy_total,21,20.75,0.44367237653982816,0.4503575018913829
moae,differential_entropy_total,22,21.750000000000004,0.4430021144463157,0.4503575018913829
moae,differential_entropy_total,23,22.750000000000004,0.4424059909414464,0.4503575018913829
moae,differential_entropy_total,24,23.750000000000004,0.44161783997015386,0.4503575018913829
moae,differential_entropy_total,25,24.750000000000007,0.4413150372945178,0.4503575018913829
moae,differential_entropy_total,26,25.7,0.4404197710305854,0.4503575018913829
moae,differential_entropy_total,27,26.700000000000003,0.4397178906540475,0.4503575018913829
moae,differential_entropy_total,28,27.700000000000003,0.4386556689961988,0.4503575018913829
moae,differential_entropy_total,29,28.700000000000003,0.43858324423341377,0.4503575018913829
moae,differential_entropy_total,30,29.700000000000003,0.4381901511536032,0.4503575018913829
moae,differential_entropy_total,31,30.65,0.43762119808634975,0.4503575018913829
moae,differential_entropy_total,32,31.65,0.4364431262605582,0.4503575018913829
moae,differential_entropy_total,33,32.65,0.43658626788928595,0.4503575018913829
moae,differential_entropy_total,34,33.650000000000006,0.4356173101839275,0.4503575018913829
moae,differential_entropy_total,35,34.650000000000006,0.43491548659865503,0.4503575018913829
moae,differential_entropy_total,36,35.6,0.43682501221609704,0.4503575018913829
moae,differential_entropy_total,37,36.6,0.4365528776561753,0.4503575018913829
moae,differential_entropy_total,38,37.6,0.43661891043219686,0.4503575018913829
moae,differential_entropy_total,39,38.6,0.4395798304561213,0.4503575018913829
moae,differential_entropy_total,40,39.6,0.4401352863367345,0.4503575018913829
moae,differential_entropy_total,41,40.55,0.4426544827365125,0.4503575018913829
moae,differential_entropy_total,42,41.55,0.44313441452012986,0.4503575018913829
moae,differential_entropy_total,43,42.55,0.4437954726199921,0.4503575018913829
moae,differential_entropy_total,44,43.55,0.44387704590436616,0.4503575018913829
moae,differential_entropy_total,45,44.55,0.44550279128600173,0.4503575018913829
moae,differential_entropy_total,46,45.49999999999999,0.4463216520775896,0.4503575018913829
moae,differential_entropy_total,47,46.5,0.44574984537308665,0.4503575018913829
moae,differential_entropy_total,48,47.5,0.44744183246466285,0.4503575018913829
moae,differential_entropy_total,49,48.5,0.44986403438705164,0.4503575018913829
moae,differential_entropy_total,50,49.5,0.45011503192511054,0.4503575018913829
moae,differential_entropy_total,51,50.449999999999996,0.45143371902402724,0.4503575018913829
moae,differential_entropy_total,52,51.449999999999996,0.4524603773567351,0.4503575018913829
moae,differential_entropy_total,53,52.449999999999996,0.4548604202382997,0.4503575018913829
moae,differential_entropy_total,54,53.449999999999996,0.4548651014459084,0.4503575018913829
moae,differential_entropy_total,55,54.449999999999996,0.455942677404222,0.4503575018913829
moae,differential_entropy_total,56,55.400000000000006,0.45606592305231153,0.4503575018913829
moae,differential_entropy_total,57,56.400000000000006,0.45560781022817987,0.4503575018913829
moae,differential_entropy_total,58,57.400000000000006,0.4587659151021053,0.4503575018913829
moae,differential_entropy_total,59,58.400000000000006,0.4589176810311834,0.4503575018913829
moae,differential_entropy_total,60,59.4,0.4579628073357161,0.4503575018913829
moae,differential_entropy_total,61,60.349999999999994,0.4596188969953534,0.4503575018913829
moae,differential_entropy_total,62,61.349999999999994,0.46076096158500535,0.4503575018913829
moae,differential_entropy_total,63,62.349999999999994,0.4602388677282833,0.4503575018913829
moae,differential_entropy_total,64,63.349999999999994,0.4602072194733503,0.4503575018913829
moae,differential_entropy_total,65,64.35,0.46468741200079466,0.4503575018913829
moae,differential_entropy_total,66,65.3,0.4664789880759015,0.4503575018913829
moae,differential_entropy_total,67,66.3,0.46782158814189967,0.4503575018913829
moae,differential_entropy_total,68,67.30000000000001,0.46923480255018163,0.4503575018913829
moae,differential_entropy_total,69,68.30000000000001,0.4679327297438621,0.4503575018913829
moae,differential_entropy_total,70,69.30000000000001,0.4701589601925528,0.4503575018913829
moae,differential_entropy_total,71,70.25,0.4734937379085443,0.4503575018913829
moae,differential_entropy_total,72,71.25,0.47200165414408524,0.4503575018913829
moae,differential_entropy_total,73,72.24999999999999,0.47389199159795525,0.4503575018913829
moae,differential_entropy_total,74,73.25,0.47438941816833735,0.4503575018913829
moae,differential_entropy_total,75,74.25,0.47543083954080795,0.4503575018913829
moae,differential_entropy_total,76,75.2,0.4734954800686125,0.4503575018913829
moae,differential_entropy_total,77,76.2,0.47328347655601777,0.4503575018913829
moae,differential_entropy_total,78,77.2,0.47322574110434107,0.4503575018913829
moae,differential_entropy_total,79,78.2,0.47196885441737163,0.4503575018913829
moae,differential_entropy_total,80,79.2,0.472176226118345,0.4503575018913829
moae,differential_entropy_total,81,80.15,0.4697632417813614,0.4503575018913829
moae,differential_entropy_total,82,81.15,0.4693971255869435,0.4503575018913829
moae,differential_entropy_total,83,82.15,0.46847825803243515,0.4503575018913829
moae,differential_entropy_total,84,83.15,0.4683488652723346,0.4503575018913829
moae,differential_entropy_total,85,84.15,0.4718621594111596,0.4503575018913829
moae,differential_entropy_total,86,85.1,0.47304886464843854,0.4503575018913829
moae,differential_entropy_total,87,86.1,0.4708398445322794,0.4503575018913829
moae,differential_entropy_total,88,87.1,0.47139707906709777,0.4503575018913829
moae,differential_entropy_total,89,88.1,0.46894614573740956,0.4503575018913829
moae,differential_entropy_total,90,89.1,0.4666883445497058,0.4503575018913829
moae,differential_entropy_total,91,90.05,0.46405421691834114,0.4503575018913829
moae,differential_entropy_total,92,91.05,0.46689530327702755,0.4503575018913829
moae,differential_entropy_total,93,92.05,0.4654146453183973,0.4503575018913829
moae,differential_entropy_total,94,93.05,0.46467816901020165,0.4503575018913829
moae,differential_entropy_total,95,94.05,0.4623271832895401,0.4503575018913829
moae,differential_entropy_total,96,95.0,0.46864398700015075,0.4503575018913829
moae,differential_entropy_total,97,96.0,0.4631353472351508,0.4503575018913829
moae,differential_entropy_total,98,97.0,0.45935563815537633,0.4503575018913829
moae,differential_entropy_total,99,98.0,0.472660528042132,0.4503575018913829
moae,differential_entropy_total,100,99.0,0.4676555230371271,0.4503575018913829
moae,differential_entropy_aleatoric,0,0.0,0.45194296120127747,0.4484274240380794
moae,differential_entropy_aleatoric,1,0.9499999999999953,0.4513834381856514,0.4484274240380794
moae,differential_entropy_aleatoric,2,1.9499999999999962,0.4508154908625527,0.4484274240380794
moae,differential_entropy_aleatoric,3,2.949999999999997,0.45094171157360013,0.4484274240380794
moae,differential_entropy_aleatoric,4,3.949999999999998,0.4504986945832837,0.4484274240380794
moae,differential_entropy_aleatoric,5,4.949999999999999,0.4503478068292542,0.4484274240380794
moae,differential_entropy_aleatoric,6,5.900000000000006,0.4500000483621182,0.4484274240380794
moae,differential_entropy_aleatoric,7,6.899999999999995,0.4495866386937361,0.4484274240380794
moae,differential_entropy_aleatoric,8,7.899999999999996,0.4492233378197109,0.4484274240380794
moae,differential_entropy_aleatoric,9,8.899999999999997,0.4493842771278155,0.4484274240380794
moae,differential_entropy_aleatoric,10,9.899999999999999,0.4491370490488663,0.4484274240380794
moae,differential_entropy_aleatoric,11,10.850000000000005,0.44910304662388034,0.4484274240380794
moae,differential_entropy_aleatoric,12,11.850000000000005,0.4477726386332618,0.4484274240380794
moae,differential_entropy_aleatoric,13,12.849999999999994,0.447581108790104,0.4484274240380794
moae,differential_entropy_aleatoric,14,13.849999999999996,0.447841172192159,0.4484274240380794
moae,differential_entropy_aleatoric,15,14.849999999999996,0.4474438925109026,0.4484274240380794
moae,differential_entropy_aleatoric,16,15.800000000000002,0.4470960453756976,0.4484274240380794
moae,differential_entropy_aleatoric,17,16.800000000000004,0.4468271340284166,0.4484274240380794
moae,differential_entropy_aleatoric,18,17.800000000000004,0.4464009727316723,0.4484274240380794
moae,differential_entropy_aleatoric,19,18.799999999999994,0.4449696634584754,0.4484274240380794
moae,differential_entropy_aleatoric,20,19.799999999999997,0.4441399646049462,0.4484274240380794
moae,differential_entropy_aleatoric,21,20.75,0.44367237653982816,0.4484274240380794
moae,differential_entropy_aleatoric,22,21.750000000000004,0.4430021144463157,0.4484274240380794
moae,differential_entropy_aleatoric,23,22.750000000000004,0.44240599094144634,0.4484274240380794
moae,differential_entropy_aleatoric,24,23.750000000000004,0.44161783997015386,0.4484274240380794
moae,differential_entropy_aleatoric,25,24.750000000000007,0.4413150372945178,0.4484274240380794
moae,differential_entropy_aleatoric,26,25.7,0.4404197710305854,0.4484274240380794
moae,differential_entropy_aleatoric,27,26.700000000000003,0.4397178906540475,0.4484274240380794
moae,differential_entropy_aleatoric,28,27.700000000000003,0.4386556689961988,0.4484274240380794
moae,differential_entropy_aleatoric,29,28.700000000000003,0.43858324423341377,0.4484274240380794
moae,differential_entropy_aleatoric,30,29.700000000000003,0.4381901511536032,0.4484274240380794
moae,differential_entropy_aleatoric,31,30.65,0.43762119808634975,0.4484274240380794
moae,differential_entropy_aleatoric,32,31.65,0.4364431262605583,0.4484274240380794
moae,differential_entropy_aleatoric,33,32.65,0.43658626788928595,0.4484274240380794
moae,differential_entropy_aleatoric,34,33.650000000000006,0.4356173101839275,0.4484274240380794
moae,differential_entropy_aleatoric,35,34.650000000000006,0.43491548659865503,0.4484274240380794
moae,differential_entropy_aleatoric,36,35.6,0.43682501221609704,0.4484274240380794
moae,differential_entropy_aleatoric,37,36.6,0.4365528776561753,0.4484274240380794
moae,differential_entropy_aleatoric,38,37.6,0.43661891043219686,0.4484274240380794
moae,differential_entropy_aleatoric,39,38.6,0.4395798304561213,0.4484274240380794
moae,differential_entropy_aleatoric,40,39.6,0.4401352863367344,0.4484274240380794
moae,differential_entropy_aleatoric,41,40.55,0.4426544827365125,0.4484274240380794
moae,differential_entropy_aleatoric,42,41.55,0.44313441452012986,0.4484274240380794
moae,differential_entropy_aleatoric,43,42.55,0.4437954726199921,0.4484274240380794
moae,differential_entropy_aleatoric,44,43.55,0.44387704590436616,0.4484274240380794
moae,differential_entropy_aleatoric,45,44.55,0.4455027912860018,0.4484274240380794
moae,differential_entropy_aleatoric,46,45.49999999999999,0.44632165207758956,0.4484274240380794
moae,differential_entropy_aleatoric,47,46.5,0.44574984537308665,0.4484274240380794
moae,differential_entropy_aleatoric,48,47.5,0.4474418324646628,0.4484274240380794
moae,differential_entropy_aleatoric,49,48.5,0.44986403438705164,0.4484274240380794
moae,differential_entropy_aleatoric,50,49.5,0.45011503192511054,0.4484274240380794
moae,differential_entropy_aleatoric,51,50.449999999999996,0.45143371902402724,0.4484274240380794
moae,differential_entropy_aleatoric,52,51.449999999999996,0.4524603773567351,0.4484274240380794
moae,differential_entropy_aleatoric,53,52.449999999999996,0.4548604202382997,0.4484274240380794
moae,differential_entropy_aleatoric,54,53.449999999999996,0.45486510144590847,0.4484274240380794
moae,differential_entropy_aleatoric,55,54.449999999999996,0.455942677404222,0.4484274240380794
moae,differential_entropy_aleatoric,56,55.400000000000006,0.45606592305231164,0.4484274240380794
moae,differential_entropy_aleatoric,57,56.400000000000006,0.45560781022817987,0.4484274240380794
moae,differential_entropy_aleatoric,58,57.400000000000006,0.4587659151021052,0.4484274240380794
moae,differential_entropy_aleatoric,59,58.400000000000006,0.4589176810311834,0.4484274240380794
moae,differential_entropy_aleatoric,60,59.4,0.4579628073357161,0.4484274240380794
moae,differential_entropy_aleatoric,61,60.349999999999994,0.4596188969953534,0.4484274240380794
moae,differential_entropy_aleatoric,62,61.349999999999994,0.46076096158500546,0.4484274240380794
moae,differential_entropy_aleatoric,63,62.349999999999994,0.4602388677282833,0.4484274240380794
moae,differential_entropy_aleatoric,64,63.349999999999994,0.4602072194733504,0.4484274240380794
moae,differential_entropy_aleatoric,65,64.35,0.46468741200079466,0.4484274240380794
moae,differential_entropy_aleatoric,66,65.3,0.46870203597984855,0.4484274240380794
moae,differential_entropy_aleatoric,67,66.3,0.46892247010709026,0.4484274240380794
moae,differential_entropy_aleatoric,68,67.30000000000001,0.47135275743209987,0.4484274240380794
moae,differential_entropy_aleatoric,69,68.30000000000001,0.4711595485978609,0.4484274240380794
moae,differential_entropy_aleatoric,70,69.30000000000001,0.46876915785041195,0.4484274240380794
moae,differential_entropy_aleatoric,71,70.25,0.46849085645645294,0.4484274240380794
moae,differential_entropy_aleatoric,72,71.25,0.4657432388598893,0.4484274240380794
moae,differential_entropy_aleatoric,73,72.24999999999999,0.4668556715840785,0.4484274240380794
moae,differential_entropy_aleatoric,74,73.25,0.4670877147823572,0.4484274240380794
moae,differential_entropy_aleatoric,75,74.25,0.46458504228724373,0.4484274240380794
moae,differential_entropy_aleatoric,76,75.2,0.46626798553760174,0.4484274240380794
moae,differential_entropy_aleatoric,77,76.2,0.4660440840118184,0.4484274240380794
moae,differential_entropy_aleatoric,78,77.2,0.46614902107228756,0.4484274240380794
moae,differential_entropy_aleatoric,79,78.2,0.46613158388953224,0.4484274240380794
moae,differential_entropy_aleatoric,80,79.2,0.4649033164293582,0.4484274240380794
moae,differential_entropy_aleatoric,81,80.15,0.4657636193617889,0.4484274240380794
moae,differential_entropy_aleatoric,82,81.15,0.46693441167790567,0.4484274240380794
moae,differential_entropy_aleatoric,83,82.15,0.4672830509192445,0.4484274240380794
moae,differential_entropy_aleatoric,84,83.15,0.46584262802534937,0.4484274240380794
moae,differential_entropy_aleatoric,85,84.15,0.46635584126246893,0.4484274240380794
moae,differential_entropy_aleatoric,86,85.1,0.46531039681724545,0.4484274240380794
moae,differential_entropy_aleatoric,87,86.1,0.46249067683974493,0.4484274240380794
moae,differential_entropy_aleatoric,88,87.1,0.46037830835840454,0.4484274240380794
moae,differential_entropy_aleatoric,89,88.1,0.45876790026504644,0.4484274240380794
moae,differential_entropy_aleatoric,90,89.1,0.4612528294461537,0.4484274240380794
moae,differential_entropy_aleatoric,91,90.05,0.46101092337165017,0.4484274240380794
moae,differential_entropy_aleatoric,92,91.05,0.46014966238211213,0.4484274240380794
moae,differential_entropy_aleatoric,93,92.05,0.4591976440368416,0.4484274240380794
moae,differential_entropy_aleatoric,94,93.05,0.4541099410659726,0.4484274240380794
moae,differential_entropy_aleatoric,95,94.05,0.45267454997922474,0.4484274240380794
moae,differential_entropy_aleatoric,96,95.0,0.45256528579424815,0.4484274240380794
moae,differential_entropy_aleatoric,97,96.0,0.4620559897467917,0.4484274240380794
moae,differential_entropy_aleatoric,98,97.0,0.45624815983589584,0.4484274240380794
moae,differential_entropy_aleatoric,99,98.0,0.45498629754989806,0.4484274240380794
moae,differential_entropy_aleatoric,100,99.0,0.4703451000906972,0.4484274240380794
moae,differential_entropy_epistemic,0,0.0,0.45194296120127747,0.45697085898249284
moae,differential_entropy_epistemic,1,0.9499999999999953,0.451730839954186,0.45697085898249284
moae,differential_entropy_epistemic,2,1.9499999999999962,0.4516035085336056,0.45697085898249284
moae,differential_entropy_epistemic,3,2.949999999999997,0.45160701304315537,0.45697085898249284
moae,differential_entropy_epistemic,4,3.949999999999998,0.4509084231311823,0.45697085898249284
moae,differential_entropy_epistemic,5,4.949999999999999,0.45079869530385247,0.45697085898249284
moae,differential_entropy_epistemic,6,5.900000000000006,0.45064430156901564,0.45697085898249284
moae,differential_entropy_epistemic,7,6.899999999999995,0.4505247464042263,0.45697085898249284
moae,differential_entropy_epistemic,8,7.899999999999996,0.45010031520482313,0.45697085898249284
moae,differential_entropy_epistemic,9,8.899999999999997,0.44939462004642666,0.45697085898249284
moae,differential_entropy_epistemic,10,9.899999999999999,0.4502175129766557,0.45697085898249284
moae,differential_entropy_epistemic,11,10.850000000000005,0.44991783294825766,0.45697085898249284
moae,differential_entropy_epistemic,12,11.850000000000005,0.4497606116610808,0.45697085898249284
moae,differential_entropy_epistemic,13,12.849999999999994,0.4493758174413132,0.45697085898249284
moae,differential_entropy_epistemic,14,13.849999999999996,0.4488114162622619,0.45697085898249284
moae,differential_entropy_epistemic,15,14.849999999999996,0.4486569649796043,0.45697085898249284
moae,differential_entropy_epistemic,16,15.800000000000002,0.44875299609159375,0.45697085898249284
moae,differential_entropy_epistemic,17,16.800000000000004,0.4487431184024396,0.45697085898249284
moae,differential_entropy_epistemic,18,17.800000000000004,0.44837832398838134,0.45697085898249284
moae,differential_entropy_epistemic,19,18.799999999999994,0.4479937608618928,0.45697085898249284
moae,differential_entropy_epistemic,20,19.799999999999997,0.4478094450570299,0.45697085898249284
moae,differential_entropy_epistemic,21,20.75,0.44725871944228907,0.45697085898249284
moae,differential_entropy_epistemic,22,21.750000000000004,0.4462489166777563,0.45697085898249284
moae,differential_entropy_epistemic,23,22.750000000000004,0.44539762717205184,0.45697085898249284
moae,differential_entropy_epistemic,24,23.750000000000004,0.4456275472168442,0.45697085898249284
moae,differential_entropy_epistemic,25,24.750000000000007,0.4454886135273097,0.45697085898249284
moae,differential_entropy_epistemic,26,25.7,0.44526812941474964,0.45697085898249284
moae,differential_entropy_epistemic,27,26.700000000000003,0.44588791022902174,0.45697085898249284
moae,differential_entropy_epistemic,28,27.700000000000003,0.4453852021580522,0.45697085898249284
moae,differential_entropy_epistemic,29,28.700000000000003,0.44584413692644054,0.45697085898249284
moae,differential_entropy_epistemic,30,29.700000000000003,0.4470556360527488,0.45697085898249284
moae,differential_entropy_epistemic,31,30.65,0.4467416499706827,0.45697085898249284
moae,differential_entropy_epistemic,32,31.65,0.44778666822595714,0.45697085898249284
moae,differential_entropy_epistemic,33,32.65,0.4471228846436775,0.45697085898249284
moae,differential_entropy_epistemic,34,33.650000000000006,0.4477902800605889,0.45697085898249284
moae,differential_entropy_epistemic,35,34.650000000000006,0.44698849284573844,0.45697085898249284
moae,differential_entropy_epistemic,36,35.6,0.447729670326332,0.45697085898249284
moae,differential_entropy_epistemic,37,36.6,0.4484653128001046,0.45697085898249284
moae,differential_entropy_epistemic,38,37.6,0.44947821821347783,0.45697085898249284
moae,differential_entropy_epistemic,39,38.6,0.4482151923204462,0.45697085898249284
moae,differential_entropy_epistemic,40,39.6,0.4485438255833916,0.45697085898249284
moae,differential_entropy_epistemic,41,40.55,0.45086801590400244,0.45697085898249284
moae,differential_entropy_epistemic,42,41.55,0.45308113270427336,0.45697085898249284
moae,differential_entropy_epistemic,43,42.55,0.45459158508879227,0.45697085898249284
moae,differential_entropy_epistemic,44,43.55,0.45612341848901866,0.45697085898249284
moae,differential_entropy_epistemic,45,44.55,0.4552881362739854,0.45697085898249284
moae,differential_entropy_epistemic,46,45.49999999999999,0.45613526812112015,0.45697085898249284
moae,differential_entropy_epistemic,47,46.5,0.45628476874887564,0.45697085898249284
moae,differential_entropy_epistemic,48,47.5,0.4573909109180747,0.45697085898249284
moae,differential_entropy_epistemic,49,48.5,0.45837238097987015,0.45697085898249284
moae,differential_entropy_epistemic,50,49.5,0.45954140408423366,0.45697085898249284
moae,differential_entropy_epistemic,51,50.449999999999996,0.45962922042353116,0.45697085898249284
moae,differential_entropy_epistemic,52,51.449999999999996,0.46000383997002126,0.45697085898249284
moae,differential_entropy_epistemic,53,52.449999999999996,0.46138232073523133,0.45697085898249284
moae,differential_entropy_epistemic,54,53.449999999999996,0.46213459956441905,0.45697085898249284
moae,differential_entropy_epistemic,55,54.449999999999996,0.46197219440316906,0.45697085898249284
moae,differential_entropy_epistemic,56,55.400000000000006,0.4613065237401581,0.45697085898249284
moae,differential_entropy_epistemic,57,56.400000000000006,0.4607634622670794,0.45697085898249284
moae,differential_entropy_epistemic,58,57.400000000000006,0.4639823991918288,0.45697085898249284
moae,differential_entropy_epistemic,59,58.400000000000006,0.4666041270314561,0.45697085898249284
moae,differential_entropy_epistemic,60,59.4,0.46940281877572754,0.45697085898249284
moae,differential_entropy_epistemic,61,60.349999999999994,0.4729881715023225,0.45697085898249284
moae,differential_entropy_epistemic,62,61.349999999999994,0.4746007722871185,0.45697085898249284
moae,differential_entropy_epistemic,63,62.349999999999994,0.47465730083465224,0.45697085898249284
moae,differential_entropy_epistemic,64,63.349999999999994,0.47423726281755446,0.45697085898249284
moae,differential_entropy_epistemic,65,64.35,0.4720826258690298,0.45697085898249284
moae,differential_entropy_epistemic,66,65.3,0.47081330769865937,0.45697085898249284
moae,differential_entropy_epistemic,67,66.3,0.47098501804175724,0.45697085898249284
moae,differential_entropy_epistemic,68,67.30000000000001,0.4747946812376448,0.45697085898249284
moae,differential_entropy_epistemic,69,68.30000000000001,0.47759347369192534,0.45697085898249284
moae,differential_entropy_epistemic,70,69.30000000000001,0.47814951043595066,0.45697085898249284
moae,differential_entropy_epistemic,71,70.25,0.4802463341199378,0.45697085898249284
moae,differential_entropy_epistemic,72,71.25,0.4800423674685558,0.45697085898249284
moae,differential_entropy_epistemic,73,72.24999999999999,0.48024753011265875,0.45697085898249284
moae,differential_entropy_epistemic,74,73.25,0.4816514309317491,0.45697085898249284
moae,differential_entropy_epistemic,75,74.25,0.4812206813270777,0.45697085898249284
moae,differential_entropy_epistemic,76,75.2,0.4797568706965202,0.45697085898249284
moae,differential_entropy_epistemic,77,76.2,0.47892471464639974,0.45697085898249284
moae,differential_entropy_epistemic,78,77.2,0.47772873368540525,0.45697085898249284
moae,differential_entropy_epistemic,79,78.2,0.4800246311853334,0.45697085898249284
moae,differential_entropy_epistemic,80,79.2,0.47955452136544924,0.45697085898249284
moae,differential_entropy_epistemic,81,80.15,0.48121371404606156,0.45697085898249284
moae,differential_entropy_epistemic,82,81.15,0.47934088632879596,0.45697085898249284
moae,differential_entropy_epistemic,83,82.15,0.478383299495305,0.45697085898249284
moae,differential_entropy_epistemic,84,83.15,0.4786264378092807,0.45697085898249284
moae,differential_entropy_epistemic,85,84.15,0.4760503875556307,0.45697085898249284
moae,differential_entropy_epistemic,86,85.1,0.4761310525504949,0.45697085898249284
moae,differential_entropy_epistemic,87,86.1,0.4753589989479546,0.45697085898249284
moae,differential_entropy_epistemic,88,87.1,0.47324027343445013,0.45697085898249284
moae,differential_entropy_epistemic,89,88.1,0.47360965947030415,0.45697085898249284
moae,differential_entropy_epistemic,90,89.1,0.4790402358940386,0.45697085898249284
moae,differential_entropy_epistemic,91,90.05,0.48116304660276893,0.45697085898249284
moae,differential_entropy_epistemic,92,91.05,0.4872508543588357,0.45697085898249284
moae,differential_entropy_epistemic,93,92.05,0.4838214631442848,0.45697085898249284
moae,differential_entropy_epistemic,94,93.05,0.48052135032100884,0.45697085898249284
moae,differential_entropy_epistemic,95,94.05,0.4786460231377917,0.45697085898249284
moae,differential_entropy_epistemic,96,95.0,0.4677307452649909,0.45697085898249284
moae,differential_entropy_epistemic,97,96.0,0.46968886763407236,0.45697085898249284
moae,differential_entropy_epistemic,98,97.0,0.47157594678794895,0.45697085898249284
moae,differential_entropy_epistemic,99,98.0,0.46709233734673994,0.45697085898249284
moae,differential_entropy_epistemic,100,99.0,0.4295547998092024,0.45697085898249284
moae,variance_total,0,0.0,0.45194296120127747,0.4503575018913829
moae,variance_total,1,0.9499999999999953,0.4513834381856514,0.4503575018913829
moae,variance_total,2,1.9499999999999962,0.4508154908625527,0.4503575018913829
moae,variance_total,3,2.949999999999997,0.45094171157360013,0.4503575018913829
moae,variance_total,4,3.949999999999998,0.4504986945832837,0.4503575018913829
moae,variance_total,5,4.949999999999999,0.4503478068292542,0.4503575018913829
moae,variance_total,6,5.900000000000006,0.4500000483621182,0.4503575018913829
moae,variance_total,7,6.899999999999995,0.4495866386937361,0.4503575018913829
moae,variance_total,8,7.899999999999996,0.4492233378197109,0.4503575018913829
moae,variance_total,9,8.899999999999997,0.4493842771278155,0.4503575018913829
moae,variance_total,10,9.899999999999999,0.44913704904886625,0.4503575018913829
moae,variance_total,11,10.850000000000005,0.44910304662388034,0.4503575018913829
moae,variance_total,12,11.850000000000005,0.4477726386332618,0.4503575018913829
moae,variance_total,13,12.849999999999994,0.447581108790104,0.4503575018913829
moae,variance_total,14,13.849999999999996,0.447841172192159,0.4503575018913829
moae,variance_total,15,14.849999999999996,0.44744389251090266,0.4503575018913829
moae,variance_total,16,15.800000000000002,0.4470960453756976,0.4503575018913829
moae,variance_total,17,16.800000000000004,0.4468271340284166,0.4503575018913829
moae,variance_total,18,17.800000000000004,0.4464009727316723,0.4503575018913829
moae,variance_total,19,18.799999999999994,0.4449696634584754,0.4503575018913829
moae,variance_total,20,19.799999999999997,0.4441399646049462,0.4503575018913829
moae,variance_total,21,20.75,0.44367237653982816,0.4503575018913829
moae,variance_total,22,21.750000000000004,0.4430021144463157,0.4503575018913829
moae,variance_total,23,22.750000000000004,0.4424059909414464,0.4503575018913829
moae,variance_total,24,23.750000000000004,0.44161783997015386,0.4503575018913829
moae,variance_total,25,24.750000000000007,0.4413150372945178,0.4503575018913829
moae,variance_total,26,25.7,0.4404197710305854,0.4503575018913829
moae,variance_total,27,26.700000000000003,0.4397178906540475,0.4503575018913829
moae,variance_total,28,27.700000000000003,0.4386556689961988,0.4503575018913829
moae,variance_total,29,28.700000000000003,0.43858324423341377,0.4503575018913829
moae,variance_total,30,29.700000000000003,0.4381901511536032,0.4503575018913829
moae,variance_total,31,30.65,0.43762119808634975,0.4503575018913829
moae,variance_total,32,31.65,0.4364431262605582,0.4503575018913829
moae,variance_total,33,32.65,0.43658626788928595,0.4503575018913829
moae,variance_total,34,33.650000000000006,0.4356173101839275,0.4503575018913829
moae,variance_total,35,34.650000000000006,0.43491548659865503,0.4503575018913829
moae,variance_total,36,35.6,0.43682501221609704,0.4503575018913829
moae,variance_total,37,36.6,0.4365528776561753,0.4503575018913829
moae,variance_total,38,37.6,0.43661891043219686,0.4503575018913829
moae,variance_total,39,38.6,0.4395798304561213,0.4503575018913829
moae,variance_total,40,39.6,0.4401352863367345,0.4503575018913829
moae,variance_total,41,40.55,0.4426544827365125,0.4503575018913829
moae,variance_total,42,41.55,0.44313441452012986,0.4503575018913829
moae,variance_total,43,42.55,0.4437954726199921,0.4503575018913829
moae,variance_total,44,43.55,0.44387704590436616,0.4503575018913829
moae,variance_total,45,44.55,0.44550279128600173,0.4503575018913829
moae,variance_total,46,45.49999999999999,0.4463216520775896,0.4503575018913829
moae,variance_total,47,46.5,0.44574984537308665,0.4503575018913829
moae,variance_total,48,47.5,0.44744183246466285,0.4503575018913829
moae,variance_total,49,48.5,0.44986403438705164,0.4503575018913829
moae,variance_total,50,49.5,0.45011503192511054,0.4503575018913829
moae,variance_total,51,50.449999999999996,0.45143371902402724,0.4503575018913829
moae,variance_total,52,51.449999999999996,0.4524603773567351,0.4503575018913829
moae,variance_total,53,52.449999999999996,0.4548604202382997,0.4503575018913829
moae,variance_total,54,53.449999999999996,0.4548651014459084,0.4503575018913829
moae,variance_total,55,54.449999999999996,0.455942677404222,0.4503575018913829
moae,variance_total,56,55.400000000000006,0.45606592305231153,0.4503575018913829
moae,variance_total,57,56.400000000000006,0.45560781022817987,0.4503575018913829
moae,variance_total,58,57.400000000000006,0.4587659151021053,0.4503575018913829
moae,variance_total,59,58.400000000000006,0.4589176810311834,0.4503575018913829
moae,variance_total,60,59.4,0.4579628073357161,0.4503575018913829
moae,variance_total,61,60.349999999999994,0.4596188969953534,0.4503575018913829
moae,variance_total,62,61.349999999999994,0.46076096158500535,0.4503575018913829
moae,variance_total,63,62.349999999999994,0.4602388677282833,0.4503575018913829
moae,variance_total,64,63.349999999999994,0.4602072194733504,0.4503575018913829
moae,variance_total,65,64.35,0.46468741200079466,0.4503575018913829
moae,variance_total,66,65.3,0.4664789880759015,0.4503575018913829
moae,variance_total,67,66.3,0.46782158814189967,0.4503575018913829
moae,variance_total,68,67.30000000000001,0.46923480255018163,0.4503575018913829
moae,variance_total,69,68.30000000000001,0.4679327297438621,0.4503575018913829
moae,variance_total,70,69.30000000000001,0.4701589601925528,0.4503575018913829
moae,variance_total,71,70.25,0.4734937379085443,0.4503575018913829
moae,variance_total,72,71.25,0.47200165414408524,0.4503575018913829
moae,variance_total,73,72.24999999999999,0.4738919915979553,0.4503575018913829
moae,variance_total,74,73.25,0.47438941816833735,0.4503575018913829
moae,variance_total,75,74.25,0.47543083954080795,0.4503575018913829
moae,variance_total,76,75.2,0.4734954800686125,0.4503575018913829
moae,variance_total,77,76.2,0.47328347655601777,0.4503575018913829
moae,variance_total,78,77.2,0.47322574110434107,0.4503575018913829
moae,variance_total,79,78.2,0.47196885441737163,0.4503575018913829
moae,variance_total,80,79.2,0.472176226118345,0.4503575018913829
moae,variance_total,81,80.15,0.4697632417813614,0.4503575018913829
moae,variance_total,82,81.15,0.4693971255869435,0.4503575018913829
moae,variance_total,83,82.15,0.46847825803243515,0.4503575018913829
moae,variance_total,84,83.15,0.4683488652723346,0.4503575018913829
moae,variance_total,85,84.15,0.4718621594111596,0.4503575018913829
moae,variance_total,86,85.1,0.47304886464843854,0.4503575018913829
moae,variance_total,87,86.1,0.4708398445322794,0.4503575018913829
moae,variance_total,88,87.1,0.47139707906709777,0.4503575018913829
moae,variance_total,89,88.1,0.46894614573740956,0.4503575018913829
moae,variance_total,90,89.1,0.4666883445497058,0.4503575018913829
moae,variance_total,91,90.05,0.46405421691834114,0.4503575018913829
moae,variance_total,92,91.05,0.46689530327702755,0.4503575018913829
moae,variance_total,93,92.05,0.4654146453183973,0.4503575018913829
moae,variance_total,94,93.05,0.46467816901020165,0.4503575018913829
moae,variance_total,95,94.05,0.4623271832895401,0.4503575018913829
moae,variance_total,96,95.0,0.46864398700015075,0.4503575018913829
moae,variance_total,97,96.0,0.4631353472351508,0.4503575018913829
moae,variance_total,98,97.0,0.45935563815537633,0.4503575018913829
moae,variance_total,99,98.0,0.472660528042132,0.4503575018913829
moae,variance_total,100,99.0,0.4676555230371271,0.4503575018913829
moae,variance_aleatoric,0,0.0,0.45194296120127747,0.4484274240380794
moae,variance_aleatoric,1,0.9499999999999953,0.4513834381856514,0.4484274240380794
moae,variance_aleatoric,2,1.9499999999999962,0.4508154908625527,0.4484274240380794
moae,variance_aleatoric,3,2.949999999999997,0.45094171157360013,0.4484274240380794
moae,variance_aleatoric,4,3.949999999999998,0.4504986945832837,0.4484274240380794
moae,variance_aleatoric,5,4.949999999999999,0.4503478068292542,0.4484274240380794
moae,variance_aleatoric,6,5.900000000000006,0.4500000483621182,0.4484274240380794
moae,variance_aleatoric,7,6.899999999999995,0.4495866386937361,0.4484274240380794
moae,variance_aleatoric,8,7.899999999999996,0.4492233378197109,0.4484274240380794
moae,variance_aleatoric,9,8.899999999999997,0.4493842771278155,0.4484274240380794
moae,variance_aleatoric,10,9.899999999999999,0.4491370490488663,0.4484274240380794
moae,variance_aleatoric,11,10.850000000000005,0.44910304662388034,0.4484274240380794
moae,variance_aleatoric,12,11.850000000000005,0.4477726386332618,0.4484274240380794
moae,variance_aleatoric,13,12.849999999999994,0.447581108790104,0.4484274240380794
moae,variance_aleatoric,14,13.849999999999996,0.447841172192159,0.4484274240380794
moae,variance_aleatoric,15,14.849999999999996,0.4474438925109026,0.4484274240380794
moae,variance_aleatoric,16,15.800000000000002,0.4470960453756976,0.4484274240380794
moae,variance_aleatoric,17,16.800000000000004,0.4468271340284166,0.4484274240380794
moae,variance_aleatoric,18,17.800000000000004,0.4464009727316723,0.4484274240380794
moae,variance_aleatoric,19,18.799999999999994,0.4449696634584754,0.4484274240380794
moae,variance_aleatoric,20,19.799999999999997,0.4441399646049462,0.4484274240380794
moae,variance_aleatoric,21,20.75,0.44367237653982816,0.4484274240380794
moae,variance_aleatoric,22,21.750000000000004,0.4430021144463157,0.4484274240380794
moae,variance_aleatoric,23,22.750000000000004,0.44240599094144634,0.4484274240380794
moae,variance_aleatoric,24,23.750000000000004,0.44161783997015386,0.4484274240380794
moae,variance_aleatoric,25,24.750000000000007,0.4413150372945178,0.4484274240380794
moae,variance_aleatoric,26,25.7,0.4404197710305854,0.4484274240380794
moae,variance_aleatoric,27,26.700000000000003,0.4397178906540475,0.4484274240380794
moae,variance_aleatoric,28,27.700000000000003,0.4386556689961988,0.4484274240380794
moae,variance_aleatoric,29,28.700000000000003,0.43858324423341377,0.4484274240380794
moae,variance_aleatoric,30,29.700000000000003,0.4381901511536032,0.4484274240380794
moae,variance_aleatoric,31,30.65,0.43762119808634975,0.4484274240380794
moae,variance_aleatoric,32,31.65,0.4364431262605583,0.4484274240380794
moae,variance_aleatoric,33,32.65,0.43658626788928595,0.4484274240380794
moae,variance_aleatoric,34,33.650000000000006,0.4356173101839275,0.4484274240380794
moae,variance_aleatoric,35,34.650000000000006,0.43491548659865503,0.4484274240380794
moae,variance_aleatoric,36,35.6,0.43682501221609704,0.4484274240380794
moae,variance_aleatoric,37,36.6,0.4365528776561753,0.4484274240380794
moae,variance_aleatoric,38,37.6,0.43661891043219686,0.4484274240380794
moae,variance_aleatoric,39,38.6,0.4395798304561213,0.4484274240380794
moae,variance_aleatoric,40,39.6,0.4401352863367344,0.4484274240380794
moae,variance_aleatoric,41,40.55,0.4426544827365125,0.4484274240380794
moae,variance_aleatoric,42,41.55,0.44313441452012986,0.4484274240380794
moae,variance_aleatoric,43,42.55,0.4437954726199921,0.4484274240380794
moae,variance_aleatoric,44,43.55,0.44387704590436616,0.4484274240380794
moae,variance_aleatoric,45,44.55,0.4455027912860018,0.4484274240380794
moae,variance_aleatoric,46,45.49999999999999,0.44632165207758956,0.4484274240380794
moae,variance_aleatoric,47,46.5,0.44574984537308665,0.4484274240380794
moae,variance_aleatoric,48,47.5,0.4474418324646628,0.4484274240380794
moae,variance_aleatoric,49,48.5,0.44986403438705164,0.4484274240380794
moae,variance_aleatoric,50,49.5,0.45011503192511054,0.4484274240380794
moae,variance_aleatoric,51,50.449999999999996,0.45143371902402724,0.4484274240380794
moae,variance_aleatoric,52,51.449999999999996,0.4524603773567351,0.4484274240380794
moae,variance_aleatoric,53,52.449999999999996,0.4548604202382997,0.4484274240380794
moae,variance_aleatoric,54,53.449999999999996,0.45486510144590847,0.4484274240380794
moae,variance_aleatoric,55,54.449999999999996,0.455942677404222,0.4484274240380794
moae,variance_aleatoric,56,55.400000000000006,0.45606592305231164,0.4484274240380794
moae,variance_aleatoric,57,56.400000000000006,0.45560781022817987,0.4484274240380794
moae,variance_aleatoric,58,57.400000000000006,0.4587659151021052,0.4484274240380794
moae,variance_aleatoric,59,58.400000000000006,0.4589176810311834,0.4484274240380794
moae,variance_aleatoric,60,59.4,0.4579628073357161,0.4484274240380794
moae,variance_aleatoric,61,60.349999999999994,0.4596188969953534,0.4484274240380794
moae,variance_aleatoric,62,61.349999999999994,0.46076096158500546,0.4484274240380794
moae,variance_aleatoric,63,62.349999999999994,0.4602388677282833,0.4484274240380794
moae,variance_aleatoric,64,63.349999999999994,0.4602072194733504,0.4484274240380794
moae,variance_aleatoric,65,64.35,0.46468741200079466,0.4484274240380794
moae,variance_aleatoric,66,65.3,0.46870203597984855,0.4484274240380794
moae,variance_aleatoric,67,66.3,0.46892247010709026,0.4484274240380794
moae,variance_aleatoric,68,67.30000000000001,0.47135275743209987,0.4484274240380794
moae,variance_aleatoric,69,68.30000000000001,0.4711595485978609,0.4484274240380794
moae,variance_aleatoric,70,69.30000000000001,0.46876915785041195,0.4484274240380794
moae,variance_aleatoric,71,70.25,0.46849085645645294,0.4484274240380794
moae,variance_aleatoric,72,71.25,0.4657432388598893,0.4484274240380794
moae,variance_aleatoric,73,72.24999999999999,0.4668556715840785,0.4484274240380794
moae,variance_aleatoric,74,73.25,0.4670877147823572,0.4484274240380794
moae,variance_aleatoric,75,74.25,0.46458504228724373,0.4484274240380794
moae,variance_aleatoric,76,75.2,0.46626798553760174,0.4484274240380794
moae,variance_aleatoric,77,76.2,0.4660440840118184,0.4484274240380794
moae,variance_aleatoric,78,77.2,0.46614902107228756,0.4484274240380794
moae,variance_aleatoric,79,78.2,0.46613158388953224,0.4484274240380794
moae,variance_aleatoric,80,79.2,0.4649033164293582,0.4484274240380794
moae,variance_aleatoric,81,80.15,0.4657636193617889,0.4484274240380794
moae,variance_aleatoric,82,81.15,0.46693441167790567,0.4484274240380794
moae,variance_aleatoric,83,82.15,0.4672830509192445,0.4484274240380794
moae,variance_aleatoric,84,83.15,0.46584262802534937,0.4484274240380794
moae,variance_aleatoric,85,84.15,0.46635584126246893,0.4484274240380794
moae,variance_aleatoric,86,85.1,0.46531039681724545,0.4484274240380794
moae,variance_aleatoric,87,86.1,0.46249067683974493,0.4484274240380794
moae,variance_aleatoric,88,87.1,0.46037830835840454,0.4484274240380794
moae,variance_aleatoric,89,88.1,0.45876790026504644,0.4484274240380794
moae,variance_aleatoric,90,89.1,0.4612528294461537,0.4484274240380794
moae,variance_aleatoric,91,90.05,0.46101092337165017,0.4484274240380794
moae,variance_aleatoric,92,91.05,0.46014966238211213,0.4484274240380794
moae,variance_aleatoric,93,92.05,0.4591976440368416,0.4484274240380794
moae,variance_aleatoric,94,93.05,0.4541099410659726,0.4484274240380794
moae,variance_aleatoric,95,94.05,0.45267454997922474,0.4484274240380794
moae,variance_aleatoric,96,95.0,0.45256528579424815,0.4484274240380794
moae,variance_aleatoric,97,96.0,0.4620559897467917,0.4484274240380794
moae,variance_aleatoric,98,97.0,0.45624815983589584,0.4484274240380794
moae,variance_aleatoric,99,98.0,0.45498629754989806,0.4484274240380794
moae,variance_aleatoric,100,99.0,0.4703451000906972,0.4484274240380794
moae,variance_epistemic,0,0.0,0.4519429612012775,0.45731173433249334
moae,variance_epistemic,1,0.9499999999999953,0.45172451131310715,0.45731173433249334
moae,variance_epistemic,2,1.9499999999999962,0.4513316990905896,0.45731173433249334
moae,variance_epistemic,3,2.949999999999997,0.451247950915743,0.45731173433249334
moae,variance_epistemic,4,3.949999999999998,0.45074752972832727,0.45731173433249334
moae,variance_epistemic,5,4.949999999999999,0.45108106217873273,0.45731173433249334
moae,variance_epistemic,6,5.900000000000006,0.45072473952521963,0.45731173433249334
moae,variance_epistemic,7,6.899999999999995,0.4505462501851285,0.45731173433249334
moae,variance_epistemic,8,7.899999999999996,0.44992845895676276,0.45731173433249334
moae,variance_epistemic,9,8.899999999999997,0.44946740704826726,0.45731173433249334
moae,variance_epistemic,10,9.899999999999999,0.4497085452688157,0.45731173433249334
moae,variance_epistemic,11,10.850000000000005,0.4497950250310268,0.45731173433249334
moae,variance_epistemic,12,11.850000000000005,0.44963569945448967,0.45731173433249334
moae,variance_epistemic,13,12.849999999999994,0.44957752968100134,0.45731173433249334
moae,variance_epistemic,14,13.849999999999996,0.4489849778388739,0.45731173433249334
moae,variance_epistemic,15,14.849999999999996,0.4487928806071182,0.45731173433249334
moae,variance_epistemic,16,15.800000000000002,0.4489647533653272,0.45731173433249334
moae,variance_epistemic,17,16.800000000000004,0.44861002109233267,0.45731173433249334
moae,variance_epistemic,18,17.800000000000004,0.44814771165469364,0.45731173433249334
moae,variance_epistemic,19,18.799999999999994,0.4481902304533476,0.45731173433249334
moae,variance_epistemic,20,19.799999999999997,0.44786950677068765,0.45731173433249334
moae,variance_epistemic,21,20.75,0.4468442717771361,0.45731173433249334
moae,variance_epistemic,22,21.750000000000004,0.4454917901270657,0.45731173433249334
moae,variance_epistemic,23,22.750000000000004,0.4456932254562378,0.45731173433249334
moae,variance_epistemic,24,23.750000000000004,0.44564969247655006,0.45731173433249334
moae,variance_epistemic,25,24.750000000000007,0.4456598778812398,0.45731173433249334
moae,variance_epistemic,26,25.7,0.44555692962084714,0.45731173433249334
moae,variance_epistemic,27,26.700000000000003,0.44627709914457336,0.45731173433249334
moae,variance_epistemic,28,27.700000000000003,0.4462063712171297,0.45731173433249334
moae,variance_epistemic,29,28.700000000000003,0.44650395579053404,0.45731173433249334
moae,variance_epistemic,30,29.700000000000003,0.4460660401985386,0.45731173433249334
moae,variance_epistemic,31,30.65,0.4463916173133854,0.45731173433249334
moae,variance_epistemic,32,31.65,0.4474681705050312,0.45731173433249334
moae,variance_epistemic,33,32.65,0.4487243594675193,0.45731173433249334
moae,variance_epistemic,34,33.650000000000006,0.4486681711783719,0.45731173433249334
moae,variance_epistemic,35,34.650000000000006,0.45004243791595294,0.45731173433249334
moae,variance_epistemic,36,35.6,0.4515659931784684,0.45731173433249334
moae,variance_epistemic,37,36.6,0.45152139163078253,0.45731173433249334
moae,variance_epistemic,38,37.6,0.4529602364886367,0.45731173433249334
moae,variance_epistemic,39,38.6,0.45561771964303827,0.45731173433249334
moae,variance_epistemic,40,39.6,0.4563174717851298,0.45731173433249334
moae,variance_epistemic,41,40.55,0.45587714782502564,0.45731173433249334
moae,variance_epistemic,42,41.55,0.45636066647049944,0.45731173433249334
moae,variance_epistemic,43,42.55,0.45730967375927034,0.45731173433249334
moae,variance_epistemic,44,43.55,0.45800858359120394,0.45731173433249334
moae,variance_epistemic,45,44.55,0.45847996962962706,0.45731173433249334
moae,variance_epistemic,46,45.49999999999999,0.45963757643680037,0.45731173433249334
moae,variance_epistemic,47,46.5,0.45767749600805496,0.45731173433249334
moae,variance_epistemic,48,47.5,0.4595645130916769,0.45731173433249334
moae,variance_epistemic,49,48.5,0.4608858286512985,0.45731173433249334
moae,variance_epistemic,50,49.5,0.4618072959666801,0.45731173433249334
moae,variance_epistemic,51,50.449999999999996,0.4617920820238742,0.45731173433249334
moae,variance_epistemic,52,51.449999999999996,0.46229243134203174,0.45731173433249334
moae,variance_epistemic,53,52.449999999999996,0.46244280782649044,0.45731173433249334
moae,variance_epistemic,54,53.449999999999996,0.46323937211415855,0.45731173433249334
moae,variance_epistemic,55,54.449999999999996,0.464257685162864,0.45731173433249334
moae,variance_epistemic,56,55.400000000000006,0.4651893303135477,0.45731173433249334
moae,variance_epistemic,57,56.400000000000006,0.4665303738446879,0.45731173433249334
moae,variance_epistemic,58,57.400000000000006,0.46702532521556206,0.45731173433249334
moae,variance_epistemic,59,58.400000000000006,0.46920137277468255,0.45731173433249334
moae,variance_epistemic,60,59.4,0.46945671275440926,0.45731173433249334
moae,variance_epistemic,61,60.349999999999994,0.46849439651674424,0.45731173433249334
moae,variance_epistemic,62,61.349999999999994,0.467967404509658,0.45731173433249334
moae,variance_epistemic,63,62.349999999999994,0.4699281947055361,0.45731173433249334
moae,variance_epistemic,64,63.349999999999994,0.47153509496292895,0.45731173433249334
moae,variance_epistemic,65,64.35,0.4741973103297454,0.45731173433249334
moae,variance_epistemic,66,65.3,0.4738314908687738,0.45731173433249334
moae,variance_epistemic,67,66.3,0.47693311718002873,0.45731173433249334
moae,variance_epistemic,68,67.30000000000001,0.47565372445531806,0.45731173433249334
moae,variance_epistemic,69,68.30000000000001,0.4764586676715421,0.45731173433249334
moae,variance_epistemic,70,69.30000000000001,0.47694513415428447,0.45731173433249334
moae,variance_epistemic,71,70.25,0.4802631906415878,0.45731173433249334
moae,variance_epistemic,72,71.25,0.4807365356365604,0.45731173433249334
moae,variance_epistemic,73,72.24999999999999,0.47916762579409494,0.45731173433249334
moae,variance_epistemic,74,73.25,0.478746684504132,0.45731173433249334
moae,variance_epistemic,75,74.25,0.4791069646996529,0.45731173433249334
moae,variance_epistemic,76,75.2,0.48017566590415445,0.45731173433249334
moae,variance_epistemic,77,76.2,0.48062813992199366,0.45731173433249334
moae,variance_epistemic,78,77.2,0.48136448050616953,0.45731173433249334
moae,variance_epistemic,79,78.2,0.4804637676861585,0.45731173433249334
moae,variance_epistemic,80,79.2,0.4807727161238367,0.45731173433249334
moae,variance_epistemic,81,80.15,0.47975445239169656,0.45731173433249334
moae,variance_epistemic,82,81.15,0.47726652430073624,0.45731173433249334
moae,variance_epistemic,83,82.15,0.4793505709652982,0.45731173433249334
moae,variance_epistemic,84,83.15,0.47636515084992703,0.45731173433249334
moae,variance_epistemic,85,84.15,0.4781540175182867,0.45731173433249334
moae,variance_epistemic,86,85.1,0.47952350942933886,0.45731173433249334
moae,variance_epistemic,87,86.1,0.48014323911492607,0.45731173433249334
moae,variance_epistemic,88,87.1,0.47623238821527564,0.45731173433249334
moae,variance_epistemic,89,88.1,0.4736936123244064,0.45731173433249334
moae,variance_epistemic,90,89.1,0.47211810871840604,0.45731173433249334
moae,variance_epistemic,91,90.05,0.4734920097348672,0.45731173433249334
moae,variance_epistemic,92,91.05,0.4696983993904255,0.45731173433249334
moae,variance_epistemic,93,92.05,0.470207189120652,0.45731173433249334
moae,variance_epistemic,94,93.05,0.4649391684968696,0.45731173433249334
moae,variance_epistemic,95,94.05,0.4723580990745386,0.45731173433249334
moae,variance_epistemic,96,95.0,0.4768145840944269,0.45731173433249334
moae,variance_epistemic,97,96.0,0.46710800864421154,0.45731173433249334
moae,variance_epistemic,98,97.0,0.4769355138565831,0.45731173433249334
moae,variance_epistemic,99,98.0,0.4700639977547997,0.45731173433249334
moae,variance_epistemic,100,99.0,0.4366244920060959,0.45731173433249334
moae,alpha_volume_total_5%,0,0.0,0.45194296120127747,0.4470125096212882
moae,alpha_volume_total_5%,1,0.9499999999999953,0.45265869494179267,0.4470125096212882
moae,alpha_volume_total_5%,2,1.9499999999999962,0.4530672439163946,0.4470125096212882
moae,alpha_volume_total_5%,3,2.949999999999997,0.45336044086561983,0.4470125096212882
moae,alpha_volume_total_5%,4,3.949999999999998,0.4526950759730687,0.4470125096212882
moae,alpha_volume_total_5%,5,4.949999999999999,0.4537658866928346,0.4470125096212882
moae,alpha_volume_total_5%,6,5.900000000000006,0.45334361586797295,0.4470125096212882
moae,alpha_volume_total_5%,7,6.899999999999995,0.45411657219973006,0.4470125096212882
moae,alpha_volume_total_5%,8,7.899999999999996,0.4542908853908334,0.4470125096212882
moae,alpha_volume_total_5%,9,8.899999999999997,0.45422109800730665,0.4470125096212882
moae,alpha_volume_total_5%,10,9.899999999999999,0.45446777392147863,0.4470125096212882
moae,alpha_volume_total_5%,11,10.850000000000005,0.45442531651267476,0.4470125096212882
moae,alpha_volume_total_5%,12,11.850000000000005,0.45374646887479075,0.4470125096212882
moae,alpha_volume_total_5%,13,12.849999999999994,0.45421212388550497,0.4470125096212882
moae,alpha_volume_total_5%,14,13.849999999999996,0.4545092293978372,0.4470125096212882
moae,alpha_volume_total_5%,15,14.849999999999996,0.45381699732545927,0.4470125096212882
moae,alpha_volume_total_5%,16,15.800000000000002,0.45386427527541473,0.4470125096212882
moae,alpha_volume_total_5%,17,16.800000000000004,0.4544369426364564,0.4470125096212882
moae,alpha_volume_total_5%,18,17.800000000000004,0.4546901719993927,0.4470125096212882
moae,alpha_volume_total_5%,19,18.799999999999994,0.45401505700542577,0.4470125096212882
moae,alpha_volume_total_5%,20,19.799999999999997,0.4540821212571379,0.4470125096212882
moae,alpha_volume_total_5%,21,20.75,0.4534747424695376,0.4470125096212882
moae,alpha_volume_total_5%,22,21.750000000000004,0.45385320233859955,0.4470125096212882
moae,alpha_volume_total_5%,23,22.750000000000004,0.4535449521028903,0.4470125096212882
moae,alpha_volume_total_5%,24,23.750000000000004,0.4535806031260132,0.4470125096212882
moae,alpha_volume_total_5%,25,24.750000000000007,0.4525871164837161,0.4470125096212882
moae,alpha_volume_total_5%,26,25.7,0.45186210262999943,0.4470125096212882
moae,alpha_volume_total_5%,27,26.700000000000003,0.45299090906905803,0.4470125096212882
moae,alpha_volume_total_5%,28,27.700000000000003,0.45203264026226553,0.4470125096212882
moae,alpha_volume_total_5%,29,28.700000000000003,0.4520416432351058,0.4470125096212882
moae,alpha_volume_total_5%,30,29.700000000000003,0.4508851164253082,0.4470125096212882
moae,alpha_volume_total_5%,31,30.65,0.4506461297956825,0.4470125096212882
moae,alpha_volume_total_5%,32,31.65,0.44996341857209576,0.4470125096212882
moae,alpha_volume_total_5%,33,32.65,0.4499171836241813,0.4470125096212882
moae,alpha_volume_total_5%,34,33.650000000000006,0.45051828210727224,0.4470125096212882
moae,alpha_volume_total_5%,35,34.650000000000006,0.45072225492123086,0.4470125096212882
moae,alpha_volume_total_5%,36,35.6,0.4509103377203916,0.4470125096212882
moae,alpha_volume_total_5%,37,36.6,0.4509530927360747,0.4470125096212882
moae,alpha_volume_total_5%,38,37.6,0.4513340934416998,0.4470125096212882
moae,alpha_volume_total_5%,39,38.6,0.45048136598841865,0.4470125096212882
moae,alpha_volume_total_5%,40,39.6,0.45129394818356794,0.4470125096212882
moae,alpha_volume_total_5%,41,40.55,0.4510480244681057,0.4470125096212882
moae,alpha_volume_total_5%,42,41.55,0.45167903197496734,0.4470125096212882
moae,alpha_volume_total_5%,43,42.55,0.4512125490071081,0.4470125096212882
moae,alpha_volume_total_5%,44,43.55,0.4512016541694878,0.4470125096212882
moae,alpha_volume_total_5%,45,44.55,0.45077855451439947,0.4470125096212882
moae,alpha_volume_total_5%,46,45.49999999999999,0.45021779051115235,0.4470125096212882
moae,alpha_volume_total_5%,47,46.5,0.4493948386371154,0.4470125096212882
moae,alpha_volume_total_5%,48,47.5,0.4484213974587651,0.4470125096212882
moae,alpha_volume_total_5%,49,48.5,0.4495761322618991,0.4470125096212882
moae,alpha_volume_total_5%,50,49.5,0.45000727273111,0.4470125096212882
moae,alpha_volume_total_5%,51,50.449999999999996,0.4510246219346314,0.4470125096212882
moae,alpha_volume_total_5%,52,51.449999999999996,0.4509745945089089,0.4470125096212882
moae,alpha_volume_total_5%,53,52.449999999999996,0.45106455049845506,0.4470125096212882
moae,alpha_volume_total_5%,54,53.449999999999996,0.45148227474114816,0.4470125096212882
moae,alpha_volume_total_5%,55,54.449999999999996,0.4502303266891754,0.4470125096212882
moae,alpha_volume_total_5%,56,55.400000000000006,0.4500972768855135,0.4470125096212882
moae,alpha_volume_total_5%,57,56.400000000000006,0.4484533552021292,0.4470125096212882
moae,alpha_volume_total_5%,58,57.400000000000006,0.448942507131825,0.4470125096212882
moae,alpha_volume_total_5%,59,58.400000000000006,0.44856636944643047,0.4470125096212882
moae,alpha_volume_total_5%,60,59.4,0.447284115716533,0.4470125096212882
moae,alpha_volume_total_5%,61,60.349999999999994,0.44653212005756093,0.4470125096212882
moae,alpha_volume_total_5%,62,61.349999999999994,0.4470976298861144,0.4470125096212882
moae,alpha_volume_total_5%,63,62.349999999999994,0.44605311006113474,0.4470125096212882
moae,alpha_volume_total_5%,64,63.349999999999994,0.44538345847070887,0.4470125096212882
moae,alpha_volume_total_5%,65,64.35,0.44347061863248466,0.4470125096212882
moae,alpha_volume_total_5%,66,65.3,0.44374918572541977,0.4470125096212882
moae,alpha_volume_total_5%,67,66.3,0.4429822523686297,0.4470125096212882
moae,alpha_volume_total_5%,68,67.30000000000001,0.44262375258742576,0.4470125096212882
moae,alpha_volume_total_5%,69,68.30000000000001,0.4407683878011738,0.4470125096212882
moae,alpha_volume_total_5%,70,69.30000000000001,0.4423033797766862,0.4470125096212882
moae,alpha_volume_total_5%,71,70.25,0.44336279957651736,0.4470125096212882
moae,alpha_volume_total_5%,72,71.25,0.4440519823860241,0.4470125096212882
moae,alpha_volume_total_5%,73,72.24999999999999,0.44503204615684944,0.4470125096212882
moae,alpha_volume_total_5%,74,73.25,0.44505635594758924,0.4470125096212882
moae,alpha_volume_total_5%,75,74.25,0.445770110850953,0.4470125096212882
moae,alpha_volume_total_5%,76,75.2,0.4480112968923644,0.4470125096212882
moae,alpha_volume_total_5%,77,76.2,0.44789827612271604,0.4470125096212882
moae,alpha_volume_total_5%,78,77.2,0.45347455504697876,0.4470125096212882
moae,alpha_volume_total_5%,79,78.2,0.4505483063446396,0.4470125096212882
moae,alpha_volume_total_5%,80,79.2,0.44962959390740453,0.4470125096212882
moae,alpha_volume_total_5%,81,80.15,0.4490592328584702,0.4470125096212882
moae,alpha_volume_total_5%,82,81.15,0.4478503018371269,0.4470125096212882
moae,alpha_volume_total_5%,83,82.15,0.44960779204613666,0.4470125096212882
moae,alpha_volume_total_5%,84,83.15,0.45122488728730004,0.4470125096212882
moae,alpha_volume_total_5%,85,84.15,0.4552840052293707,0.4470125096212882
moae,alpha_volume_total_5%,86,85.1,0.4517733040172258,0.4470125096212882
moae,alpha_volume_total_5%,87,86.1,0.4598575687285928,0.4470125096212882
moae,alpha_volume_total_5%,88,87.1,0.4621095863378054,0.4470125096212882
moae,alpha_volume_total_5%,89,88.1,0.46634886651989343,0.4470125096212882
moae,alpha_volume_total_5%,90,89.1,0.46968439242986304,0.4470125096212882
moae,alpha_volume_total_5%,91,90.05,0.46965649130091636,0.4470125096212882
moae,alpha_volume_total_5%,92,91.05,0.47222177667465093,0.4470125096212882
moae,alpha_volume_total_5%,93,92.05,0.4706556429162241,0.4470125096212882
moae,alpha_volume_total_5%,94,93.05,0.46998018073212644,0.4470125096212882
moae,alpha_volume_total_5%,95,94.05,0.4691198137398526,0.4470125096212882
moae,alpha_volume_total_5%,96,95.0,0.4591346736943596,0.4470125096212882
moae,alpha_volume_total_5%,97,96.0,0.4638082320078395,0.4470125096212882
moae,alpha_volume_total_5%,98,97.0,0.44709353939621277,0.4470125096212882
moae,alpha_volume_total_5%,99,98.0,0.4087218343578411,0.4470125096212882
moae,alpha_volume_total_5%,100,99.0,0.41460246998407396,0.4470125096212882
moae,alpha_volume_aleatoric_5%,0,0.0,0.45194296120127747,0.4470125096212882
moae,alpha_volume_aleatoric_5%,1,0.9499999999999953,0.45265869494179267,0.4470125096212882
moae,alpha_volume_aleatoric_5%,2,1.9499999999999962,0.4530672439163946,0.4470125096212882
moae,alpha_volume_aleatoric_5%,3,2.949999999999997,0.45336044086561983,0.4470125096212882
moae,alpha_volume_aleatoric_5%,4,3.949999999999998,0.4526950759730687,0.4470125096212882
moae,alpha_volume_aleatoric_5%,5,4.949999999999999,0.4537658866928346,0.4470125096212882
moae,alpha_volume_aleatoric_5%,6,5.900000000000006,0.45334361586797295,0.4470125096212882
moae,alpha_volume_aleatoric_5%,7,6.899999999999995,0.45411657219973006,0.4470125096212882
moae,alpha_volume_aleatoric_5%,8,7.899999999999996,0.4542908853908334,0.4470125096212882
moae,alpha_volume_aleatoric_5%,9,8.899999999999997,0.45422109800730665,0.4470125096212882
moae,alpha_volume_aleatoric_5%,10,9.899999999999999,0.45446777392147863,0.4470125096212882
moae,alpha_volume_aleatoric_5%,11,10.850000000000005,0.45442531651267476,0.4470125096212882
moae,alpha_volume_aleatoric_5%,12,11.850000000000005,0.45374646887479075,0.4470125096212882
moae,alpha_volume_aleatoric_5%,13,12.849999999999994,0.45421212388550497,0.4470125096212882
moae,alpha_volume_aleatoric_5%,14,13.849999999999996,0.4545092293978372,0.4470125096212882
moae,alpha_volume_aleatoric_5%,15,14.849999999999996,0.45381699732545927,0.4470125096212882
moae,alpha_volume_aleatoric_5%,16,15.800000000000002,0.45386427527541473,0.4470125096212882
moae,alpha_volume_aleatoric_5%,17,16.800000000000004,0.4544369426364564,0.4470125096212882
moae,alpha_volume_aleatoric_5%,18,17.800000000000004,0.4546901719993927,0.4470125096212882
moae,alpha_volume_aleatoric_5%,19,18.799999999999994,0.45401505700542577,0.4470125096212882
moae,alpha_volume_aleatoric_5%,20,19.799999999999997,0.4540821212571379,0.4470125096212882
moae,alpha_volume_aleatoric_5%,21,20.75,0.4534747424695376,0.4470125096212882
moae,alpha_volume_aleatoric_5%,22,21.750000000000004,0.45385320233859955,0.4470125096212882
moae,alpha_volume_aleatoric_5%,23,22.750000000000004,0.4535449521028903,0.4470125096212882
moae,alpha_volume_aleatoric_5%,24,23.750000000000004,0.4535806031260132,0.4470125096212882
moae,alpha_volume_aleatoric_5%,25,24.750000000000007,0.4525871164837161,0.4470125096212882
moae,alpha_volume_aleatoric_5%,26,25.7,0.45186210262999943,0.4470125096212882
moae,alpha_volume_aleatoric_5%,27,26.700000000000003,0.45299090906905803,0.4470125096212882
moae,alpha_volume_aleatoric_5%,28,27.700000000000003,0.45203264026226553,0.4470125096212882
moae,alpha_volume_aleatoric_5%,29,28.700000000000003,0.4520416432351058,0.4470125096212882
moae,alpha_volume_aleatoric_5%,30,29.700000000000003,0.4508851164253082,0.4470125096212882
moae,alpha_volume_aleatoric_5%,31,30.65,0.4506461297956825,0.4470125096212882
moae,alpha_volume_aleatoric_5%,32,31.65,0.44996341857209576,0.4470125096212882
moae,alpha_volume_aleatoric_5%,33,32.65,0.4499171836241813,0.4470125096212882
moae,alpha_volume_aleatoric_5%,34,33.650000000000006,0.45051828210727224,0.4470125096212882
moae,alpha_volume_aleatoric_5%,35,34.650000000000006,0.45072225492123086,0.4470125096212882
moae,alpha_volume_aleatoric_5%,36,35.6,0.4509103377203916,0.4470125096212882
moae,alpha_volume_aleatoric_5%,37,36.6,0.4509530927360747,0.4470125096212882
moae,alpha_volume_aleatoric_5%,38,37.6,0.4513340934416998,0.4470125096212882
moae,alpha_volume_aleatoric_5%,39,38.6,0.45048136598841865,0.4470125096212882
moae,alpha_volume_aleatoric_5%,40,39.6,0.45129394818356794,0.4470125096212882
moae,alpha_volume_aleatoric_5%,41,40.55,0.4510480244681057,0.4470125096212882
moae,alpha_volume_aleatoric_5%,42,41.55,0.45167903197496734,0.4470125096212882
moae,alpha_volume_aleatoric_5%,43,42.55,0.4512125490071081,0.4470125096212882
moae,alpha_volume_aleatoric_5%,44,43.55,0.4512016541694878,0.4470125096212882
moae,alpha_volume_aleatoric_5%,45,44.55,0.45077855451439947,0.4470125096212882
moae,alpha_volume_aleatoric_5%,46,45.49999999999999,0.45021779051115235,0.4470125096212882
moae,alpha_volume_aleatoric_5%,47,46.5,0.4493948386371154,0.4470125096212882
moae,alpha_volume_aleatoric_5%,48,47.5,0.4484213974587651,0.4470125096212882
moae,alpha_volume_aleatoric_5%,49,48.5,0.4495761322618991,0.4470125096212882
moae,alpha_volume_aleatoric_5%,50,49.5,0.45000727273111,0.4470125096212882
moae,alpha_volume_aleatoric_5%,51,50.449999999999996,0.4510246219346314,0.4470125096212882
moae,alpha_volume_aleatoric_5%,52,51.449999999999996,0.4509745945089089,0.4470125096212882
moae,alpha_volume_aleatoric_5%,53,52.449999999999996,0.45106455049845506,0.4470125096212882
moae,alpha_volume_aleatoric_5%,54,53.449999999999996,0.45148227474114816,0.4470125096212882
moae,alpha_volume_aleatoric_5%,55,54.449999999999996,0.4502303266891754,0.4470125096212882
moae,alpha_volume_aleatoric_5%,56,55.400000000000006,0.4500972768855135,0.4470125096212882
moae,alpha_volume_aleatoric_5%,57,56.400000000000006,0.4484533552021292,0.4470125096212882
moae,alpha_volume_aleatoric_5%,58,57.400000000000006,0.448942507131825,0.4470125096212882
moae,alpha_volume_aleatoric_5%,59,58.400000000000006,0.44856636944643047,0.4470125096212882
moae,alpha_volume_aleatoric_5%,60,59.4,0.447284115716533,0.4470125096212882
moae,alpha_volume_aleatoric_5%,61,60.349999999999994,0.44653212005756093,0.4470125096212882
moae,alpha_volume_aleatoric_5%,62,61.349999999999994,0.4470976298861144,0.4470125096212882
moae,alpha_volume_aleatoric_5%,63,62.349999999999994,0.44605311006113474,0.4470125096212882
moae,alpha_volume_aleatoric_5%,64,63.349999999999994,0.44538345847070887,0.4470125096212882
moae,alpha_volume_aleatoric_5%,65,64.35,0.44347061863248466,0.4470125096212882
moae,alpha_volume_aleatoric_5%,66,65.3,0.44374918572541977,0.4470125096212882
moae,alpha_volume_aleatoric_5%,67,66.3,0.4429822523686297,0.4470125096212882
moae,alpha_volume_aleatoric_5%,68,67.30000000000001,0.44262375258742576,0.4470125096212882
moae,alpha_volume_aleatoric_5%,69,68.30000000000001,0.4407683878011738,0.4470125096212882
moae,alpha_volume_aleatoric_5%,70,69.30000000000001,0.4423033797766862,0.4470125096212882
moae,alpha_volume_aleatoric_5%,71,70.25,0.44336279957651736,0.4470125096212882
moae,alpha_volume_aleatoric_5%,72,71.25,0.4440519823860241,0.4470125096212882
moae,alpha_volume_aleatoric_5%,73,72.24999999999999,0.44503204615684944,0.4470125096212882
moae,alpha_volume_aleatoric_5%,74,73.25,0.44505635594758924,0.4470125096212882
moae,alpha_volume_aleatoric_5%,75,74.25,0.445770110850953,0.4470125096212882
moae,alpha_volume_aleatoric_5%,76,75.2,0.4480112968923644,0.4470125096212882
moae,alpha_volume_aleatoric_5%,77,76.2,0.44789827612271604,0.4470125096212882
moae,alpha_volume_aleatoric_5%,78,77.2,0.45347455504697876,0.4470125096212882
moae,alpha_volume_aleatoric_5%,79,78.2,0.4505483063446396,0.4470125096212882
moae,alpha_volume_aleatoric_5%,80,79.2,0.44962959390740453,0.4470125096212882
moae,alpha_volume_aleatoric_5%,81,80.15,0.4490592328584702,0.4470125096212882
moae,alpha_volume_aleatoric_5%,82,81.15,0.4478503018371269,0.4470125096212882
moae,alpha_volume_aleatoric_5%,83,82.15,0.44960779204613666,0.4470125096212882
moae,alpha_volume_aleatoric_5%,84,83.15,0.45122488728730004,0.4470125096212882
moae,alpha_volume_aleatoric_5%,85,84.15,0.4552840052293707,0.4470125096212882
moae,alpha_volume_aleatoric_5%,86,85.1,0.4517733040172258,0.4470125096212882
moae,alpha_volume_aleatoric_5%,87,86.1,0.4598575687285928,0.4470125096212882
moae,alpha_volume_aleatoric_5%,88,87.1,0.4621095863378054,0.4470125096212882
moae,alpha_volume_aleatoric_5%,89,88.1,0.46634886651989343,0.4470125096212882
moae,alpha_volume_aleatoric_5%,90,89.1,0.46968439242986304,0.4470125096212882
moae,alpha_volume_aleatoric_5%,91,90.05,0.46965649130091636,0.4470125096212882
moae,alpha_volume_aleatoric_5%,92,91.05,0.47222177667465093,0.4470125096212882
moae,alpha_volume_aleatoric_5%,93,92.05,0.4706556429162241,0.4470125096212882
moae,alpha_volume_aleatoric_5%,94,93.05,0.46998018073212644,0.4470125096212882
moae,alpha_volume_aleatoric_5%,95,94.05,0.4691198137398526,0.4470125096212882
moae,alpha_volume_aleatoric_5%,96,95.0,0.4591346736943596,0.4470125096212882
moae,alpha_volume_aleatoric_5%,97,96.0,0.4638082320078395,0.4470125096212882
moae,alpha_volume_aleatoric_5%,98,97.0,0.44709353939621277,0.4470125096212882
moae,alpha_volume_aleatoric_5%,99,98.0,0.4087218343578411,0.4470125096212882
moae,alpha_volume_aleatoric_5%,100,99.0,0.41460246998407396,0.4470125096212882
moae,alpha_volume_epistemic_5%,0,0.0,0.45194296120127747,0.4214341941554786
moae,alpha_volume_epistemic_5%,1,0.9499999999999953,0.45161777517295765,0.4214341941554786
moae,alpha_volume_epistemic_5%,2,1.9499999999999962,0.4514950444859595,0.4214341941554786
moae,alpha_volume_epistemic_5%,3,2.949999999999997,0.45142585710574173,0.4214341941554786
moae,alpha_volume_epistemic_5%,4,3.949999999999998,0.45101914567018997,0.4214341941554786
moae,alpha_volume_epistemic_5%,5,4.949999999999999,0.4508190984265471,0.4214341941554786
moae,alpha_volume_epistemic_5%,6,5.900000000000006,0.4505804757878678,0.4214341941554786
moae,alpha_volume_epistemic_5%,7,6.899999999999995,0.45034331088717755,0.4214341941554786
moae,alpha_volume_epistemic_5%,8,7.899999999999996,0.45022191201894546,0.4214341941554786
moae,alpha_volume_epistemic_5%,9,8.899999999999997,0.4502709025856202,0.4214341941554786
moae,alpha_volume_epistemic_5%,10,9.899999999999999,0.4501647464478493,0.4214341941554786
moae,alpha_volume_epistemic_5%,11,10.850000000000005,0.450105901105941,0.4214341941554786
moae,alpha_volume_epistemic_5%,12,11.850000000000005,0.4495114983674662,0.4214341941554786
moae,alpha_volume_epistemic_5%,13,12.849999999999994,0.4487885951644248,0.4214341941554786
moae,alpha_volume_epistemic_5%,14,13.849999999999996,0.4489965971192105,0.4214341941554786
moae,alpha_volume_epistemic_5%,15,14.849999999999996,0.4489626141402153,0.4214341941554786
moae,alpha_volume_epistemic_5%,16,15.800000000000002,0.44900339640288717,0.4214341941554786
moae,alpha_volume_epistemic_5%,17,16.800000000000004,0.4484566283969784,0.4214341941554786
moae,alpha_volume_epistemic_5%,18,17.800000000000004,0.44856175099817336,0.4214341941554786
moae,alpha_volume_epistemic_5%,19,18.799999999999994,0.44777726798395173,0.4214341941554786
moae,alpha_volume_epistemic_5%,20,19.799999999999997,0.44700675767577913,0.4214341941554786
moae,alpha_volume_epistemic_5%,21,20.75,0.44709926326722665,0.4214341941554786
moae,alpha_volume_epistemic_5%,22,21.750000000000004,0.44638963247342406,0.4214341941554786
moae,alpha_volume_epistemic_5%,23,22.750000000000004,0.44632248439112254,0.4214341941554786
moae,alpha_volume_epistemic_5%,24,23.750000000000004,0.44631839235669657,0.4214341941554786
moae,alpha_volume_epistemic_5%,25,24.750000000000007,0.44560003039305485,0.4214341941554786
moae,alpha_volume_epistemic_5%,26,25.7,0.44511405343489724,0.4214341941554786
moae,alpha_volume_epistemic_5%,27,26.700000000000003,0.4450651429877882,0.4214341941554786
moae,alpha_volume_epistemic_5%,28,27.700000000000003,0.44474144553992256,0.4214341941554786
moae,alpha_volume_epistemic_5%,29,28.700000000000003,0.44419016637228526,0.4214341941554786
moae,alpha_volume_epistemic_5%,30,29.700000000000003,0.4426656524375825,0.4214341941554786
moae,alpha_volume_epistemic_5%,31,30.65,0.4424070019513867,0.4214341941554786
moae,alpha_volume_epistemic_5%,32,31.65,0.4422298236383954,0.4214341941554786
moae,alpha_volume_epistemic_5%,33,32.65,0.44120765746847845,0.4214341941554786
moae,alpha_volume_epistemic_5%,34,33.650000000000006,0.4397605368336686,0.4214341941554786
moae,alpha_volume_epistemic_5%,35,34.650000000000006,0.4387094995500427,0.4214341941554786
moae,alpha_volume_epistemic_5%,36,35.6,0.438739812537991,0.4214341941554786
moae,alpha_volume_epistemic_5%,37,36.6,0.43798176679827594,0.4214341941554786
moae,alpha_volume_epistemic_5%,38,37.6,0.43705906785777743,0.4214341941554786
moae,alpha_volume_epistemic_5%,39,38.6,0.4359769109254367,0.4214341941554786
moae,alpha_volume_epistemic_5%,40,39.6,0.43471080303806603,0.4214341941554786
moae,alpha_volume_epistemic_5%,41,40.55,0.4347302546400928,0.4214341941554786
moae,alpha_volume_epistemic_5%,42,41.55,0.4340181784817247,0.4214341941554786
moae,alpha_volume_epistemic_5%,43,42.55,0.4331538902211256,0.4214341941554786
moae,alpha_volume_epistemic_5%,44,43.55,0.43057216986139335,0.4214341941554786
moae,alpha_volume_epistemic_5%,45,44.55,0.4300782696068369,0.4214341941554786
moae,alpha_volume_epistemic_5%,46,45.49999999999999,0.43034704279250785,0.4214341941554786
moae,alpha_volume_epistemic_5%,47,46.5,0.4290954091638101,0.4214341941554786
moae,alpha_volume_epistemic_5%,48,47.5,0.429117628215568,0.4214341941554786
moae,alpha_volume_epistemic_5%,49,48.5,0.4286523529507962,0.4214341941554786
moae,alpha_volume_epistemic_5%,50,49.5,0.42898506869753233,0.4214341941554786
moae,alpha_volume_epistemic_5%,51,50.449999999999996,0.42809182137698404,0.4214341941554786
moae,alpha_volume_epistemic_5%,52,51.449999999999996,0.42662359670669064,0.4214341941554786
moae,alpha_volume_epistemic_5%,53,52.449999999999996,0.4249607162783316,0.4214341941554786
moae,alpha_volume_epistemic_5%,54,53.449999999999996,0.4241322429727457,0.4214341941554786
moae,alpha_volume_epistemic_5%,55,54.449999999999996,0.4221685995977588,0.4214341941554786
moae,alpha_volume_epistemic_5%,56,55.400000000000006,0.4207645033643464,0.4214341941554786
moae,alpha_volume_epistemic_5%,57,56.400000000000006,0.4192743262340554,0.4214341941554786
moae,alpha_volume_epistemic_5%,58,57.400000000000006,0.4173396964021986,0.4214341941554786
moae,alpha_volume_epistemic_5%,59,58.400000000000006,0.41546245808721266,0.4214341941554786
moae,alpha_volume_epistemic_5%,60,59.4,0.4149736007727189,0.4214341941554786
moae,alpha_volume_epistemic_5%,61,60.349999999999994,0.41634915721282906,0.4214341941554786
moae,alpha_volume_epistemic_5%,62,61.349999999999994,0.4164073245801731,0.4214341941554786
moae,alpha_volume_epistemic_5%,63,62.349999999999994,0.41577232470021297,0.4214341941554786
moae,alpha_volume_epistemic_5%,64,63.349999999999994,0.4121102231673743,0.4214341941554786
moae,alpha_volume_epistemic_5%,65,64.35,0.4117086466383686,0.4214341941554786
moae,alpha_volume_epistemic_5%,66,65.3,0.41200468972199744,0.4214341941554786
moae,alpha_volume_epistemic_5%,67,66.3,0.41426672408572013,0.4214341941554786
moae,alpha_volume_epistemic_5%,68,67.30000000000001,0.413621279860649,0.4214341941554786
moae,alpha_volume_epistemic_5%,69,68.30000000000001,0.4135607276229663,0.4214341941554786
moae,alpha_volume_epistemic_5%,70,69.30000000000001,0.41312123085741825,0.4214341941554786
moae,alpha_volume_epistemic_5%,71,70.25,0.41235927580711984,0.4214341941554786
moae,alpha_volume_epistemic_5%,72,71.25,0.41180034875942206,0.4214341941554786
moae,alpha_volume_epistemic_5%,73,72.24999999999999,0.40968159228768086,0.4214341941554786
moae,alpha_volume_epistemic_5%,74,73.25,0.4081762697963284,0.4214341941554786
moae,alpha_volume_epistemic_5%,75,74.25,0.4054290463007418,0.4214341941554786
moae,alpha_volume_epistemic_5%,76,75.2,0.4037889138340489,0.4214341941554786
moae,alpha_volume_epistemic_5%,77,76.2,0.4103610271200585,0.4214341941554786
moae,alpha_volume_epistemic_5%,78,77.2,0.40838045196544076,0.4214341941554786
moae,alpha_volume_epistemic_5%,79,78.2,0.40831887474556006,0.4214341941554786
moae,alpha_volume_epistemic_5%,80,79.2,0.4107659339858637,0.4214341941554786
moae,alpha_volume_epistemic_5%,81,80.15,0.41603849160031187,0.4214341941554786
moae,alpha_volume_epistemic_5%,82,81.15,0.4115179468182618,0.4214341941554786
moae,alpha_volume_epistemic_5%,83,82.15,0.40852717292608204,0.4214341941554786
moae,alpha_volume_epistemic_5%,84,83.15,0.4055452909390311,0.4214341941554786
moae,alpha_volume_epistemic_5%,85,84.15,0.4097696576167059,0.4214341941554786
moae,alpha_volume_epistemic_5%,86,85.1,0.40905902918800274,0.4214341941554786
moae,alpha_volume_epistemic_5%,87,86.1,0.402106904591804,0.4214341941554786
moae,alpha_volume_epistemic_5%,88,87.1,0.40742361123434745,0.4214341941554786
moae,alpha_volume_epistemic_5%,89,88.1,0.39766731608399664,0.4214341941554786
moae,alpha_volume_epistemic_5%,90,89.1,0.3929739909919075,0.4214341941554786
moae,alpha_volume_epistemic_5%,91,90.05,0.4006872484583926,0.4214341941554786
moae,alpha_volume_epistemic_5%,92,91.05,0.400139068288932,0.4214341941554786
moae,alpha_volume_epistemic_5%,93,92.05,0.39749333565872724,0.4214341941554786
moae,alpha_volume_epistemic_5%,94,93.05,0.3933390381601666,0.4214341941554786
moae,alpha_volume_epistemic_5%,95,94.05,0.3870419787635981,0.4214341941554786
moae,alpha_volume_epistemic_5%,96,95.0,0.39258044796205205,0.4214341941554786
moae,alpha_volume_epistemic_5%,97,96.0,0.3937846853208883,0.4214341941554786
moae,alpha_volume_epistemic_5%,98,97.0,0.3681600717478076,0.4214341941554786
moae,alpha_volume_epistemic_5%,99,98.0,0.36686686686686676,0.4214341941554786
moae,alpha_volume_epistemic_5%,100,99.0,0.39201628125307286,0.4214341941554786
moae,integrated_volume_total,0,0.0,0.4519429612012775,0.44900549764000436
moae,integrated_volume_total,1,0.9499999999999953,0.4520428409497849,0.44900549764000436
moae,integrated_volume_total,2,1.9499999999999962,0.45200228224285327,0.44900549764000436
moae,integrated_volume_total,3,2.949999999999997,0.4513910388250377,0.44900549764000436
moae,integrated_volume_total,4,3.949999999999998,0.4509735432220554,0.44900549764000436
moae,integrated_volume_total,5,4.949999999999999,0.4510132578406454,0.44900549764000436
moae,integrated_volume_total,6,5.900000000000006,0.45090224846323856,0.44900549764000436
moae,integrated_volume_total,7,6.899999999999995,0.4512323301685574,0.44900549764000436
moae,integrated_volume_total,8,7.899999999999996,0.45058461799177923,0.44900549764000436
moae,integrated_volume_total,9,8.899999999999997,0.4493945985092457,0.44900549764000436
moae,integrated_volume_total,10,9.899999999999999,0.4491946856812155,0.44900549764000436
moae,integrated_volume_total,11,10.850000000000005,0.44917885400789204,0.44900549764000436
moae,integrated_volume_total,12,11.850000000000005,0.4496690330424185,0.44900549764000436
moae,integrated_volume_total,13,12.849999999999994,0.44973329809964513,0.44900549764000436
moae,integrated_volume_total,14,13.849999999999996,0.44922316169844356,0.44900549764000436
moae,integrated_volume_total,15,14.849999999999996,0.44820438062822493,0.44900549764000436
moae,integrated_volume_total,16,15.800000000000002,0.4471013033377353,0.44900549764000436
moae,integrated_volume_total,17,16.800000000000004,0.4472054243100826,0.44900549764000436
moae,integrated_volume_total,18,17.800000000000004,0.4475023451221062,0.44900549764000436
moae,integrated_volume_total,19,18.799999999999994,0.4481486882362199,0.44900549764000436
moae,integrated_volume_total,20,19.799999999999997,0.4477783029446914,0.44900549764000436
moae,integrated_volume_total,21,20.75,0.44729905943830434,0.44900549764000436
moae,integrated_volume_total,22,21.750000000000004,0.44618663235170286,0.44900549764000436
moae,integrated_volume_total,23,22.750000000000004,0.44640920888522123,0.44900549764000436
moae,integrated_volume_total,24,23.750000000000004,0.4461568244635832,0.44900549764000436
moae,integrated_volume_total,25,24.750000000000007,0.44552276758425785,0.44900549764000436
moae,integrated_volume_total,26,25.7,0.445429877707126,0.44900549764000436
moae,integrated_volume_total,27,26.700000000000003,0.44486719470100017,0.44900549764000436
moae,integrated_volume_total,28,27.700000000000003,0.4441426922933358,0.44900549764000436
moae,integrated_volume_total,29,28.700000000000003,0.4436979672677895,0.44900549764000436
moae,integrated_volume_total,30,29.700000000000003,0.4426025105277838,0.44900549764000436
moae,integrated_volume_total,31,30.65,0.442503577367853,0.44900549764000436
moae,integrated_volume_total,32,31.65,0.4433456406637491,0.44900549764000436
moae,integrated_volume_total,33,32.65,0.44404922015238113,0.44900549764000436
moae,integrated_volume_total,34,33.650000000000006,0.4442704788392788,0.44900549764000436
moae,integrated_volume_total,35,34.650000000000006,0.44374033600942075,0.44900549764000436
moae,integrated_volume_total,36,35.6,0.44125396504424275,0.44900549764000436
moae,integrated_volume_total,37,36.6,0.44169998059507637,0.44900549764000436
moae,integrated_volume_total,38,37.6,0.4431037370848694,0.44900549764000436
moae,integrated_volume_total,39,38.6,0.44251742387224247,0.44900549764000436
moae,integrated_volume_total,40,39.6,0.44309871553556757,0.44900549764000436
moae,integrated_volume_total,41,40.55,0.44341320045220206,0.44900549764000436
moae,integrated_volume_total,42,41.55,0.44313119714511434,0.44900549764000436
moae,integrated_volume_total,43,42.55,0.44316821350709334,0.44900549764000436
moae,integrated_volume_total,44,43.55,0.4435578604656059,0.44900549764000436
moae,integrated_volume_total,45,44.55,0.4453222681117906,0.44900549764000436
moae,integrated_volume_total,46,45.49999999999999,0.4453516521237659,0.44900549764000436
moae,integrated_volume_total,47,46.5,0.44623631314927403,0.44900549764000436
moae,integrated_volume_total,48,47.5,0.44710221413231316,0.44900549764000436
moae,integrated_volume_total,49,48.5,0.4501361511640227,0.44900549764000436
moae,integrated_volume_total,50,49.5,0.451070202293778,0.44900549764000436
moae,integrated_volume_total,51,50.449999999999996,0.4525814284385055,0.44900549764000436
moae,integrated_volume_total,52,51.449999999999996,0.45312789832833866,0.44900549764000436
moae,integrated_volume_total,53,52.449999999999996,0.45480517540415283,0.44900549764000436
moae,integrated_volume_total,54,53.449999999999996,0.4548005901032016,0.44900549764000436
moae,integrated_volume_total,55,54.449999999999996,0.455942677404222,0.44900549764000436
moae,integrated_volume_total,56,55.400000000000006,0.45647413098028644,0.44900549764000436
moae,integrated_volume_total,57,56.400000000000006,0.45633247072680394,0.44900549764000436
moae,integrated_volume_total,58,57.400000000000006,0.45664969882880024,0.44900549764000436
moae,integrated_volume_total,59,58.400000000000006,0.45925907693463713,0.44900549764000436
moae,integrated_volume_total,60,59.4,0.45911542571718167,0.44900549764000436
moae,integrated_volume_total,61,60.349999999999994,0.45883627326190995,0.44900549764000436
moae,integrated_volume_total,62,61.349999999999994,0.4593089889783834,0.44900549764000436
moae,integrated_volume_total,63,62.349999999999994,0.45973537944596904,0.44900549764000436
moae,integrated_volume_total,64,63.349999999999994,0.46036767337856827,0.44900549764000436
moae,integrated_volume_total,65,64.35,0.46328524187848996,0.44900549764000436
moae,integrated_volume_total,66,65.3,0.46266933916172226,0.44900549764000436
moae,integrated_volume_total,67,66.3,0.4622262083398966,0.44900549764000436
moae,integrated_volume_total,68,67.30000000000001,0.4620582572730123,0.44900549764000436
moae,integrated_volume_total,69,68.30000000000001,0.4621974605615263,0.44900549764000436
moae,integrated_volume_total,70,69.30000000000001,0.4607195214040062,0.44900549764000436
moae,integrated_volume_total,71,70.25,0.4619674686967352,0.44900549764000436
moae,integrated_volume_total,72,71.25,0.4644179280680595,0.44900549764000436
moae,integrated_volume_total,73,72.24999999999999,0.46402171681697724,0.44900549764000436
moae,integrated_volume_total,74,73.25,0.4669543626435915,0.44900549764000436
moae,integrated_volume_total,75,74.25,0.46413795519869594,0.44900549764000436
moae,integrated_volume_total,76,75.2,0.46516049266033427,0.44900549764000436
moae,integrated_volume_total,77,76.2,0.46670122287218385,0.44900549764000436
moae,integrated_volume_total,78,77.2,0.46640969303790675,0.44900549764000436
moae,integrated_volume_total,79,78.2,0.46594216304623964,0.44900549764000436
moae,integrated_volume_total,80,79.2,0.46672604083600555,0.44900549764000436
moae,integrated_volume_total,81,80.15,0.4653601932656676,0.44900549764000436
moae,integrated_volume_total,82,81.15,0.4684644367951136,0.44900549764000436
moae,integrated_volume_total,83,82.15,0.4648857230602251,0.44900549764000436
moae,integrated_volume_total,84,83.15,0.46360005845392555,0.44900549764000436
moae,integrated_volume_total,85,84.15,0.4643467575739912,0.44900549764000436
moae,integrated_volume_total,86,85.1,0.4671327053680374,0.44900549764000436
moae,integrated_volume_total,87,86.1,0.4653082602511703,0.44900549764000436
moae,integrated_volume_total,88,87.1,0.46520389887249153,0.44900549764000436
moae,integrated_volume_total,89,88.1,0.4599666191535809,0.44900549764000436
moae,integrated_volume_total,90,89.1,0.46329045124355567,0.44900549764000436
moae,integrated_volume_total,91,90.05,0.46473953867083834,0.44900549764000436
moae,integrated_volume_total,92,91.05,0.4617364857992824,0.44900549764000436
moae,integrated_volume_total,93,92.05,0.4567267121021622,0.44900549764000436
moae,integrated_volume_total,94,93.05,0.45417307722844824,0.44900549764000436
moae,integrated_volume_total,95,94.05,0.45309530351218175,0.44900549764000436
moae,integrated_volume_total,96,95.0,0.4546675841000685,0.44900549764000436
moae,integrated_volume_total,97,96.0,0.4526561793195837,0.44900549764000436
moae,integrated_volume_total,98,97.0,0.44801096014403163,0.44900549764000436
moae,integrated_volume_total,99,98.0,0.4461653441105488,0.44900549764000436
moae,integrated_volume_total,100,99.0,0.4657162062250114,0.44900549764000436
moae,integrated_volume_aleatoric,0,0.0,0.45194296120127747,0.45072260194491565
moae,integrated_volume_aleatoric,1,0.9499999999999953,0.4518704256022866,0.45072260194491565
moae,integrated_volume_aleatoric,2,1.9499999999999962,0.45197740884872756,0.45072260194491565
moae,integrated_volume_aleatoric,3,2.949999999999997,0.45176235295214784,0.45072260194491565
moae,integrated_volume_aleatoric,4,3.949999999999998,0.45167766850863583,0.45072260194491565
moae,integrated_volume_aleatoric,5,4.949999999999999,0.4517030895988919,0.45072260194491565
moae,integrated_volume_aleatoric,6,5.900000000000006,0.4521794719423499,0.45072260194491565
moae,integrated_volume_aleatoric,7,6.899999999999995,0.4528478491264958,0.45072260194491565
moae,integrated_volume_aleatoric,8,7.899999999999996,0.45397227065667867,0.45072260194491565
moae,integrated_volume_aleatoric,9,8.899999999999997,0.45477322565574146,0.45072260194491565
moae,integrated_volume_aleatoric,10,9.899999999999999,0.45389699520682414,0.45072260194491565
moae,integrated_volume_aleatoric,11,10.850000000000005,0.4539249439860004,0.45072260194491565
moae,integrated_volume_aleatoric,12,11.850000000000005,0.4539778486950896,0.45072260194491565
moae,integrated_volume_aleatoric,13,12.849999999999994,0.45478356704474404,0.45072260194491565
moae,integrated_volume_aleatoric,14,13.849999999999996,0.4542289569622082,0.45072260194491565
moae,integrated_volume_aleatoric,15,14.849999999999996,0.45445700642067516,0.45072260194491565
moae,integrated_volume_aleatoric,16,15.800000000000002,0.45377961430970915,0.45072260194491565
moae,integrated_volume_aleatoric,17,16.800000000000004,0.4527631375229403,0.45072260194491565
moae,integrated_volume_aleatoric,18,17.800000000000004,0.4532547609811304,0.45072260194491565
moae,integrated_volume_aleatoric,19,18.799999999999994,0.4533609464610199,0.45072260194491565
moae,integrated_volume_aleatoric,20,19.799999999999997,0.4536624464080767,0.45072260194491565
moae,integrated_volume_aleatoric,21,20.75,0.4542192009667787,0.45072260194491565
moae,integrated_volume_aleatoric,22,21.750000000000004,0.4535989826887201,0.45072260194491565
moae,integrated_volume_aleatoric,23,22.750000000000004,0.45446174553135255,0.45072260194491565
moae,integrated_volume_aleatoric,24,23.750000000000004,0.4544544422443744,0.45072260194491565
moae,integrated_volume_aleatoric,25,24.750000000000007,0.4525098015277514,0.45072260194491565
moae,integrated_volume_aleatoric,26,25.7,0.4515850610858676,0.45072260194491565
moae,integrated_volume_aleatoric,27,26.700000000000003,0.451079866545355,0.45072260194491565
moae,integrated_volume_aleatoric,28,27.700000000000003,0.450668016959263,0.45072260194491565
moae,integrated_volume_aleatoric,29,28.700000000000003,0.4516064254085837,0.45072260194491565
moae,integrated_volume_aleatoric,30,29.700000000000003,0.45086285230425593,0.45072260194491565
moae,integrated_volume_aleatoric,31,30.65,0.4498062435141004,0.45072260194491565
moae,integrated_volume_aleatoric,32,31.65,0.44910210176903204,0.45072260194491565
moae,integrated_volume_aleatoric,33,32.65,0.4496886591081555,0.45072260194491565
moae,integrated_volume_aleatoric,34,33.650000000000006,0.4495357290178672,0.45072260194491565
moae,integrated_volume_aleatoric,35,34.650000000000006,0.44935416804937617,0.45072260194491565
moae,integrated_volume_aleatoric,36,35.6,0.4484369449940544,0.45072260194491565
moae,integrated_volume_aleatoric,37,36.6,0.44952024869240376,0.45072260194491565
moae,integrated_volume_aleatoric,38,37.6,0.44747106162003986,0.45072260194491565
moae,integrated_volume_aleatoric,39,38.6,0.4469538036536379,0.45072260194491565
moae,integrated_volume_aleatoric,40,39.6,0.4467602157335306,0.45072260194491565
moae,integrated_volume_aleatoric,41,40.55,0.44700799894939197,0.45072260194491565
moae,integrated_volume_aleatoric,42,41.55,0.4466986515520138,0.45072260194491565
moae,integrated_volume_aleatoric,43,42.55,0.4451414405190251,0.45072260194491565
moae,integrated_volume_aleatoric,44,43.55,0.4456048391973533,0.45072260194491565
moae,integrated_volume_aleatoric,45,44.55,0.44566187069879437,0.45072260194491565
moae,integrated_volume_aleatoric,46,45.49999999999999,0.44528052053501266,0.45072260194491565
moae,integrated_volume_aleatoric,47,46.5,0.44668887538467,0.45072260194491565
moae,integrated_volume_aleatoric,48,47.5,0.44624779528516295,0.45072260194491565
moae,integrated_volume_aleatoric,49,48.5,0.44830303353283163,0.45072260194491565
moae,integrated_volume_aleatoric,50,49.5,0.4463774392355501,0.45072260194491565
moae,integrated_volume_aleatoric,51,50.449999999999996,0.4459956693206621,0.45072260194491565
moae,integrated_volume_aleatoric,52,51.449999999999996,0.445889750552766,0.45072260194491565
moae,integrated_volume_aleatoric,53,52.449999999999996,0.44830815756671877,0.45072260194491565
moae,integrated_volume_aleatoric,54,53.449999999999996,0.4505414948639302,0.45072260194491565
moae,integrated_volume_aleatoric,55,54.449999999999996,0.4499473927125949,0.45072260194491565
moae,integrated_volume_aleatoric,56,55.400000000000006,0.4517455250783897,0.45072260194491565
moae,integrated_volume_aleatoric,57,56.400000000000006,0.45127732504525553,0.45072260194491565
moae,integrated_volume_aleatoric,58,57.400000000000006,0.455112141614718,0.45072260194491565
moae,integrated_volume_aleatoric,59,58.400000000000006,0.4550091456374379,0.45072260194491565
moae,integrated_volume_aleatoric,60,59.4,0.4568642279110493,0.45072260194491565
moae,integrated_volume_aleatoric,61,60.349999999999994,0.4564837581398826,0.45072260194491565
moae,integrated_volume_aleatoric,62,61.349999999999994,0.45683407726480757,0.45072260194491565
moae,integrated_volume_aleatoric,63,62.349999999999994,0.45943298475504885,0.45072260194491565
moae,integrated_volume_aleatoric,64,63.349999999999994,0.46126727359256947,0.45072260194491565
moae,integrated_volume_aleatoric,65,64.35,0.46258503599251133,0.45072260194491565
moae,integrated_volume_aleatoric,66,65.3,0.4600208078498366,0.45072260194491565
moae,integrated_volume_aleatoric,67,66.3,0.4604161675128587,0.45072260194491565
moae,integrated_volume_aleatoric,68,67.30000000000001,0.46056403728893297,0.45072260194491565
moae,integrated_volume_aleatoric,69,68.30000000000001,0.4620435288698786,0.45072260194491565
moae,integrated_volume_aleatoric,70,69.30000000000001,0.4623498161939101,0.45072260194491565
moae,integrated_volume_aleatoric,71,70.25,0.4648611186492087,0.45072260194491565
moae,integrated_volume_aleatoric,72,71.25,0.4638630296045419,0.45072260194491565
moae,integrated_volume_aleatoric,73,72.24999999999999,0.46214596719347995,0.45072260194491565
moae,integrated_volume_aleatoric,74,73.25,0.4632848006515174,0.45072260194491565
moae,integrated_volume_aleatoric,75,74.25,0.4624129006284683,0.45072260194491565
moae,integrated_volume_aleatoric,76,75.2,0.4587326741152252,0.45072260194491565
moae,integrated_volume_aleatoric,77,76.2,0.46091808763452713,0.45072260194491565
moae,integrated_volume_aleatoric,78,77.2,0.46316624278652585,0.45072260194491565
moae,integrated_volume_aleatoric,79,78.2,0.46369211666613724,0.45072260194491565
moae,integrated_volume_aleatoric,80,79.2,0.46157656635791466,0.45072260194491565
moae,integrated_volume_aleatoric,81,80.15,0.46263065238551593,0.45072260194491565
moae,integrated_volume_aleatoric,82,81.15,0.46177994248298954,0.45072260194491565
moae,integrated_volume_aleatoric,83,82.15,0.46044838908285607,0.45072260194491565
moae,integrated_volume_aleatoric,84,83.15,0.45989813263501284,0.45072260194491565
moae,integrated_volume_aleatoric,85,84.15,0.45973239036262564,0.45072260194491565
moae,integrated_volume_aleatoric,86,85.1,0.4626356353066708,0.45072260194491565
moae,integrated_volume_aleatoric,87,86.1,0.462202477843976,0.45072260194491565
moae,integrated_volume_aleatoric,88,87.1,0.46774986906056815,0.45072260194491565
moae,integrated_volume_aleatoric,89,88.1,0.47197421918269117,0.45072260194491565
moae,integrated_volume_aleatoric,90,89.1,0.46907587335602163,0.45072260194491565
moae,integrated_volume_aleatoric,91,90.05,0.468480556818528,0.45072260194491565
moae,integrated_volume_aleatoric,92,91.05,0.46178529410006697,0.45072260194491565
moae,integrated_volume_aleatoric,93,92.05,0.4637068239697191,0.45072260194491565
moae,integrated_volume_aleatoric,94,93.05,0.46977301564864343,0.45072260194491565
moae,integrated_volume_aleatoric,95,94.05,0.463914719978789,0.45072260194491565
moae,integrated_volume_aleatoric,96,95.0,0.4549676881966505,0.45072260194491565
moae,integrated_volume_aleatoric,97,96.0,0.4605544882452901,0.45072260194491565
moae,integrated_volume_aleatoric,98,97.0,0.4452789389514758,0.45072260194491565
moae,integrated_volume_aleatoric,99,98.0,0.46853115365835485,0.45072260194491565
moae,integrated_volume_aleatoric,100,99.0,0.45858382883823146,0.45072260194491565
moae,integrated_volume_epistemic,0,0.0,0.45194296120127747,0.42122531125888535
moae,integrated_volume_epistemic,1,0.9499999999999953,0.4522266478512254,0.42122531125888535
moae,integrated_volume_epistemic,2,1.9499999999999962,0.4522109392173482,0.42122531125888535
moae,integrated_volume_epistemic,3,2.949999999999997,0.45204277626586953,0.42122531125888535
moae,integrated_volume_epistemic,4,3.949999999999998,0.45182681455680096,0.42122531125888535
moae,integrated_volume_epistemic,5,4.949999999999999,0.4515668214257167,0.42122531125888535
moae,integrated_volume_epistemic,6,5.900000000000006,0.45108444133713843,0.42122531125888535
moae,integrated_volume_epistemic,7,6.899999999999995,0.45091518101201866,0.42122531125888535
moae,integrated_volume_epistemic,8,7.899999999999996,0.45086180006106585,0.42122531125888535
moae,integrated_volume_epistemic,9,8.899999999999997,0.45026610747813367,0.42122531125888535
moae,integrated_volume_epistemic,10,9.899999999999999,0.4501904448712836,0.42122531125888535
moae,integrated_volume_epistemic,11,10.850000000000005,0.4501613393540074,0.42122531125888535
moae,integrated_volume_epistemic,12,11.850000000000005,0.4500870811820052,0.42122531125888535
moae,integrated_volume_epistemic,13,12.849999999999994,0.4497849961549875,0.42122531125888535
moae,integrated_volume_epistemic,14,13.849999999999996,0.4491011706422403,0.42122531125888535
moae,integrated_volume_epistemic,15,14.849999999999996,0.44875908574366274,0.42122531125888535
moae,integrated_volume_epistemic,16,15.800000000000002,0.44838743444941453,0.42122531125888535
moae,integrated_volume_epistemic,17,16.800000000000004,0.4478498148832516,0.42122531125888535
moae,integrated_volume_epistemic,18,17.800000000000004,0.44801604553010294,0.42122531125888535
moae,integrated_volume_epistemic,19,18.799999999999994,0.4476763312403845,0.42122531125888535
moae,integrated_volume_epistemic,20,19.799999999999997,0.448255645746263,0.42122531125888535
moae,integrated_volume_epistemic,21,20.75,0.44807026272082046,0.42122531125888535
moae,integrated_volume_epistemic,22,21.750000000000004,0.44729070424849476,0.42122531125888535
moae,integrated_volume_epistemic,23,22.750000000000004,0.4460868324616663,0.42122531125888535
moae,integrated_volume_epistemic,24,23.750000000000004,0.4460829125819013,0.42122531125888535
moae,integrated_volume_epistemic,25,24.750000000000007,0.4447154378940785,0.42122531125888535
moae,integrated_volume_epistemic,26,25.7,0.4443469690221493,0.42122531125888535
moae,integrated_volume_epistemic,27,26.700000000000003,0.4440272701900244,0.42122531125888535
moae,integrated_volume_epistemic,28,27.700000000000003,0.44319339496533816,0.42122531125888535
moae,integrated_volume_epistemic,29,28.700000000000003,0.44304422007575284,0.42122531125888535
moae,integrated_volume_epistemic,30,29.700000000000003,0.4431124112166771,0.42122531125888535
moae,integrated_volume_epistemic,31,30.65,0.4430872098450683,0.42122531125888535
moae,integrated_volume_epistemic,32,31.65,0.44210715913002196,0.42122531125888535
moae,integrated_volume_epistemic,33,32.65,0.44146122450886033,0.42122531125888535
moae,integrated_volume_epistemic,34,33.650000000000006,0.440527093479399,0.42122531125888535
moae,integrated_volume_epistemic,35,34.650000000000006,0.4399205141213018,0.42122531125888535
moae,integrated_volume_epistemic,36,35.6,0.43961119109713315,0.42122531125888535
moae,integrated_volume_epistemic,37,36.6,0.43858565980711517,0.42122531125888535
moae,integrated_volume_epistemic,38,37.6,0.43746108305293335,0.42122531125888535
moae,integrated_volume_epistemic,39,38.6,0.43671051162589053,0.42122531125888535
moae,integrated_volume_epistemic,40,39.6,0.43613188554285665,0.42122531125888535
moae,integrated_volume_epistemic,41,40.55,0.43458395447025655,0.42122531125888535
moae,integrated_volume_epistemic,42,41.55,0.43275727300744,0.42122531125888535
moae,integrated_volume_epistemic,43,42.55,0.43180134141388554,0.42122531125888535
moae,integrated_volume_epistemic,44,43.55,0.43166381318704183,0.42122531125888535
moae,integrated_volume_epistemic,45,44.55,0.4309120322683071,0.42122531125888535
moae,integrated_volume_epistemic,46,45.49999999999999,0.4291646542566659,0.42122531125888535
moae,integrated_volume_epistemic,47,46.5,0.4284124649104432,0.42122531125888535
moae,integrated_volume_epistemic,48,47.5,0.42754460795649796,0.42122531125888535
moae,integrated_volume_epistemic,49,48.5,0.4271010515039918,0.42122531125888535
moae,integrated_volume_epistemic,50,49.5,0.4261258028981956,0.42122531125888535
moae,integrated_volume_epistemic,51,50.449999999999996,0.42652493375339423,0.42122531125888535
moae,integrated_volume_epistemic,52,51.449999999999996,0.4257718054195542,0.42122531125888535
moae,integrated_volume_epistemic,53,52.449999999999996,0.42469755132499604,0.42122531125888535
moae,integrated_volume_epistemic,54,53.449999999999996,0.42326670525417254,0.42122531125888535
moae,integrated_volume_epistemic,55,54.449999999999996,0.42242680533326854,0.42122531125888535
moae,integrated_volume_epistemic,56,55.400000000000006,0.4215219763077206,0.42122531125888535
moae,integrated_volume_epistemic,57,56.400000000000006,0.4203232395390237,0.42122531125888535
moae,integrated_volume_epistemic,58,57.400000000000006,0.41846169892070795,0.42122531125888535
moae,integrated_volume_epistemic,59,58.400000000000006,0.41872893393761146,0.42122531125888535
moae,integrated_volume_epistemic,60,59.4,0.4180924590389266,0.42122531125888535
moae,integrated_volume_epistemic,61,60.349999999999994,0.41808480231521294,0.42122531125888535
moae,integrated_volume_epistemic,62,61.349999999999994,0.41582781272606334,0.42122531125888535
moae,integrated_volume_epistemic,63,62.349999999999994,0.4142385506193151,0.42122531125888535
moae,integrated_volume_epistemic,64,63.349999999999994,0.414814154929969,0.42122531125888535
moae,integrated_volume_epistemic,65,64.35,0.4140251011001916,0.42122531125888535
moae,integrated_volume_epistemic,66,65.3,0.41467845534573405,0.42122531125888535
moae,integrated_volume_epistemic,67,66.3,0.41364667510526776,0.42122531125888535
moae,integrated_volume_epistemic,68,67.30000000000001,0.41281387505436923,0.42122531125888535
moae,integrated_volume_epistemic,69,68.30000000000001,0.4144133152263425,0.42122531125888535
moae,integrated_volume_epistemic,70,69.30000000000001,0.41396088060672326,0.42122531125888535
moae,integrated_volume_epistemic,71,70.25,0.41168007871291823,0.42122531125888535
moae,integrated_volume_epistemic,72,71.25,0.4107732688112156,0.42122531125888535
moae,integrated_volume_epistemic,73,72.24999999999999,0.40822296618562454,0.42122531125888535
moae,integrated_volume_epistemic,74,73.25,0.4081692396815748,0.42122531125888535
moae,integrated_volume_epistemic,75,74.25,0.40779791526661263,0.42122531125888535
moae,integrated_volume_epistemic,76,75.2,0.4092000759035659,0.42122531125888535
moae,integrated_volume_epistemic,77,76.2,0.408978352218661,0.42122531125888535
moae,integrated_volume_epistemic,78,77.2,0.4093573275260359,0.42122531125888535
moae,integrated_volume_epistemic,79,78.2,0.4108644642585995,0.42122531125888535
moae,integrated_volume_epistemic,80,79.2,0.4155303137502434,0.42122531125888535
moae,integrated_volume_epistemic,81,80.15,0.4111501081289159,0.42122531125888535
moae,integrated_volume_epistemic,82,81.15,0.40580594290228905,0.42122531125888535
moae,integrated_volume_epistemic,83,82.15,0.4051904479637206,0.42122531125888535
moae,integrated_volume_epistemic,84,83.15,0.4071343880468934,0.42122531125888535
moae,integrated_volume_epistemic,85,84.15,0.41214975932576625,0.42122531125888535
moae,integrated_volume_epistemic,86,85.1,0.40903378682965913,0.42122531125888535
moae,integrated_volume_epistemic,87,86.1,0.40731886294966063,0.42122531125888535
moae,integrated_volume_epistemic,88,87.1,0.41391746070214985,0.42122531125888535
moae,integrated_volume_epistemic,89,88.1,0.400474807190917,0.42122531125888535
moae,integrated_volume_epistemic,90,89.1,0.38919150506432026,0.42122531125888535
moae,integrated_volume_epistemic,91,90.05,0.3906080368332911,0.42122531125888535
moae,integrated_volume_epistemic,92,91.05,0.40425627292215843,0.42122531125888535
moae,integrated_volume_epistemic,93,92.05,0.3961083028271536,0.42122531125888535
moae,integrated_volume_epistemic,94,93.05,0.39982033960549673,0.42122531125888535
moae,integrated_volume_epistemic,95,94.05,0.3897653521393418,0.42122531125888535
moae,integrated_volume_epistemic,96,95.0,0.3782036446615696,0.42122531125888535
moae,integrated_volume_epistemic,97,96.0,0.37676766830387126,0.42122531125888535
moae,integrated_volume_epistemic,98,97.0,0.3735614289430329,0.42122531125888535
moae,integrated_volume_epistemic,99,98.0,0.3549488826396846,0.42122531125888535
moae,integrated_volume_epistemic,100,99.0,0.3689932582300498,0.42122531125888535
