metric,measure,point_index,abstention,risk,aurc
lr_true,differential_entropy_total,0,0.0,1.2183517963268629,0.9095271688386691
lr_true,differential_entropy_total,1,0.990000000000002,1.2305205978809675,0.9095271688386691
lr_true,differential_entropy_total,2,1.980000000000004,1.2429423560432011,0.9095271688386691
lr_true,differential_entropy_total,3,2.969999999999995,1.2556150525690914,0.9095271688386691
lr_true,differential_entropy_total,4,3.959999999999997,1.2685509919334463,0.9095271688386691
lr_true,differential_entropy_total,5,4.949999999999999,1.2817566047052793,0.9095271688386691
lr_true,differential_entropy_total,6,5.940000000000001,1.2952399351972343,0.9095271688386691
lr_true,differential_entropy_total,7,6.930000000000003,1.3090088730657423,0.9095271688386691
lr_true,differential_entropy_total,8,7.920000000000005,1.3230606884833054,0.9095271688386691
lr_true,differential_entropy_total,9,8.909999999999997,1.3374290329581775,0.9095271688386691
lr_true,differential_entropy_total,10,9.899999999999999,1.3521119849385472,0.9095271688386691
lr_true,differential_entropy_total,11,10.89,1.3671218184851242,0.9095271688386691
lr_true,differential_entropy_total,12,11.880000000000003,1.3824696250103945,0.9095271688386691
lr_true,differential_entropy_total,13,12.870000000000005,1.3981647641210573,0.9095271688386691
lr_true,differential_entropy_total,14,13.859999999999994,1.4142163926067841,0.9095271688386691
lr_true,differential_entropy_total,15,14.849999999999996,1.430643411106964,0.9095271688386691
lr_true,differential_entropy_total,16,15.839999999999998,1.4474645019655517,0.9095271688386691
lr_true,differential_entropy_total,17,16.830000000000002,1.4646855565215926,0.9095271688386691
lr_true,differential_entropy_total,18,17.820000000000004,1.4823210298841034,0.9095271688386691
lr_true,differential_entropy_total,19,18.810000000000006,1.5003878919395672,0.9095271688386691
lr_true,differential_entropy_total,20,19.799999999999997,1.518899186489056,0.9095271688386691
lr_true,differential_entropy_total,21,20.79,1.5378725363402324,0.9095271688386691
lr_true,differential_entropy_total,22,21.78,1.5573267317252157,0.9095271688386691
lr_true,differential_entropy_total,23,22.770000000000003,1.577274681259066,0.9095271688386691
lr_true,differential_entropy_total,24,23.760000000000005,1.5977436419903697,0.9095271688386691
lr_true,differential_entropy_total,25,24.750000000000007,1.6185036102574606,0.9095271688386691
lr_true,differential_entropy_total,26,25.739999999999995,1.6400721890089613,0.9095271688386691
lr_true,differential_entropy_total,27,26.729999999999997,1.662224824932251,0.9095271688386691
lr_true,differential_entropy_total,28,27.72,1.6849798724451488,0.9095271688386691
lr_true,differential_entropy_total,29,28.71,1.7083529279056102,0.9095271688386691
lr_true,differential_entropy_total,30,29.700000000000003,1.7324026431193489,0.9095271688386691
lr_true,differential_entropy_total,31,30.689999999999994,1.7571387290398186,0.9095271688386691
lr_true,differential_entropy_total,32,31.679999999999996,1.7825883497932815,0.9095271688386691
lr_true,differential_entropy_total,33,32.67,1.8087869149843594,0.9095271688386691
lr_true,differential_entropy_total,34,33.660000000000004,1.8177386615906623,0.9095271688386691
lr_true,differential_entropy_total,35,34.650000000000006,1.7952783677794113,0.9095271688386691
lr_true,differential_entropy_total,36,35.64000000000001,1.781720227276216,0.9095271688386691
lr_true,differential_entropy_total,37,36.629999999999995,1.6689347539119752,0.9095271688386691
lr_true,differential_entropy_total,38,37.62,1.6480199840421101,0.9095271688386691
lr_true,differential_entropy_total,39,38.61,1.6383374381612055,0.9095271688386691
lr_true,differential_entropy_total,40,39.6,1.625169014475667,0.9095271688386691
lr_true,differential_entropy_total,41,40.59,1.5717780709225047,0.9095271688386691
lr_true,differential_entropy_total,42,41.58,1.5552093652325714,0.9095271688386691
lr_true,differential_entropy_total,43,42.56999999999999,1.5376181295331148,0.9095271688386691
lr_true,differential_entropy_total,44,43.56,1.5235388841438637,0.9095271688386691
lr_true,differential_entropy_total,45,44.55,1.5182925668943121,0.9095271688386691
lr_true,differential_entropy_total,46,45.540000000000006,1.5115288704531107,0.9095271688386691
lr_true,differential_entropy_total,47,46.53,1.4964961957956178,0.9095271688386691
lr_true,differential_entropy_total,48,47.519999999999996,1.4770618550449088,0.9095271688386691
lr_true,differential_entropy_total,49,48.51,1.4144450972727716,0.9095271688386691
lr_true,differential_entropy_total,50,49.5,1.3991091571240342,0.9095271688386691
lr_true,differential_entropy_total,51,50.495000000000005,1.386016635790242,0.9095271688386691
lr_true,differential_entropy_total,52,51.485,1.3689237778692007,0.9095271688386691
lr_true,differential_entropy_total,53,52.47500000000001,1.34945585560058,0.9095271688386691
lr_true,differential_entropy_total,54,53.465,1.3348836626659535,0.9095271688386691
lr_true,differential_entropy_total,55,54.455,1.3061206983804738,0.9095271688386691
lr_true,differential_entropy_total,56,55.445,1.2395383426262598,0.9095271688386691
lr_true,differential_entropy_total,57,56.435,1.2149542691728201,0.9095271688386691
lr_true,differential_entropy_total,58,57.42499999999999,1.1747686192622733,0.9095271688386691
lr_true,differential_entropy_total,59,58.41499999999999,1.1461602761841296,0.9095271688386691
lr_true,differential_entropy_total,60,59.404999999999994,1.0926422235467226,0.9095271688386691
lr_true,differential_entropy_total,61,60.394999999999996,0.9784472425828998,0.9095271688386691
lr_true,differential_entropy_total,62,61.385,0.9351738657642764,0.9095271688386691
lr_true,differential_entropy_total,63,62.375,0.3209823165238827,0.9095271688386691
lr_true,differential_entropy_total,64,63.365,0.1950872278852054,0.9095271688386691
lr_true,differential_entropy_total,65,64.355,0.13869952255893223,0.9095271688386691
lr_true,differential_entropy_total,66,65.345,0.08079345060928103,0.9095271688386691
lr_true,differential_entropy_total,67,66.335,0.016187686526242227,0.9095271688386691
lr_true,differential_entropy_total,68,67.325,0.0010119387763940244,0.9095271688386691
lr_true,differential_entropy_total,69,68.315,0.0009936198691620263,0.9095271688386691
lr_true,differential_entropy_total,70,69.30499999999999,0.001002218112979629,0.9095271688386691
lr_true,differential_entropy_total,71,70.295,0.0009956310328486143,0.9095271688386691
lr_true,differential_entropy_total,72,71.285,0.0010036442785106747,0.9095271688386691
lr_true,differential_entropy_total,73,72.275,0.0009981997138383655,0.9095271688386691
lr_true,differential_entropy_total,74,73.265,0.0009735827244691721,0.9095271688386691
lr_true,differential_entropy_total,75,74.25500000000001,0.000865094705306169,0.9095271688386691
lr_true,differential_entropy_total,76,75.245,0.0008759887779355678,0.9095271688386691
lr_true,differential_entropy_total,77,76.235,0.000878568221524219,0.9095271688386691
lr_true,differential_entropy_total,78,77.225,0.0008673913193090988,0.9095271688386691
lr_true,differential_entropy_total,79,78.215,0.0008193163476171514,0.9095271688386691
lr_true,differential_entropy_total,80,79.205,0.0008167648918463988,0.9095271688386691
lr_true,differential_entropy_total,81,80.195,0.0008213243017718543,0.9095271688386691
lr_true,differential_entropy_total,82,81.185,0.0008272792695638057,0.9095271688386691
lr_true,differential_entropy_total,83,82.175,0.0008351042322815719,0.9095271688386691
lr_true,differential_entropy_total,84,83.165,0.0008464713063492377,0.9095271688386691
lr_true,differential_entropy_total,85,84.155,0.0008376971333887522,0.9095271688386691
lr_true,differential_entropy_total,86,85.14500000000001,0.0008438363550486905,0.9095271688386691
lr_true,differential_entropy_total,87,86.135,0.0008421889778472018,0.9095271688386691
lr_true,differential_entropy_total,88,87.125,0.0008575472931193426,0.9095271688386691
lr_true,differential_entropy_total,89,88.115,0.000867755145861601,0.9095271688386691
lr_true,differential_entropy_total,90,89.105,0.0008752564675631106,0.9095271688386691
lr_true,differential_entropy_total,91,90.095,0.0008870393080053655,0.9095271688386691
lr_true,differential_entropy_total,92,91.08500000000001,0.0008854051985353192,0.9095271688386691
lr_true,differential_entropy_total,93,92.07499999999999,0.0008555913991564643,0.9095271688386691
lr_true,differential_entropy_total,94,93.065,0.0008529925204134533,0.9095271688386691
lr_true,differential_entropy_total,95,94.055,0.000826970587866116,0.9095271688386691
lr_true,differential_entropy_total,96,95.045,0.0007966052583965561,0.9095271688386691
lr_true,differential_entropy_total,97,96.035,0.0008000072815557999,0.9095271688386691
lr_true,differential_entropy_total,98,97.025,0.0008175777497424333,0.9095271688386691
lr_true,differential_entropy_total,99,98.015,0.0006456379995139161,0.9095271688386691
lr_true,differential_entropy_total,100,99.005,0.0006152865051237073,0.9095271688386691
lr_true,differential_entropy_aleatoric,0,0.0,1.2183517963268626,0.9096433681165204
lr_true,differential_entropy_aleatoric,1,0.990000000000002,1.2305205978809677,0.9096433681165204
lr_true,differential_entropy_aleatoric,2,1.980000000000004,1.2429423560432011,0.9096433681165204
lr_true,differential_entropy_aleatoric,3,2.969999999999995,1.2556150525690914,0.9096433681165204
lr_true,differential_entropy_aleatoric,4,3.959999999999997,1.2685509919334463,0.9096433681165204
lr_true,differential_entropy_aleatoric,5,4.949999999999999,1.2817566047052793,0.9096433681165204
lr_true,differential_entropy_aleatoric,6,5.940000000000001,1.2952399351972343,0.9096433681165204
lr_true,differential_entropy_aleatoric,7,6.930000000000003,1.3090088730657425,0.9096433681165204
lr_true,differential_entropy_aleatoric,8,7.920000000000005,1.3230606884833054,0.9096433681165204
lr_true,differential_entropy_aleatoric,9,8.909999999999997,1.3374290329581775,0.9096433681165204
lr_true,differential_entropy_aleatoric,10,9.899999999999999,1.3521119849385475,0.9096433681165204
lr_true,differential_entropy_aleatoric,11,10.89,1.367121818485124,0.9096433681165204
lr_true,differential_entropy_aleatoric,12,11.880000000000003,1.3824696250103945,0.9096433681165204
lr_true,differential_entropy_aleatoric,13,12.870000000000005,1.3981647641210573,0.9096433681165204
lr_true,differential_entropy_aleatoric,14,13.859999999999994,1.4142163926067841,0.9096433681165204
lr_true,differential_entropy_aleatoric,15,14.849999999999996,1.4306434111069641,0.9096433681165204
lr_true,differential_entropy_aleatoric,16,15.839999999999998,1.4474645019655517,0.9096433681165204
lr_true,differential_entropy_aleatoric,17,16.830000000000002,1.4646855565215926,0.9096433681165204
lr_true,differential_entropy_aleatoric,18,17.820000000000004,1.482321029884104,0.9096433681165204
lr_true,differential_entropy_aleatoric,19,18.810000000000006,1.5003878919395672,0.9096433681165204
lr_true,differential_entropy_aleatoric,20,19.799999999999997,1.518899186489056,0.9096433681165204
lr_true,differential_entropy_aleatoric,21,20.79,1.5378725363402324,0.9096433681165204
lr_true,differential_entropy_aleatoric,22,21.78,1.5573267317252157,0.9096433681165204
lr_true,differential_entropy_aleatoric,23,22.770000000000003,1.577274681259066,0.9096433681165204
lr_true,differential_entropy_aleatoric,24,23.760000000000005,1.5977436419903697,0.9096433681165204
lr_true,differential_entropy_aleatoric,25,24.750000000000007,1.6185036102574606,0.9096433681165204
lr_true,differential_entropy_aleatoric,26,25.739999999999995,1.6400721890089613,0.9096433681165204
lr_true,differential_entropy_aleatoric,27,26.729999999999997,1.662224824932251,0.9096433681165204
lr_true,differential_entropy_aleatoric,28,27.72,1.6849798724451488,0.9096433681165204
lr_true,differential_entropy_aleatoric,29,28.71,1.7083529279056102,0.9096433681165204
lr_true,differential_entropy_aleatoric,30,29.700000000000003,1.7324026431193489,0.9096433681165204
lr_true,differential_entropy_aleatoric,31,30.689999999999994,1.7571387290398186,0.9096433681165204
lr_true,differential_entropy_aleatoric,32,31.679999999999996,1.7825883497932815,0.9096433681165204
lr_true,differential_entropy_aleatoric,33,32.67,1.8087869149843594,0.9096433681165204
lr_true,differential_entropy_aleatoric,34,33.660000000000004,1.817738661590662,0.9096433681165204
lr_true,differential_entropy_aleatoric,35,34.650000000000006,1.7952783677794113,0.9096433681165204
lr_true,differential_entropy_aleatoric,36,35.64000000000001,1.781720227276216,0.9096433681165204
lr_true,differential_entropy_aleatoric,37,36.629999999999995,1.6689347539119752,0.9096433681165204
lr_true,differential_entropy_aleatoric,38,37.62,1.6480199840421101,0.9096433681165204
lr_true,differential_entropy_aleatoric,39,38.61,1.6383374381612055,0.9096433681165204
lr_true,differential_entropy_aleatoric,40,39.6,1.6251690144756672,0.9096433681165204
lr_true,differential_entropy_aleatoric,41,40.59,1.5717780709225049,0.9096433681165204
lr_true,differential_entropy_aleatoric,42,41.58,1.5552093652325711,0.9096433681165204
lr_true,differential_entropy_aleatoric,43,42.56999999999999,1.5376181295331148,0.9096433681165204
lr_true,differential_entropy_aleatoric,44,43.56,1.5235388841438637,0.9096433681165204
lr_true,differential_entropy_aleatoric,45,44.55,1.5182925668943121,0.9096433681165204
lr_true,differential_entropy_aleatoric,46,45.540000000000006,1.5115288704531107,0.9096433681165204
lr_true,differential_entropy_aleatoric,47,46.53,1.4964961957956178,0.9096433681165204
lr_true,differential_entropy_aleatoric,48,47.519999999999996,1.477061855044909,0.9096433681165204
lr_true,differential_entropy_aleatoric,49,48.51,1.4144450972727716,0.9096433681165204
lr_true,differential_entropy_aleatoric,50,49.5,1.3991091571240342,0.9096433681165204
lr_true,differential_entropy_aleatoric,51,50.495000000000005,1.386016635790242,0.9096433681165204
lr_true,differential_entropy_aleatoric,52,51.485,1.3689237778692007,0.9096433681165204
lr_true,differential_entropy_aleatoric,53,52.47500000000001,1.34945585560058,0.9096433681165204
lr_true,differential_entropy_aleatoric,54,53.465,1.3348836626659537,0.9096433681165204
lr_true,differential_entropy_aleatoric,55,54.455,1.3061206983804738,0.9096433681165204
lr_true,differential_entropy_aleatoric,56,55.445,1.2395383426262598,0.9096433681165204
lr_true,differential_entropy_aleatoric,57,56.435,1.2149542691728201,0.9096433681165204
lr_true,differential_entropy_aleatoric,58,57.42499999999999,1.174768619262273,0.9096433681165204
lr_true,differential_entropy_aleatoric,59,58.41499999999999,1.1461602761841299,0.9096433681165204
lr_true,differential_entropy_aleatoric,60,59.404999999999994,1.0926422235467226,0.9096433681165204
lr_true,differential_entropy_aleatoric,61,60.394999999999996,0.9784472425828994,0.9096433681165204
lr_true,differential_entropy_aleatoric,62,61.385,0.9351738657642764,0.9096433681165204
lr_true,differential_entropy_aleatoric,63,62.375,0.3209823165238827,0.9096433681165204
lr_true,differential_entropy_aleatoric,64,63.365,0.1950872278852054,0.9096433681165204
lr_true,differential_entropy_aleatoric,65,64.355,0.13869952255893223,0.9096433681165204
lr_true,differential_entropy_aleatoric,66,65.345,0.08079345060928103,0.9096433681165204
lr_true,differential_entropy_aleatoric,67,66.335,0.016187686526242227,0.9096433681165204
lr_true,differential_entropy_aleatoric,68,67.325,0.0010119387763940244,0.9096433681165204
lr_true,differential_entropy_aleatoric,69,68.315,0.0009936198691620263,0.9096433681165204
lr_true,differential_entropy_aleatoric,70,69.30499999999999,0.0010022181129796287,0.9096433681165204
lr_true,differential_entropy_aleatoric,71,70.295,0.0009956310328486143,0.9096433681165204
lr_true,differential_entropy_aleatoric,72,71.285,0.0010036442785106747,0.9096433681165204
lr_true,differential_entropy_aleatoric,73,72.275,0.0009981997138383655,0.9096433681165204
lr_true,differential_entropy_aleatoric,74,73.265,0.0009741625024563086,0.9096433681165204
lr_true,differential_entropy_aleatoric,75,74.25500000000001,0.0009743627695432348,0.9096433681165204
lr_true,differential_entropy_aleatoric,76,75.245,0.0009814662829963623,0.9096433681165204
lr_true,differential_entropy_aleatoric,77,76.235,0.0009944111908484832,0.9096433681165204
lr_true,differential_entropy_aleatoric,78,77.225,0.0010066090709667712,0.9096433681165204
lr_true,differential_entropy_aleatoric,79,78.215,0.0010227463498833848,0.9096433681165204
lr_true,differential_entropy_aleatoric,80,79.205,0.0010367202865031622,0.9096433681165204
lr_true,differential_entropy_aleatoric,81,80.195,0.0010419832286416224,0.9096433681165204
lr_true,differential_entropy_aleatoric,82,81.185,0.0010411225363451218,0.9096433681165204
lr_true,differential_entropy_aleatoric,83,82.175,0.0010547456898251982,0.9096433681165204
lr_true,differential_entropy_aleatoric,84,83.165,0.0010707296034131336,0.9096433681165204
lr_true,differential_entropy_aleatoric,85,84.155,0.00109930080943468,0.9096433681165204
lr_true,differential_entropy_aleatoric,86,85.14500000000001,0.0011023198341921035,0.9096433681165204
lr_true,differential_entropy_aleatoric,87,86.135,0.0011265180704684225,0.9096433681165204
lr_true,differential_entropy_aleatoric,88,87.125,0.0011367562501738663,0.9096433681165204
lr_true,differential_entropy_aleatoric,89,88.115,0.00114238156175776,0.9096433681165204
lr_true,differential_entropy_aleatoric,90,89.105,0.001173443498496077,0.9096433681165204
lr_true,differential_entropy_aleatoric,91,90.095,0.0012037447987354346,0.9096433681165204
lr_true,differential_entropy_aleatoric,92,91.08500000000001,0.0012613146008762905,0.9096433681165204
lr_true,differential_entropy_aleatoric,93,92.07499999999999,0.0013197739082825687,0.9096433681165204
lr_true,differential_entropy_aleatoric,94,93.065,0.0013680176631899188,0.9096433681165204
lr_true,differential_entropy_aleatoric,95,94.055,0.0014691843185726462,0.9096433681165204
lr_true,differential_entropy_aleatoric,96,95.045,0.0016219961661552058,0.9096433681165204
lr_true,differential_entropy_aleatoric,97,96.035,0.001873173508398232,0.9096433681165204
lr_true,differential_entropy_aleatoric,98,97.025,0.0017901732047316886,0.9096433681165204
lr_true,differential_entropy_aleatoric,99,98.015,0.0021815503054867227,0.9096433681165204
lr_true,differential_entropy_aleatoric,100,99.005,0.003790461618442769,0.9096433681165204
lr_true,differential_entropy_epistemic,0,0.0,1.2183517963268626,1.0501193092734795
lr_true,differential_entropy_epistemic,1,0.990000000000002,1.2305205978809677,1.0501193092734795
lr_true,differential_entropy_epistemic,2,1.980000000000004,1.242942356043201,1.0501193092734795
lr_true,differential_entropy_epistemic,3,2.969999999999995,1.2556150525690914,1.0501193092734795
lr_true,differential_entropy_epistemic,4,3.959999999999997,1.2685509919334463,1.0501193092734795
lr_true,differential_entropy_epistemic,5,4.949999999999999,1.281756604705279,1.0501193092734795
lr_true,differential_entropy_epistemic,6,5.940000000000001,1.2952399351972343,1.0501193092734795
lr_true,differential_entropy_epistemic,7,6.930000000000003,1.3090088730657425,1.0501193092734795
lr_true,differential_entropy_epistemic,8,7.920000000000005,1.3230606884833054,1.0501193092734795
lr_true,differential_entropy_epistemic,9,8.909999999999997,1.3374290329581775,1.0501193092734795
lr_true,differential_entropy_epistemic,10,9.899999999999999,1.3521119849385475,1.0501193092734795
lr_true,differential_entropy_epistemic,11,10.89,1.367121818485124,1.0501193092734795
lr_true,differential_entropy_epistemic,12,11.880000000000003,1.3824696250103945,1.0501193092734795
lr_true,differential_entropy_epistemic,13,12.870000000000005,1.3981647641210573,1.0501193092734795
lr_true,differential_entropy_epistemic,14,13.859999999999994,1.414216392606784,1.0501193092734795
lr_true,differential_entropy_epistemic,15,14.849999999999996,1.430643411106964,1.0501193092734795
lr_true,differential_entropy_epistemic,16,15.839999999999998,1.4474645019655517,1.0501193092734795
lr_true,differential_entropy_epistemic,17,16.830000000000002,1.4646855565215926,1.0501193092734795
lr_true,differential_entropy_epistemic,18,17.820000000000004,1.482321029884104,1.0501193092734795
lr_true,differential_entropy_epistemic,19,18.810000000000006,1.5003878919395672,1.0501193092734795
lr_true,differential_entropy_epistemic,20,19.799999999999997,1.5188991864890562,1.0501193092734795
lr_true,differential_entropy_epistemic,21,20.79,1.537872589305501,1.0501193092734795
lr_true,differential_entropy_epistemic,22,21.78,1.5573263672790632,1.0501193092734795
lr_true,differential_entropy_epistemic,23,22.770000000000003,1.577278826883958,1.0501193092734795
lr_true,differential_entropy_epistemic,24,23.760000000000005,1.580438228903788,1.0501193092734795
lr_true,differential_entropy_epistemic,25,24.750000000000007,1.5693268689193516,1.0501193092734795
lr_true,differential_entropy_epistemic,26,25.739999999999995,1.5408489086961716,1.0501193092734795
lr_true,differential_entropy_epistemic,27,26.729999999999997,1.5297459205206636,1.0501193092734795
lr_true,differential_entropy_epistemic,28,27.72,1.5241243285480248,1.0501193092734795
lr_true,differential_entropy_epistemic,29,28.71,1.5237058662283878,1.0501193092734795
lr_true,differential_entropy_epistemic,30,29.700000000000003,1.518444762164631,1.0501193092734795
lr_true,differential_entropy_epistemic,31,30.689999999999994,1.501916717590843,1.0501193092734795
lr_true,differential_entropy_epistemic,32,31.679999999999996,1.5026070473723885,1.0501193092734795
lr_true,differential_entropy_epistemic,33,32.67,1.5022160019428807,1.0501193092734795
lr_true,differential_entropy_epistemic,34,33.660000000000004,1.494287242950922,1.0501193092734795
lr_true,differential_entropy_epistemic,35,34.650000000000006,1.3984569495015644,1.0501193092734795
lr_true,differential_entropy_epistemic,36,35.64000000000001,1.4033808418102234,1.0501193092734795
lr_true,differential_entropy_epistemic,37,36.629999999999995,1.390864446366392,1.0501193092734795
lr_true,differential_entropy_epistemic,38,37.62,1.3965852808034105,1.0501193092734795
lr_true,differential_entropy_epistemic,39,38.61,1.401099024628914,1.0501193092734795
lr_true,differential_entropy_epistemic,40,39.6,1.381843502388277,1.0501193092734795
lr_true,differential_entropy_epistemic,41,40.59,1.377881509641028,1.0501193092734795
lr_true,differential_entropy_epistemic,42,41.58,1.3950493469247969,1.0501193092734795
lr_true,differential_entropy_epistemic,43,42.56999999999999,1.4142515895555596,1.0501193092734795
lr_true,differential_entropy_epistemic,44,43.56,1.429280067656265,1.0501193092734795
lr_true,differential_entropy_epistemic,45,44.55,1.4494222194545479,1.0501193092734795
lr_true,differential_entropy_epistemic,46,45.540000000000006,1.4704303008732211,1.0501193092734795
lr_true,differential_entropy_epistemic,47,46.53,1.4949057929959955,1.0501193092734795
lr_true,differential_entropy_epistemic,48,47.519999999999996,1.5205780557418502,1.0501193092734795
lr_true,differential_entropy_epistemic,49,48.51,1.5477654858119867,1.0501193092734795
lr_true,differential_entropy_epistemic,50,49.5,1.5775392321011688,1.0501193092734795
lr_true,differential_entropy_epistemic,51,50.495000000000005,1.5779239977162276,1.0501193092734795
lr_true,differential_entropy_epistemic,52,51.485,1.5805977790246764,1.0501193092734795
lr_true,differential_entropy_epistemic,53,52.47500000000001,1.5328408112058516,1.0501193092734795
lr_true,differential_entropy_epistemic,54,53.465,1.5362487998418046,1.0501193092734795
lr_true,differential_entropy_epistemic,55,54.455,1.5442068955677792,1.0501193092734795
lr_true,differential_entropy_epistemic,56,55.445,1.5448498314148886,1.0501193092734795
lr_true,differential_entropy_epistemic,57,56.435,1.5484376460671996,1.0501193092734795
lr_true,differential_entropy_epistemic,58,57.42499999999999,1.5531451851030753,1.0501193092734795
lr_true,differential_entropy_epistemic,59,58.41499999999999,1.5483703657387926,1.0501193092734795
lr_true,differential_entropy_epistemic,60,59.404999999999994,1.5559992015811637,1.0501193092734795
lr_true,differential_entropy_epistemic,61,60.394999999999996,1.560478139301862,1.0501193092734795
lr_true,differential_entropy_epistemic,62,61.385,1.5509241989516878,1.0501193092734795
lr_true,differential_entropy_epistemic,63,62.375,1.5530502231188934,1.0501193092734795
lr_true,differential_entropy_epistemic,64,63.365,1.4884256499064512,1.0501193092734795
lr_true,differential_entropy_epistemic,65,64.355,1.458938087091138,1.0501193092734795
lr_true,differential_entropy_epistemic,66,65.345,1.4628304766604567,1.0501193092734795
lr_true,differential_entropy_epistemic,67,66.335,1.4448495863916329,1.0501193092734795
lr_true,differential_entropy_epistemic,68,67.325,1.3920550502172273,1.0501193092734795
lr_true,differential_entropy_epistemic,69,68.315,1.3908044270437006,1.0501193092734795
lr_true,differential_entropy_epistemic,70,69.30499999999999,1.3893701264343723,1.0501193092734795
lr_true,differential_entropy_epistemic,71,70.295,1.2718823558068935,1.0501193092734795
lr_true,differential_entropy_epistemic,72,71.285,0.47599371106729277,1.0501193092734795
lr_true,differential_entropy_epistemic,73,72.275,0.44810284787195814,1.0501193092734795
lr_true,differential_entropy_epistemic,74,73.265,0.3154387347245619,1.0501193092734795
lr_true,differential_entropy_epistemic,75,74.25500000000001,0.25936716495874973,1.0501193092734795
lr_true,differential_entropy_epistemic,76,75.245,0.22249740392523015,1.0501193092734795
lr_true,differential_entropy_epistemic,77,76.235,0.18142224780556113,1.0501193092734795
lr_true,differential_entropy_epistemic,78,77.225,0.13144118169860491,1.0501193092734795
lr_true,differential_entropy_epistemic,79,78.215,0.0834493034648807,1.0501193092734795
lr_true,differential_entropy_epistemic,80,79.205,0.02328577692088952,1.0501193092734795
lr_true,differential_entropy_epistemic,81,80.195,0.000925929499173159,1.0501193092734795
lr_true,differential_entropy_epistemic,82,81.185,0.0009233139575966097,1.0501193092734795
lr_true,differential_entropy_epistemic,83,82.175,0.0008876604801739777,1.0501193092734795
lr_true,differential_entropy_epistemic,84,83.165,0.0008939681631460718,1.0501193092734795
lr_true,differential_entropy_epistemic,85,84.155,0.0008979287820621082,1.0501193092734795
lr_true,differential_entropy_epistemic,86,85.14500000000001,0.0008622124925590834,1.0501193092734795
lr_true,differential_entropy_epistemic,87,86.135,0.0008769458113846515,1.0501193092734795
lr_true,differential_entropy_epistemic,88,87.125,0.000890175248251562,1.0501193092734795
lr_true,differential_entropy_epistemic,89,88.115,0.0009044863055916112,1.0501193092734795
lr_true,differential_entropy_epistemic,90,89.105,0.0008902274354219405,1.0501193092734795
lr_true,differential_entropy_epistemic,91,90.095,0.0008943896708239875,1.0501193092734795
lr_true,differential_entropy_epistemic,92,91.08500000000001,0.0008098001154591909,1.0501193092734795
lr_true,differential_entropy_epistemic,93,92.07499999999999,0.0008186468741491883,1.0501193092734795
lr_true,differential_entropy_epistemic,94,93.065,0.000826163618845565,1.0501193092734795
lr_true,differential_entropy_epistemic,95,94.055,0.0007474944311389426,1.0501193092734795
lr_true,differential_entropy_epistemic,96,95.045,0.0007201114572189057,1.0501193092734795
lr_true,differential_entropy_epistemic,97,96.035,0.0006922371858908867,1.0501193092734795
lr_true,differential_entropy_epistemic,98,97.025,0.0007008815964391452,1.0501193092734795
lr_true,differential_entropy_epistemic,99,98.015,0.0006788844545783284,1.0501193092734795
lr_true,differential_entropy_epistemic,100,99.005,0.0007219580968319849,1.0501193092734795
lr_true,variance_total,0,0.0,1.2183517963268629,0.9095271688386691
lr_true,variance_total,1,0.990000000000002,1.2305205978809675,0.9095271688386691
lr_true,variance_total,2,1.980000000000004,1.2429423560432011,0.9095271688386691
lr_true,variance_total,3,2.969999999999995,1.2556150525690914,0.9095271688386691
lr_true,variance_total,4,3.959999999999997,1.2685509919334463,0.9095271688386691
lr_true,variance_total,5,4.949999999999999,1.2817566047052793,0.9095271688386691
lr_true,variance_total,6,5.940000000000001,1.2952399351972343,0.9095271688386691
lr_true,variance_total,7,6.930000000000003,1.3090088730657423,0.9095271688386691
lr_true,variance_total,8,7.920000000000005,1.3230606884833054,0.9095271688386691
lr_true,variance_total,9,8.909999999999997,1.3374290329581775,0.9095271688386691
lr_true,variance_total,10,9.899999999999999,1.3521119849385472,0.9095271688386691
lr_true,variance_total,11,10.89,1.3671218184851242,0.9095271688386691
lr_true,variance_total,12,11.880000000000003,1.3824696250103945,0.9095271688386691
lr_true,variance_total,13,12.870000000000005,1.3981647641210573,0.9095271688386691
lr_true,variance_total,14,13.859999999999994,1.4142163926067841,0.9095271688386691
lr_true,variance_total,15,14.849999999999996,1.430643411106964,0.9095271688386691
lr_true,variance_total,16,15.839999999999998,1.4474645019655517,0.9095271688386691
lr_true,variance_total,17,16.830000000000002,1.4646855565215926,0.9095271688386691
lr_true,variance_total,18,17.820000000000004,1.4823210298841034,0.9095271688386691
lr_true,variance_total,19,18.810000000000006,1.5003878919395672,0.9095271688386691
lr_true,variance_total,20,19.799999999999997,1.518899186489056,0.9095271688386691
lr_true,variance_total,21,20.79,1.5378725363402324,0.9095271688386691
lr_true,variance_total,22,21.78,1.5573267317252157,0.9095271688386691
lr_true,variance_total,23,22.770000000000003,1.577274681259066,0.9095271688386691
lr_true,variance_total,24,23.760000000000005,1.5977436419903697,0.9095271688386691
lr_true,variance_total,25,24.750000000000007,1.6185036102574606,0.9095271688386691
lr_true,variance_total,26,25.739999999999995,1.6400721890089613,0.9095271688386691
lr_true,variance_total,27,26.729999999999997,1.662224824932251,0.9095271688386691
lr_true,variance_total,28,27.72,1.6849798724451488,0.9095271688386691
lr_true,variance_total,29,28.71,1.7083529279056102,0.9095271688386691
lr_true,variance_total,30,29.700000000000003,1.7324026431193489,0.9095271688386691
lr_true,variance_total,31,30.689999999999994,1.7571387290398186,0.9095271688386691
lr_true,variance_total,32,31.679999999999996,1.7825883497932815,0.9095271688386691
lr_true,variance_total,33,32.67,1.8087869149843594,0.9095271688386691
lr_true,variance_total,34,33.660000000000004,1.8177386615906623,0.9095271688386691
lr_true,variance_total,35,34.650000000000006,1.7952783677794113,0.9095271688386691
lr_true,variance_total,36,35.64000000000001,1.781720227276216,0.9095271688386691
lr_true,variance_total,37,36.629999999999995,1.6689347539119752,0.9095271688386691
lr_true,variance_total,38,37.62,1.6480199840421101,0.9095271688386691
lr_true,variance_total,39,38.61,1.6383374381612055,0.9095271688386691
lr_true,variance_total,40,39.6,1.625169014475667,0.9095271688386691
lr_true,variance_total,41,40.59,1.5717780709225047,0.9095271688386691
lr_true,variance_total,42,41.58,1.5552093652325714,0.9095271688386691
lr_true,variance_total,43,42.56999999999999,1.5376181295331148,0.9095271688386691
lr_true,variance_total,44,43.56,1.5235388841438637,0.9095271688386691
lr_true,variance_total,45,44.55,1.5182925668943121,0.9095271688386691
lr_true,variance_total,46,45.540000000000006,1.5115288704531107,0.9095271688386691
lr_true,variance_total,47,46.53,1.4964961957956178,0.9095271688386691
lr_true,variance_total,48,47.519999999999996,1.4770618550449088,0.9095271688386691
lr_true,variance_total,49,48.51,1.4144450972727716,0.9095271688386691
lr_true,variance_total,50,49.5,1.3991091571240342,0.9095271688386691
lr_true,variance_total,51,50.495000000000005,1.386016635790242,0.9095271688386691
lr_true,variance_total,52,51.485,1.3689237778692007,0.9095271688386691
lr_true,variance_total,53,52.47500000000001,1.34945585560058,0.9095271688386691
lr_true,variance_total,54,53.465,1.3348836626659535,0.9095271688386691
lr_true,variance_total,55,54.455,1.3061206983804738,0.9095271688386691
lr_true,variance_total,56,55.445,1.2395383426262598,0.9095271688386691
lr_true,variance_total,57,56.435,1.2149542691728201,0.9095271688386691
lr_true,variance_total,58,57.42499999999999,1.1747686192622733,0.9095271688386691
lr_true,variance_total,59,58.41499999999999,1.1461602761841296,0.9095271688386691
lr_true,variance_total,60,59.404999999999994,1.0926422235467226,0.9095271688386691
lr_true,variance_total,61,60.394999999999996,0.9784472425828998,0.9095271688386691
lr_true,variance_total,62,61.385,0.9351738657642764,0.9095271688386691
lr_true,variance_total,63,62.375,0.3209823165238827,0.9095271688386691
lr_true,variance_total,64,63.365,0.1950872278852054,0.9095271688386691
lr_true,variance_total,65,64.355,0.13869952255893223,0.9095271688386691
lr_true,variance_total,66,65.345,0.08079345060928103,0.9095271688386691
lr_true,variance_total,67,66.335,0.016187686526242227,0.9095271688386691
lr_true,variance_total,68,67.325,0.0010119387763940244,0.9095271688386691
lr_true,variance_total,69,68.315,0.0009936198691620263,0.9095271688386691
lr_true,variance_total,70,69.30499999999999,0.001002218112979629,0.9095271688386691
lr_true,variance_total,71,70.295,0.0009956310328486143,0.9095271688386691
lr_true,variance_total,72,71.285,0.0010036442785106747,0.9095271688386691
lr_true,variance_total,73,72.275,0.0009981997138383655,0.9095271688386691
lr_true,variance_total,74,73.265,0.0009735827244691721,0.9095271688386691
lr_true,variance_total,75,74.25500000000001,0.000865094705306169,0.9095271688386691
lr_true,variance_total,76,75.245,0.0008759887779355678,0.9095271688386691
lr_true,variance_total,77,76.235,0.000878568221524219,0.9095271688386691
lr_true,variance_total,78,77.225,0.0008673913193090988,0.9095271688386691
lr_true,variance_total,79,78.215,0.0008193163476171514,0.9095271688386691
lr_true,variance_total,80,79.205,0.0008167648918463987,0.9095271688386691
lr_true,variance_total,81,80.195,0.0008213243017718543,0.9095271688386691
lr_true,variance_total,82,81.185,0.0008272792695638057,0.9095271688386691
lr_true,variance_total,83,82.175,0.0008351042322815719,0.9095271688386691
lr_true,variance_total,84,83.165,0.0008464713063492377,0.9095271688386691
lr_true,variance_total,85,84.155,0.0008376971333887522,0.9095271688386691
lr_true,variance_total,86,85.14500000000001,0.0008438363550486905,0.9095271688386691
lr_true,variance_total,87,86.135,0.0008421889778472018,0.9095271688386691
lr_true,variance_total,88,87.125,0.0008575472931193426,0.9095271688386691
lr_true,variance_total,89,88.115,0.000867755145861601,0.9095271688386691
lr_true,variance_total,90,89.105,0.0008752564675631106,0.9095271688386691
lr_true,variance_total,91,90.095,0.0008870393080053655,0.9095271688386691
lr_true,variance_total,92,91.08500000000001,0.0008854051985353192,0.9095271688386691
lr_true,variance_total,93,92.07499999999999,0.0008555913991564643,0.9095271688386691
lr_true,variance_total,94,93.065,0.0008529925204134533,0.9095271688386691
lr_true,variance_total,95,94.055,0.000826970587866116,0.9095271688386691
lr_true,variance_total,96,95.045,0.0007966052583965561,0.9095271688386691
lr_true,variance_total,97,96.035,0.0008000072815557999,0.9095271688386691
lr_true,variance_total,98,97.025,0.0008175777497424333,0.9095271688386691
lr_true,variance_total,99,98.015,0.0006456379995139161,0.9095271688386691
lr_true,variance_total,100,99.005,0.0006152865051237073,0.9095271688386691
lr_true,variance_aleatoric,0,0.0,1.2183517963268626,0.9096433681165204
lr_true,variance_aleatoric,1,0.990000000000002,1.2305205978809677,0.9096433681165204
lr_true,variance_aleatoric,2,1.980000000000004,1.2429423560432011,0.9096433681165204
lr_true,variance_aleatoric,3,2.969999999999995,1.2556150525690914,0.9096433681165204
lr_true,variance_aleatoric,4,3.959999999999997,1.2685509919334463,0.9096433681165204
lr_true,variance_aleatoric,5,4.949999999999999,1.2817566047052793,0.9096433681165204
lr_true,variance_aleatoric,6,5.940000000000001,1.2952399351972343,0.9096433681165204
lr_true,variance_aleatoric,7,6.930000000000003,1.3090088730657425,0.9096433681165204
lr_true,variance_aleatoric,8,7.920000000000005,1.3230606884833054,0.9096433681165204
lr_true,variance_aleatoric,9,8.909999999999997,1.3374290329581775,0.9096433681165204
lr_true,variance_aleatoric,10,9.899999999999999,1.3521119849385475,0.9096433681165204
lr_true,variance_aleatoric,11,10.89,1.367121818485124,0.9096433681165204
lr_true,variance_aleatoric,12,11.880000000000003,1.3824696250103945,0.9096433681165204
lr_true,variance_aleatoric,13,12.870000000000005,1.3981647641210573,0.9096433681165204
lr_true,variance_aleatoric,14,13.859999999999994,1.4142163926067841,0.9096433681165204
lr_true,variance_aleatoric,15,14.849999999999996,1.4306434111069641,0.9096433681165204
lr_true,variance_aleatoric,16,15.839999999999998,1.4474645019655517,0.9096433681165204
lr_true,variance_aleatoric,17,16.830000000000002,1.4646855565215926,0.9096433681165204
lr_true,variance_aleatoric,18,17.820000000000004,1.482321029884104,0.9096433681165204
lr_true,variance_aleatoric,19,18.810000000000006,1.5003878919395672,0.9096433681165204
lr_true,variance_aleatoric,20,19.799999999999997,1.518899186489056,0.9096433681165204
lr_true,variance_aleatoric,21,20.79,1.5378725363402324,0.9096433681165204
lr_true,variance_aleatoric,22,21.78,1.5573267317252157,0.9096433681165204
lr_true,variance_aleatoric,23,22.770000000000003,1.577274681259066,0.9096433681165204
lr_true,variance_aleatoric,24,23.760000000000005,1.5977436419903697,0.9096433681165204
lr_true,variance_aleatoric,25,24.750000000000007,1.6185036102574606,0.9096433681165204
lr_true,variance_aleatoric,26,25.739999999999995,1.6400721890089613,0.9096433681165204
lr_true,variance_aleatoric,27,26.729999999999997,1.662224824932251,0.9096433681165204
lr_true,variance_aleatoric,28,27.72,1.6849798724451488,0.9096433681165204
lr_true,variance_aleatoric,29,28.71,1.7083529279056102,0.9096433681165204
lr_true,variance_aleatoric,30,29.700000000000003,1.7324026431193489,0.9096433681165204
lr_true,variance_aleatoric,31,30.689999999999994,1.7571387290398186,0.9096433681165204
lr_true,variance_aleatoric,32,31.679999999999996,1.7825883497932815,0.9096433681165204
lr_true,variance_aleatoric,33,32.67,1.8087869149843594,0.9096433681165204
lr_true,variance_aleatoric,34,33.660000000000004,1.817738661590662,0.9096433681165204
lr_true,variance_aleatoric,35,34.650000000000006,1.7952783677794113,0.9096433681165204
lr_true,variance_aleatoric,36,35.64000000000001,1.781720227276216,0.9096433681165204
lr_true,variance_aleatoric,37,36.629999999999995,1.6689347539119752,0.9096433681165204
lr_true,variance_aleatoric,38,37.62,1.6480199840421101,0.9096433681165204
lr_true,variance_aleatoric,39,38.61,1.6383374381612055,0.9096433681165204
lr_true,variance_aleatoric,40,39.6,1.6251690144756672,0.9096433681165204
lr_true,variance_aleatoric,41,40.59,1.5717780709225049,0.9096433681165204
lr_true,variance_aleatoric,42,41.58,1.5552093652325711,0.9096433681165204
lr_true,variance_aleatoric,43,42.56999999999999,1.5376181295331148,0.9096433681165204
lr_true,variance_aleatoric,44,43.56,1.5235388841438637,0.9096433681165204
lr_true,variance_aleatoric,45,44.55,1.5182925668943121,0.9096433681165204
lr_true,variance_aleatoric,46,45.540000000000006,1.5115288704531107,0.9096433681165204
lr_true,variance_aleatoric,47,46.53,1.4964961957956178,0.9096433681165204
lr_true,variance_aleatoric,48,47.519999999999996,1.477061855044909,0.9096433681165204
lr_true,variance_aleatoric,49,48.51,1.4144450972727716,0.9096433681165204
lr_true,variance_aleatoric,50,49.5,1.3991091571240342,0.9096433681165204
lr_true,variance_aleatoric,51,50.495000000000005,1.386016635790242,0.9096433681165204
lr_true,variance_aleatoric,52,51.485,1.3689237778692007,0.9096433681165204
lr_true,variance_aleatoric,53,52.47500000000001,1.34945585560058,0.9096433681165204
lr_true,variance_aleatoric,54,53.465,1.3348836626659537,0.9096433681165204
lr_true,variance_aleatoric,55,54.455,1.3061206983804738,0.9096433681165204
lr_true,variance_aleatoric,56,55.445,1.2395383426262598,0.9096433681165204
lr_true,variance_aleatoric,57,56.435,1.2149542691728201,0.9096433681165204
lr_true,variance_aleatoric,58,57.42499999999999,1.174768619262273,0.9096433681165204
lr_true,variance_aleatoric,59,58.41499999999999,1.1461602761841299,0.9096433681165204
lr_true,variance_aleatoric,60,59.404999999999994,1.0926422235467226,0.9096433681165204
lr_true,variance_aleatoric,61,60.394999999999996,0.9784472425828994,0.9096433681165204
lr_true,variance_aleatoric,62,61.385,0.9351738657642764,0.9096433681165204
lr_true,variance_aleatoric,63,62.375,0.3209823165238827,0.9096433681165204
lr_true,variance_aleatoric,64,63.365,0.1950872278852054,0.9096433681165204
lr_true,variance_aleatoric,65,64.355,0.13869952255893223,0.9096433681165204
lr_true,variance_aleatoric,66,65.345,0.08079345060928103,0.9096433681165204
lr_true,variance_aleatoric,67,66.335,0.016187686526242227,0.9096433681165204
lr_true,variance_aleatoric,68,67.325,0.0010119387763940244,0.9096433681165204
lr_true,variance_aleatoric,69,68.315,0.0009936198691620263,0.9096433681165204
lr_true,variance_aleatoric,70,69.30499999999999,0.0010022181129796287,0.9096433681165204
lr_true,variance_aleatoric,71,70.295,0.0009956310328486143,0.9096433681165204
lr_true,variance_aleatoric,72,71.285,0.0010036442785106747,0.9096433681165204
lr_true,variance_aleatoric,73,72.275,0.0009981997138383655,0.9096433681165204
lr_true,variance_aleatoric,74,73.265,0.0009741625024563086,0.9096433681165204
lr_true,variance_aleatoric,75,74.25500000000001,0.0009743627695432348,0.9096433681165204
lr_true,variance_aleatoric,76,75.245,0.0009814662829963623,0.9096433681165204
lr_true,variance_aleatoric,77,76.235,0.0009944111908484832,0.9096433681165204
lr_true,variance_aleatoric,78,77.225,0.0010066090709667712,0.9096433681165204
lr_true,variance_aleatoric,79,78.215,0.0010227463498833848,0.9096433681165204
lr_true,variance_aleatoric,80,79.205,0.0010367202865031622,0.9096433681165204
lr_true,variance_aleatoric,81,80.195,0.0010419832286416224,0.9096433681165204
lr_true,variance_aleatoric,82,81.185,0.0010411225363451218,0.9096433681165204
lr_true,variance_aleatoric,83,82.175,0.0010547456898251982,0.9096433681165204
lr_true,variance_aleatoric,84,83.165,0.0010707296034131336,0.9096433681165204
lr_true,variance_aleatoric,85,84.155,0.00109930080943468,0.9096433681165204
lr_true,variance_aleatoric,86,85.14500000000001,0.0011023198341921035,0.9096433681165204
lr_true,variance_aleatoric,87,86.135,0.0011265180704684225,0.9096433681165204
lr_true,variance_aleatoric,88,87.125,0.0011367562501738663,0.9096433681165204
lr_true,variance_aleatoric,89,88.115,0.00114238156175776,0.9096433681165204
lr_true,variance_aleatoric,90,89.105,0.001173443498496077,0.9096433681165204
lr_true,variance_aleatoric,91,90.095,0.0012037447987354346,0.9096433681165204
lr_true,variance_aleatoric,92,91.08500000000001,0.0012613146008762905,0.9096433681165204
lr_true,variance_aleatoric,93,92.07499999999999,0.0013197739082825687,0.9096433681165204
lr_true,variance_aleatoric,94,93.065,0.0013680176631899188,0.9096433681165204
lr_true,variance_aleatoric,95,94.055,0.0014691843185726462,0.9096433681165204
lr_true,variance_aleatoric,96,95.045,0.0016219961661552058,0.9096433681165204
lr_true,variance_aleatoric,97,96.035,0.001873173508398232,0.9096433681165204
lr_true,variance_aleatoric,98,97.025,0.0017901732047316886,0.9096433681165204
lr_true,variance_aleatoric,99,98.015,0.0021815503054867227,0.9096433681165204
lr_true,variance_aleatoric,100,99.005,0.003790461618442769,0.9096433681165204
lr_true,variance_epistemic,0,0.0,1.2183517963268624,1.0332554213253164
lr_true,variance_epistemic,1,0.990000000000002,1.2305205978809677,1.0332554213253164
lr_true,variance_epistemic,2,1.980000000000004,1.242942356043201,1.0332554213253164
lr_true,variance_epistemic,3,2.969999999999995,1.2556150525690914,1.0332554213253164
lr_true,variance_epistemic,4,3.959999999999997,1.2685509919334457,1.0332554213253164
lr_true,variance_epistemic,5,4.949999999999999,1.2817566047052793,1.0332554213253164
lr_true,variance_epistemic,6,5.940000000000001,1.2952399351972343,1.0332554213253164
lr_true,variance_epistemic,7,6.930000000000003,1.3090088730657428,1.0332554213253164
lr_true,variance_epistemic,8,7.920000000000005,1.3230606884833054,1.0332554213253164
lr_true,variance_epistemic,9,8.909999999999997,1.3374290329581775,1.0332554213253164
lr_true,variance_epistemic,10,9.899999999999999,1.3521119849385472,1.0332554213253164
lr_true,variance_epistemic,11,10.89,1.367121818485124,1.0332554213253164
lr_true,variance_epistemic,12,11.880000000000003,1.3824696250103945,1.0332554213253164
lr_true,variance_epistemic,13,12.870000000000005,1.3981647641210573,1.0332554213253164
lr_true,variance_epistemic,14,13.859999999999994,1.414216392606784,1.0332554213253164
lr_true,variance_epistemic,15,14.849999999999996,1.430643411106964,1.0332554213253164
lr_true,variance_epistemic,16,15.839999999999998,1.4474645019655517,1.0332554213253164
lr_true,variance_epistemic,17,16.830000000000002,1.4646855565215924,1.0332554213253164
lr_true,variance_epistemic,18,17.820000000000004,1.482321029884104,1.0332554213253164
lr_true,variance_epistemic,19,18.810000000000006,1.5003878919395672,1.0332554213253164
lr_true,variance_epistemic,20,19.799999999999997,1.5188991864890562,1.0332554213253164
lr_true,variance_epistemic,21,20.79,1.5378724582977938,1.0332554213253164
lr_true,variance_epistemic,22,21.78,1.5573262990157704,1.0332554213253164
lr_true,variance_epistemic,23,22.770000000000003,1.574645108745685,1.0332554213253164
lr_true,variance_epistemic,24,23.760000000000005,1.5566817715049408,1.0332554213253164
lr_true,variance_epistemic,25,24.750000000000007,1.5425526416909587,1.0332554213253164
lr_true,variance_epistemic,26,25.739999999999995,1.5173544304873088,1.0332554213253164
lr_true,variance_epistemic,27,26.729999999999997,1.509126181494674,1.0332554213253164
lr_true,variance_epistemic,28,27.72,1.5100340959064382,1.0332554213253164
lr_true,variance_epistemic,29,28.71,1.4962606351238674,1.0332554213253164
lr_true,variance_epistemic,30,29.700000000000003,1.4988139772816917,1.0332554213253164
lr_true,variance_epistemic,31,30.689999999999994,1.4966026282985712,1.0332554213253164
lr_true,variance_epistemic,32,31.679999999999996,1.4855563973987258,1.0332554213253164
lr_true,variance_epistemic,33,32.67,1.4850374422766595,1.0332554213253164
lr_true,variance_epistemic,34,33.660000000000004,1.4833020996282122,1.0332554213253164
lr_true,variance_epistemic,35,34.650000000000006,1.4781029869867568,1.0332554213253164
lr_true,variance_epistemic,36,35.64000000000001,1.384379922415492,1.0332554213253164
lr_true,variance_epistemic,37,36.629999999999995,1.375996300444521,1.0332554213253164
lr_true,variance_epistemic,38,37.62,1.3687265278686191,1.0332554213253164
lr_true,variance_epistemic,39,38.61,1.3736376800113663,1.0332554213253164
lr_true,variance_epistemic,40,39.6,1.3783916059940131,1.0332554213253164
lr_true,variance_epistemic,41,40.59,1.347317181495146,1.0332554213253164
lr_true,variance_epistemic,42,41.58,1.3451032227311346,1.0332554213253164
lr_true,variance_epistemic,43,42.56999999999999,1.3619629891747755,1.0332554213253164
lr_true,variance_epistemic,44,43.56,1.3816834208813673,1.0332554213253164
lr_true,variance_epistemic,45,44.55,1.4007780973486106,1.0332554213253164
lr_true,variance_epistemic,46,45.540000000000006,1.421365454672962,1.0332554213253164
lr_true,variance_epistemic,47,46.53,1.4439893517130253,1.0332554213253164
lr_true,variance_epistemic,48,47.519999999999996,1.463010895670712,1.0332554213253164
lr_true,variance_epistemic,49,48.51,1.4877479168368684,1.0332554213253164
lr_true,variance_epistemic,50,49.5,1.5154309831001067,1.0332554213253164
lr_true,variance_epistemic,51,50.495000000000005,1.544393631134953,1.0332554213253164
lr_true,variance_epistemic,52,51.485,1.5588666277750747,1.0332554213253164
lr_true,variance_epistemic,53,52.47500000000001,1.5097884361147949,1.0332554213253164
lr_true,variance_epistemic,54,53.465,1.5167409638288252,1.0332554213253164
lr_true,variance_epistemic,55,54.455,1.519561682395326,1.0332554213253164
lr_true,variance_epistemic,56,55.445,1.5216117014063335,1.0332554213253164
lr_true,variance_epistemic,57,56.435,1.5241144999857652,1.0332554213253164
lr_true,variance_epistemic,58,57.42499999999999,1.521707996935303,1.0332554213253164
lr_true,variance_epistemic,59,58.41499999999999,1.5224165039777513,1.0332554213253164
lr_true,variance_epistemic,60,59.404999999999994,1.5245697634446251,1.0332554213253164
lr_true,variance_epistemic,61,60.394999999999996,1.5220341463508509,1.0332554213253164
lr_true,variance_epistemic,62,61.385,1.5183657935006563,1.0332554213253164
lr_true,variance_epistemic,63,62.375,1.4573753667931157,1.0332554213253164
lr_true,variance_epistemic,64,63.365,1.4488481342038444,1.0332554213253164
lr_true,variance_epistemic,65,64.355,1.437231826577388,1.0332554213253164
lr_true,variance_epistemic,66,65.345,1.4228381125040959,1.0332554213253164
lr_true,variance_epistemic,67,66.335,1.4121397899412094,1.0332554213253164
lr_true,variance_epistemic,68,67.325,1.3688780830883434,1.0332554213253164
lr_true,variance_epistemic,69,68.315,1.3612819697785867,1.0332554213253164
lr_true,variance_epistemic,70,69.30499999999999,1.2497534605640337,1.0332554213253164
lr_true,variance_epistemic,71,70.295,1.2328285967565908,1.0332554213253164
lr_true,variance_epistemic,72,71.285,0.4602553776750355,1.0332554213253164
lr_true,variance_epistemic,73,72.275,0.40563415443231393,1.0332554213253164
lr_true,variance_epistemic,74,73.265,0.29460876452327206,1.0332554213253164
lr_true,variance_epistemic,75,74.25500000000001,0.24411725847613924,1.0332554213253164
lr_true,variance_epistemic,76,75.245,0.20379369765391533,1.0332554213253164
lr_true,variance_epistemic,77,76.235,0.16725448498236584,1.0332554213253164
lr_true,variance_epistemic,78,77.225,0.11370337613598118,1.0332554213253164
lr_true,variance_epistemic,79,78.215,0.06033645335181911,1.0332554213253164
lr_true,variance_epistemic,80,79.205,0.009627223173359097,1.0332554213253164
lr_true,variance_epistemic,81,80.195,0.0009243308191250677,1.0332554213253164
lr_true,variance_epistemic,82,81.185,0.0009268859981938049,1.0332554213253164
lr_true,variance_epistemic,83,82.175,0.000888537725808238,1.0332554213253164
lr_true,variance_epistemic,84,83.165,0.0008967442689995274,1.0332554213253164
lr_true,variance_epistemic,85,84.155,0.0009077781100619589,1.0332554213253164
lr_true,variance_epistemic,86,85.14500000000001,0.0008613751044708009,1.0332554213253164
lr_true,variance_epistemic,87,86.135,0.0008769627259284385,1.0332554213253164
lr_true,variance_epistemic,88,87.125,0.0008885271623113187,1.0332554213253164
lr_true,variance_epistemic,89,88.115,0.0009043959383456974,1.0332554213253164
lr_true,variance_epistemic,90,89.105,0.00089555604960585,1.0332554213253164
lr_true,variance_epistemic,91,90.095,0.0009054053439298493,1.0332554213253164
lr_true,variance_epistemic,92,91.08500000000001,0.0008129909587986716,1.0332554213253164
lr_true,variance_epistemic,93,92.07499999999999,0.0008196530611051968,1.0332554213253164
lr_true,variance_epistemic,94,93.065,0.00080007092687432,1.0332554213253164
lr_true,variance_epistemic,95,94.055,0.0007646215775785606,1.0332554213253164
lr_true,variance_epistemic,96,95.045,0.0007166397460366845,1.0332554213253164
lr_true,variance_epistemic,97,96.035,0.0007056407814204981,1.0332554213253164
lr_true,variance_epistemic,98,97.025,0.0006988796448607056,1.0332554213253164
lr_true,variance_epistemic,99,98.015,0.0007055099438318523,1.0332554213253164
lr_true,variance_epistemic,100,99.005,0.0007047311127883883,1.0332554213253164
lr_true,alpha_volume_total_5%,0,0.0,1.2183517963268629,1.088726550954029
lr_true,alpha_volume_total_5%,1,0.990000000000002,1.2215822249518857,1.088726550954029
lr_true,alpha_volume_total_5%,2,1.980000000000004,1.2282114371848967,1.088726550954029
lr_true,alpha_volume_total_5%,3,2.969999999999995,1.2330848025138752,1.088726550954029
lr_true,alpha_volume_total_5%,4,3.959999999999997,1.2373631393002804,1.088726550954029
lr_true,alpha_volume_total_5%,5,4.949999999999999,1.2442328961559692,1.088726550954029
lr_true,alpha_volume_total_5%,6,5.940000000000001,1.2519172653756543,1.088726550954029
lr_true,alpha_volume_total_5%,7,6.930000000000003,1.259187999881549,1.088726550954029
lr_true,alpha_volume_total_5%,8,7.920000000000005,1.2644500269314947,1.088726550954029
lr_true,alpha_volume_total_5%,9,8.909999999999997,1.2394377490540316,1.088726550954029
lr_true,alpha_volume_total_5%,10,9.899999999999999,1.2445897858350432,1.088726550954029
lr_true,alpha_volume_total_5%,11,10.89,1.2454250139211975,1.088726550954029
lr_true,alpha_volume_total_5%,12,11.880000000000003,1.2526321136230634,1.088726550954029
lr_true,alpha_volume_total_5%,13,12.870000000000005,1.2586728325584038,1.088726550954029
lr_true,alpha_volume_total_5%,14,13.859999999999994,1.2555022154301585,1.088726550954029
lr_true,alpha_volume_total_5%,15,14.849999999999996,1.2607575023722846,1.088726550954029
lr_true,alpha_volume_total_5%,16,15.839999999999998,1.2575432282399908,1.088726550954029
lr_true,alpha_volume_total_5%,17,16.830000000000002,1.2621428227210871,1.088726550954029
lr_true,alpha_volume_total_5%,18,17.820000000000004,1.2668066394282391,1.088726550954029
lr_true,alpha_volume_total_5%,19,18.810000000000006,1.2748549667059181,1.088726550954029
lr_true,alpha_volume_total_5%,20,19.799999999999997,1.274430586605837,1.088726550954029
lr_true,alpha_volume_total_5%,21,20.79,1.2829562898365805,1.088726550954029
lr_true,alpha_volume_total_5%,22,21.78,1.2909162377867311,1.088726550954029
lr_true,alpha_volume_total_5%,23,22.770000000000003,1.2946218577032607,1.088726550954029
lr_true,alpha_volume_total_5%,24,23.760000000000005,1.2928254453124104,1.088726550954029
lr_true,alpha_volume_total_5%,25,24.750000000000007,1.2967397182517266,1.088726550954029
lr_true,alpha_volume_total_5%,26,25.739999999999995,1.305643375919638,1.088726550954029
lr_true,alpha_volume_total_5%,27,26.729999999999997,1.310563452259638,1.088726550954029
lr_true,alpha_volume_total_5%,28,27.72,1.303263906638996,1.088726550954029
lr_true,alpha_volume_total_5%,29,28.71,1.3098510225143352,1.088726550954029
lr_true,alpha_volume_total_5%,30,29.700000000000003,1.3132682273207779,1.088726550954029
lr_true,alpha_volume_total_5%,31,30.689999999999994,1.3189931710474718,1.088726550954029
lr_true,alpha_volume_total_5%,32,31.679999999999996,1.3290679017386489,1.088726550954029
lr_true,alpha_volume_total_5%,33,32.67,1.3367571078727998,1.088726550954029
lr_true,alpha_volume_total_5%,34,33.660000000000004,1.3393882375436235,1.088726550954029
lr_true,alpha_volume_total_5%,35,34.650000000000006,1.347585944668099,1.088726550954029
lr_true,alpha_volume_total_5%,36,35.64000000000001,1.359002201212426,1.088726550954029
lr_true,alpha_volume_total_5%,37,36.629999999999995,1.3684265610897555,1.088726550954029
lr_true,alpha_volume_total_5%,38,37.62,1.376563583360586,1.088726550954029
lr_true,alpha_volume_total_5%,39,38.61,1.3894588237792276,1.088726550954029
lr_true,alpha_volume_total_5%,40,39.6,1.3852903002091497,1.088726550954029
lr_true,alpha_volume_total_5%,41,40.59,1.3980491205759513,1.088726550954029
lr_true,alpha_volume_total_5%,42,41.58,1.0284386142437507,1.088726550954029
lr_true,alpha_volume_total_5%,43,42.56999999999999,1.0361606845325717,1.088726550954029
lr_true,alpha_volume_total_5%,44,43.56,1.0394611220666794,1.088726550954029
lr_true,alpha_volume_total_5%,45,44.55,1.0490137436874103,1.088726550954029
lr_true,alpha_volume_total_5%,46,45.540000000000006,1.0568668868590323,1.088726550954029
lr_true,alpha_volume_total_5%,47,46.53,1.0684427211705585,1.088726550954029
lr_true,alpha_volume_total_5%,48,47.519999999999996,1.0708906592251153,1.088726550954029
lr_true,alpha_volume_total_5%,49,48.51,1.062141568612843,1.088726550954029
lr_true,alpha_volume_total_5%,50,49.5,1.0712745446741863,1.088726550954029
lr_true,alpha_volume_total_5%,51,50.495000000000005,1.0772543115425801,1.088726550954029
lr_true,alpha_volume_total_5%,52,51.485,1.080213261110465,1.088726550954029
lr_true,alpha_volume_total_5%,53,52.47500000000001,1.0768813901877032,1.088726550954029
lr_true,alpha_volume_total_5%,54,53.465,1.0874139740889146,1.088726550954029
lr_true,alpha_volume_total_5%,55,54.455,1.0951089187989713,1.088726550954029
lr_true,alpha_volume_total_5%,56,55.445,1.106127970480506,1.088726550954029
lr_true,alpha_volume_total_5%,57,56.435,1.1126390306667555,1.088726550954029
lr_true,alpha_volume_total_5%,58,57.42499999999999,1.1203223665809035,1.088726550954029
lr_true,alpha_volume_total_5%,59,58.41499999999999,1.0984857574118525,1.088726550954029
lr_true,alpha_volume_total_5%,60,59.404999999999994,1.1085293811651158,1.088726550954029
lr_true,alpha_volume_total_5%,61,60.394999999999996,1.1128890105543423,1.088726550954029
lr_true,alpha_volume_total_5%,62,61.385,1.124645284972063,1.088726550954029
lr_true,alpha_volume_total_5%,63,62.375,1.1371612610012245,1.088726550954029
lr_true,alpha_volume_total_5%,64,63.365,0.9702609902965069,1.088726550954029
lr_true,alpha_volume_total_5%,65,64.355,0.9777044702894517,1.088726550954029
lr_true,alpha_volume_total_5%,66,65.345,0.9843003468065984,1.088726550954029
lr_true,alpha_volume_total_5%,67,66.335,0.9953568209088234,1.088726550954029
lr_true,alpha_volume_total_5%,68,67.325,0.9142421758339963,1.088726550954029
lr_true,alpha_volume_total_5%,69,68.315,0.9158445416377289,1.088726550954029
lr_true,alpha_volume_total_5%,70,69.30499999999999,0.9249908326829959,1.088726550954029
lr_true,alpha_volume_total_5%,71,70.295,0.9322799829009109,1.088726550954029
lr_true,alpha_volume_total_5%,72,71.285,0.937382280246147,1.088726550954029
lr_true,alpha_volume_total_5%,73,72.275,0.9453642555518196,1.088726550954029
lr_true,alpha_volume_total_5%,74,73.265,0.879909146162905,1.088726550954029
lr_true,alpha_volume_total_5%,75,74.25500000000001,0.8803199183093284,1.088726550954029
lr_true,alpha_volume_total_5%,76,75.245,0.8774983596773664,1.088726550954029
lr_true,alpha_volume_total_5%,77,76.235,0.8897476982379058,1.088726550954029
lr_true,alpha_volume_total_5%,78,77.225,0.9034368581499488,1.088726550954029
lr_true,alpha_volume_total_5%,79,78.215,0.915384550637844,1.088726550954029
lr_true,alpha_volume_total_5%,80,79.205,0.9277199181444462,1.088726550954029
lr_true,alpha_volume_total_5%,81,80.195,0.9467674308861665,1.088726550954029
lr_true,alpha_volume_total_5%,82,81.185,0.8580394481325758,1.088726550954029
lr_true,alpha_volume_total_5%,83,82.175,0.7853317128001234,1.088726550954029
lr_true,alpha_volume_total_5%,84,83.165,0.7845328095989321,1.088726550954029
lr_true,alpha_volume_total_5%,85,84.155,0.7923303208236401,1.088726550954029
lr_true,alpha_volume_total_5%,86,85.14500000000001,0.7924904685513845,1.088726550954029
lr_true,alpha_volume_total_5%,87,86.135,0.7990394221529249,1.088726550954029
lr_true,alpha_volume_total_5%,88,87.125,0.8059142822634936,1.088726550954029
lr_true,alpha_volume_total_5%,89,88.115,0.8300300376007748,1.088726550954029
lr_true,alpha_volume_total_5%,90,89.105,0.851819359409969,1.088726550954029
lr_true,alpha_volume_total_5%,91,90.095,0.8463141884620733,1.088726550954029
lr_true,alpha_volume_total_5%,92,91.08500000000001,0.8661848840735807,1.088726550954029
lr_true,alpha_volume_total_5%,93,92.07499999999999,0.8745912411978122,1.088726550954029
lr_true,alpha_volume_total_5%,94,93.065,0.9052117784751049,1.088726550954029
lr_true,alpha_volume_total_5%,95,94.055,0.8922035227640782,1.088726550954029
lr_true,alpha_volume_total_5%,96,95.045,0.9763560042217337,1.088726550954029
lr_true,alpha_volume_total_5%,97,96.035,0.8196803694308719,1.088726550954029
lr_true,alpha_volume_total_5%,98,97.025,0.8709889646579168,1.088726550954029
lr_true,alpha_volume_total_5%,99,98.015,0.8926650575160961,1.088726550954029
lr_true,alpha_volume_total_5%,100,99.005,1.1862455192039323,1.088726550954029
lr_true,alpha_volume_aleatoric_5%,0,0.0,1.2183517963268629,1.088726550954029
lr_true,alpha_volume_aleatoric_5%,1,0.990000000000002,1.2215822249518857,1.088726550954029
lr_true,alpha_volume_aleatoric_5%,2,1.980000000000004,1.2282114371848967,1.088726550954029
lr_true,alpha_volume_aleatoric_5%,3,2.969999999999995,1.2330848025138752,1.088726550954029
lr_true,alpha_volume_aleatoric_5%,4,3.959999999999997,1.2373631393002804,1.088726550954029
lr_true,alpha_volume_aleatoric_5%,5,4.949999999999999,1.2442328961559692,1.088726550954029
lr_true,alpha_volume_aleatoric_5%,6,5.940000000000001,1.2519172653756543,1.088726550954029
lr_true,alpha_volume_aleatoric_5%,7,6.930000000000003,1.259187999881549,1.088726550954029
lr_true,alpha_volume_aleatoric_5%,8,7.920000000000005,1.2644500269314947,1.088726550954029
lr_true,alpha_volume_aleatoric_5%,9,8.909999999999997,1.2394377490540316,1.088726550954029
lr_true,alpha_volume_aleatoric_5%,10,9.899999999999999,1.2445897858350432,1.088726550954029
lr_true,alpha_volume_aleatoric_5%,11,10.89,1.2454250139211975,1.088726550954029
lr_true,alpha_volume_aleatoric_5%,12,11.880000000000003,1.2526321136230634,1.088726550954029
lr_true,alpha_volume_aleatoric_5%,13,12.870000000000005,1.2586728325584038,1.088726550954029
lr_true,alpha_volume_aleatoric_5%,14,13.859999999999994,1.2555022154301585,1.088726550954029
lr_true,alpha_volume_aleatoric_5%,15,14.849999999999996,1.2607575023722846,1.088726550954029
lr_true,alpha_volume_aleatoric_5%,16,15.839999999999998,1.2575432282399908,1.088726550954029
lr_true,alpha_volume_aleatoric_5%,17,16.830000000000002,1.2621428227210871,1.088726550954029
lr_true,alpha_volume_aleatoric_5%,18,17.820000000000004,1.2668066394282391,1.088726550954029
lr_true,alpha_volume_aleatoric_5%,19,18.810000000000006,1.2748549667059181,1.088726550954029
lr_true,alpha_volume_aleatoric_5%,20,19.799999999999997,1.274430586605837,1.088726550954029
lr_true,alpha_volume_aleatoric_5%,21,20.79,1.2829562898365805,1.088726550954029
lr_true,alpha_volume_aleatoric_5%,22,21.78,1.2909162377867311,1.088726550954029
lr_true,alpha_volume_aleatoric_5%,23,22.770000000000003,1.2946218577032607,1.088726550954029
lr_true,alpha_volume_aleatoric_5%,24,23.760000000000005,1.2928254453124104,1.088726550954029
lr_true,alpha_volume_aleatoric_5%,25,24.750000000000007,1.2967397182517266,1.088726550954029
lr_true,alpha_volume_aleatoric_5%,26,25.739999999999995,1.305643375919638,1.088726550954029
lr_true,alpha_volume_aleatoric_5%,27,26.729999999999997,1.310563452259638,1.088726550954029
lr_true,alpha_volume_aleatoric_5%,28,27.72,1.303263906638996,1.088726550954029
lr_true,alpha_volume_aleatoric_5%,29,28.71,1.3098510225143352,1.088726550954029
lr_true,alpha_volume_aleatoric_5%,30,29.700000000000003,1.3132682273207779,1.088726550954029
lr_true,alpha_volume_aleatoric_5%,31,30.689999999999994,1.3189931710474718,1.088726550954029
lr_true,alpha_volume_aleatoric_5%,32,31.679999999999996,1.3290679017386489,1.088726550954029
lr_true,alpha_volume_aleatoric_5%,33,32.67,1.3367571078727998,1.088726550954029
lr_true,alpha_volume_aleatoric_5%,34,33.660000000000004,1.3393882375436235,1.088726550954029
lr_true,alpha_volume_aleatoric_5%,35,34.650000000000006,1.347585944668099,1.088726550954029
lr_true,alpha_volume_aleatoric_5%,36,35.64000000000001,1.359002201212426,1.088726550954029
lr_true,alpha_volume_aleatoric_5%,37,36.629999999999995,1.3684265610897555,1.088726550954029
lr_true,alpha_volume_aleatoric_5%,38,37.62,1.376563583360586,1.088726550954029
lr_true,alpha_volume_aleatoric_5%,39,38.61,1.3894588237792276,1.088726550954029
lr_true,alpha_volume_aleatoric_5%,40,39.6,1.3852903002091497,1.088726550954029
lr_true,alpha_volume_aleatoric_5%,41,40.59,1.3980491205759513,1.088726550954029
lr_true,alpha_volume_aleatoric_5%,42,41.58,1.0284386142437507,1.088726550954029
lr_true,alpha_volume_aleatoric_5%,43,42.56999999999999,1.0361606845325717,1.088726550954029
lr_true,alpha_volume_aleatoric_5%,44,43.56,1.0394611220666794,1.088726550954029
lr_true,alpha_volume_aleatoric_5%,45,44.55,1.0490137436874103,1.088726550954029
lr_true,alpha_volume_aleatoric_5%,46,45.540000000000006,1.0568668868590323,1.088726550954029
lr_true,alpha_volume_aleatoric_5%,47,46.53,1.0684427211705585,1.088726550954029
lr_true,alpha_volume_aleatoric_5%,48,47.519999999999996,1.0708906592251153,1.088726550954029
lr_true,alpha_volume_aleatoric_5%,49,48.51,1.062141568612843,1.088726550954029
lr_true,alpha_volume_aleatoric_5%,50,49.5,1.0712745446741863,1.088726550954029
lr_true,alpha_volume_aleatoric_5%,51,50.495000000000005,1.0772543115425801,1.088726550954029
lr_true,alpha_volume_aleatoric_5%,52,51.485,1.080213261110465,1.088726550954029
lr_true,alpha_volume_aleatoric_5%,53,52.47500000000001,1.0768813901877032,1.088726550954029
lr_true,alpha_volume_aleatoric_5%,54,53.465,1.0874139740889146,1.088726550954029
lr_true,alpha_volume_aleatoric_5%,55,54.455,1.0951089187989713,1.088726550954029
lr_true,alpha_volume_aleatoric_5%,56,55.445,1.106127970480506,1.088726550954029
lr_true,alpha_volume_aleatoric_5%,57,56.435,1.1126390306667555,1.088726550954029
lr_true,alpha_volume_aleatoric_5%,58,57.42499999999999,1.1203223665809035,1.088726550954029
lr_true,alpha_volume_aleatoric_5%,59,58.41499999999999,1.0984857574118525,1.088726550954029
lr_true,alpha_volume_aleatoric_5%,60,59.404999999999994,1.1085293811651158,1.088726550954029
lr_true,alpha_volume_aleatoric_5%,61,60.394999999999996,1.1128890105543423,1.088726550954029
lr_true,alpha_volume_aleatoric_5%,62,61.385,1.124645284972063,1.088726550954029
lr_true,alpha_volume_aleatoric_5%,63,62.375,1.1371612610012245,1.088726550954029
lr_true,alpha_volume_aleatoric_5%,64,63.365,0.9702609902965069,1.088726550954029
lr_true,alpha_volume_aleatoric_5%,65,64.355,0.9777044702894517,1.088726550954029
lr_true,alpha_volume_aleatoric_5%,66,65.345,0.9843003468065984,1.088726550954029
lr_true,alpha_volume_aleatoric_5%,67,66.335,0.9953568209088234,1.088726550954029
lr_true,alpha_volume_aleatoric_5%,68,67.325,0.9142421758339963,1.088726550954029
lr_true,alpha_volume_aleatoric_5%,69,68.315,0.9158445416377289,1.088726550954029
lr_true,alpha_volume_aleatoric_5%,70,69.30499999999999,0.9249908326829959,1.088726550954029
lr_true,alpha_volume_aleatoric_5%,71,70.295,0.9322799829009109,1.088726550954029
lr_true,alpha_volume_aleatoric_5%,72,71.285,0.937382280246147,1.088726550954029
lr_true,alpha_volume_aleatoric_5%,73,72.275,0.9453642555518196,1.088726550954029
lr_true,alpha_volume_aleatoric_5%,74,73.265,0.879909146162905,1.088726550954029
lr_true,alpha_volume_aleatoric_5%,75,74.25500000000001,0.8803199183093284,1.088726550954029
lr_true,alpha_volume_aleatoric_5%,76,75.245,0.8774983596773664,1.088726550954029
lr_true,alpha_volume_aleatoric_5%,77,76.235,0.8897476982379058,1.088726550954029
lr_true,alpha_volume_aleatoric_5%,78,77.225,0.9034368581499488,1.088726550954029
lr_true,alpha_volume_aleatoric_5%,79,78.215,0.915384550637844,1.088726550954029
lr_true,alpha_volume_aleatoric_5%,80,79.205,0.9277199181444462,1.088726550954029
lr_true,alpha_volume_aleatoric_5%,81,80.195,0.9467674308861665,1.088726550954029
lr_true,alpha_volume_aleatoric_5%,82,81.185,0.8580394481325758,1.088726550954029
lr_true,alpha_volume_aleatoric_5%,83,82.175,0.7853317128001234,1.088726550954029
lr_true,alpha_volume_aleatoric_5%,84,83.165,0.7845328095989321,1.088726550954029
lr_true,alpha_volume_aleatoric_5%,85,84.155,0.7923303208236401,1.088726550954029
lr_true,alpha_volume_aleatoric_5%,86,85.14500000000001,0.7924904685513845,1.088726550954029
lr_true,alpha_volume_aleatoric_5%,87,86.135,0.7990394221529249,1.088726550954029
lr_true,alpha_volume_aleatoric_5%,88,87.125,0.8059142822634936,1.088726550954029
lr_true,alpha_volume_aleatoric_5%,89,88.115,0.8300300376007748,1.088726550954029
lr_true,alpha_volume_aleatoric_5%,90,89.105,0.851819359409969,1.088726550954029
lr_true,alpha_volume_aleatoric_5%,91,90.095,0.8463141884620733,1.088726550954029
lr_true,alpha_volume_aleatoric_5%,92,91.08500000000001,0.8661848840735807,1.088726550954029
lr_true,alpha_volume_aleatoric_5%,93,92.07499999999999,0.8745912411978122,1.088726550954029
lr_true,alpha_volume_aleatoric_5%,94,93.065,0.9052117784751049,1.088726550954029
lr_true,alpha_volume_aleatoric_5%,95,94.055,0.8922035227640782,1.088726550954029
lr_true,alpha_volume_aleatoric_5%,96,95.045,0.9763560042217337,1.088726550954029
lr_true,alpha_volume_aleatoric_5%,97,96.035,0.8196803694308719,1.088726550954029
lr_true,alpha_volume_aleatoric_5%,98,97.025,0.8709889646579168,1.088726550954029
lr_true,alpha_volume_aleatoric_5%,99,98.015,0.8926650575160961,1.088726550954029
lr_true,alpha_volume_aleatoric_5%,100,99.005,1.1862455192039323,1.088726550954029
lr_true,alpha_volume_epistemic_5%,0,0.0,1.2183517963268626,2.2628698187613026
lr_true,alpha_volume_epistemic_5%,1,0.990000000000002,1.2304960991892673,2.2628698187613026
lr_true,alpha_volume_epistemic_5%,2,1.980000000000004,1.2429179955882894,2.2628698187613026
lr_true,alpha_volume_epistemic_5%,3,2.969999999999995,1.2555889432534149,2.2628698187613026
lr_true,alpha_volume_epistemic_5%,4,3.959999999999997,1.2685114342349315,2.2628698187613026
lr_true,alpha_volume_epistemic_5%,5,4.949999999999999,1.2817162936659376,2.2628698187613026
lr_true,alpha_volume_epistemic_5%,6,5.940000000000001,1.2951999281479218,2.2628698187613026
lr_true,alpha_volume_epistemic_5%,7,6.930000000000003,1.3089685983457007,2.2628698187613026
lr_true,alpha_volume_epistemic_5%,8,7.920000000000005,1.3230261667518026,2.2628698187613026
lr_true,alpha_volume_epistemic_5%,9,8.909999999999997,1.3373972807927128,2.2628698187613026
lr_true,alpha_volume_epistemic_5%,10,9.899999999999999,1.3520850660684929,2.2628698187613026
lr_true,alpha_volume_epistemic_5%,11,10.89,1.3670965221576634,2.2628698187613026
lr_true,alpha_volume_epistemic_5%,12,11.880000000000003,1.382445801660886,2.2628698187613026
lr_true,alpha_volume_epistemic_5%,13,12.870000000000005,1.3981458715892792,2.2628698187613026
lr_true,alpha_volume_epistemic_5%,14,13.859999999999994,1.4142058500287746,2.2628698187613026
lr_true,alpha_volume_epistemic_5%,15,14.849999999999996,1.4306397993786084,2.2628698187613026
lr_true,alpha_volume_epistemic_5%,16,15.839999999999998,1.4474593579203792,2.2628698187613026
lr_true,alpha_volume_epistemic_5%,17,16.830000000000002,1.464680319604557,2.2628698187613026
lr_true,alpha_volume_epistemic_5%,18,17.820000000000004,1.482311308588152,2.2628698187613026
lr_true,alpha_volume_epistemic_5%,19,18.810000000000006,1.5003752696144712,2.2628698187613026
lr_true,alpha_volume_epistemic_5%,20,19.799999999999997,1.5188875179047465,2.2628698187613026
lr_true,alpha_volume_epistemic_5%,21,20.79,1.5378595111820466,2.2628698187613026
lr_true,alpha_volume_epistemic_5%,22,21.78,1.5572960816943984,2.2628698187613026
lr_true,alpha_volume_epistemic_5%,23,22.770000000000003,1.5772462143343922,2.2628698187613026
lr_true,alpha_volume_epistemic_5%,24,23.760000000000005,1.59771369676402,2.2628698187613026
lr_true,alpha_volume_epistemic_5%,25,24.750000000000007,1.6187235799575355,2.2628698187613026
lr_true,alpha_volume_epistemic_5%,26,25.739999999999995,1.640292674614082,2.2628698187613026
lr_true,alpha_volume_epistemic_5%,27,26.729999999999997,1.6624430957774128,2.2628698187613026
lr_true,alpha_volume_epistemic_5%,28,27.72,1.6851996919254817,2.2628698187613026
lr_true,alpha_volume_epistemic_5%,29,28.71,1.7085923367091378,2.2628698187613026
lr_true,alpha_volume_epistemic_5%,30,29.700000000000003,1.7326377240542246,2.2628698187613026
lr_true,alpha_volume_epistemic_5%,31,30.689999999999994,1.7573695742200202,2.2628698187613026
lr_true,alpha_volume_epistemic_5%,32,31.679999999999996,1.7828173807337389,2.2628698187613026
lr_true,alpha_volume_epistemic_5%,33,32.67,1.8090180773247266,2.2628698187613026
lr_true,alpha_volume_epistemic_5%,34,33.660000000000004,1.8359925650628384,2.2628698187613026
lr_true,alpha_volume_epistemic_5%,35,34.650000000000006,1.8637889102330518,2.2628698187613026
lr_true,alpha_volume_epistemic_5%,36,35.64000000000001,1.8924469193671967,2.2628698187613026
lr_true,alpha_volume_epistemic_5%,37,36.629999999999995,1.9220003067717815,2.2628698187613026
lr_true,alpha_volume_epistemic_5%,38,37.62,1.952490877716863,2.2628698187613026
lr_true,alpha_volume_epistemic_5%,39,38.61,1.9839649433419921,2.2628698187613026
lr_true,alpha_volume_epistemic_5%,40,39.6,2.016471618169341,2.2628698187613026
lr_true,alpha_volume_epistemic_5%,41,40.59,2.0500614944126956,2.2628698187613026
lr_true,alpha_volume_epistemic_5%,42,41.58,2.0847915385358546,2.2628698187613026
lr_true,alpha_volume_epistemic_5%,43,42.56999999999999,2.1207186778448284,2.2628698187613026
lr_true,alpha_volume_epistemic_5%,44,43.56,2.1579064051240904,2.2628698187613026
lr_true,alpha_volume_epistemic_5%,45,44.55,2.196420093909441,2.2628698187613026
lr_true,alpha_volume_epistemic_5%,46,45.540000000000006,2.2363302747125426,2.2628698187613026
lr_true,alpha_volume_epistemic_5%,47,46.53,2.2777168656244333,2.2628698187613026
lr_true,alpha_volume_epistemic_5%,48,47.519999999999996,2.3206709690792553,2.2628698187613026
lr_true,alpha_volume_epistemic_5%,49,48.51,2.3652752307054707,2.2628698187613026
lr_true,alpha_volume_epistemic_5%,50,49.5,2.411629188483052,2.2628698187613026
lr_true,alpha_volume_epistemic_5%,51,50.495000000000005,2.4600649262853067,2.2628698187613026
lr_true,alpha_volume_epistemic_5%,52,51.485,2.5102415831013873,2.2628698187613026
lr_true,alpha_volume_epistemic_5%,53,52.47500000000001,2.562507019599528,2.2628698187613026
lr_true,alpha_volume_epistemic_5%,54,53.465,2.61660538997815,2.2628698187613026
lr_true,alpha_volume_epistemic_5%,55,54.455,2.673462306392659,2.2628698187613026
lr_true,alpha_volume_epistemic_5%,56,55.445,2.7328493481905154,2.2628698187613026
lr_true,alpha_volume_epistemic_5%,57,56.435,2.794926004604835,2.2628698187613026
lr_true,alpha_volume_epistemic_5%,58,57.42499999999999,2.8599026197023294,2.2628698187613026
lr_true,alpha_volume_epistemic_5%,59,58.41499999999999,2.927966474546054,2.2628698187613026
lr_true,alpha_volume_epistemic_5%,60,59.404999999999994,2.999333871513442,2.2628698187613026
lr_true,alpha_volume_epistemic_5%,61,60.394999999999996,3.0742880747129133,2.2628698187613026
lr_true,alpha_volume_epistemic_5%,62,61.385,3.1519823706606873,2.2628698187613026
lr_true,alpha_volume_epistemic_5%,63,62.375,3.22734687611631,2.2628698187613026
lr_true,alpha_volume_epistemic_5%,64,63.365,3.287450026608847,2.2628698187613026
lr_true,alpha_volume_epistemic_5%,65,64.355,3.3519085567638776,2.2628698187613026
lr_true,alpha_volume_epistemic_5%,66,65.345,3.4235352255408644,2.2628698187613026
lr_true,alpha_volume_epistemic_5%,67,66.335,3.493669035167194,2.2628698187613026
lr_true,alpha_volume_epistemic_5%,68,67.325,3.5744422728171847,2.2628698187613026
lr_true,alpha_volume_epistemic_5%,69,68.315,3.6568906587167715,2.2628698187613026
lr_true,alpha_volume_epistemic_5%,70,69.30499999999999,3.744442148043583,2.2628698187613026
lr_true,alpha_volume_epistemic_5%,71,70.295,3.8208524270724573,2.2628698187613026
lr_true,alpha_volume_epistemic_5%,72,71.285,3.847870618344719,2.2628698187613026
lr_true,alpha_volume_epistemic_5%,73,72.275,3.796906685164173,2.2628698187613026
lr_true,alpha_volume_epistemic_5%,74,73.265,3.8651190480865614,2.2628698187613026
lr_true,alpha_volume_epistemic_5%,75,74.25500000000001,3.0480510487041115,2.2628698187613026
lr_true,alpha_volume_epistemic_5%,76,75.245,2.818241582714214,2.2628698187613026
lr_true,alpha_volume_epistemic_5%,77,76.235,2.800652156482461,2.2628698187613026
lr_true,alpha_volume_epistemic_5%,78,77.225,2.701472156049759,2.2628698187613026
lr_true,alpha_volume_epistemic_5%,79,78.215,2.7250241726170286,2.2628698187613026
lr_true,alpha_volume_epistemic_5%,80,79.205,2.7058012828502482,2.2628698187613026
lr_true,alpha_volume_epistemic_5%,81,80.195,2.6700367487608867,2.2628698187613026
lr_true,alpha_volume_epistemic_5%,82,81.185,2.687328235789212,2.2628698187613026
lr_true,alpha_volume_epistemic_5%,83,82.175,2.686828139415872,2.2628698187613026
lr_true,alpha_volume_epistemic_5%,84,83.165,2.623202859777383,2.2628698187613026
lr_true,alpha_volume_epistemic_5%,85,84.155,2.5722709669792323,2.2628698187613026
lr_true,alpha_volume_epistemic_5%,86,85.14500000000001,2.601219823885302,2.2628698187613026
lr_true,alpha_volume_epistemic_5%,87,86.135,2.552982555259369,2.2628698187613026
lr_true,alpha_volume_epistemic_5%,88,87.125,2.6065990059202484,2.2628698187613026
lr_true,alpha_volume_epistemic_5%,89,88.115,2.3947857727454287,2.2628698187613026
lr_true,alpha_volume_epistemic_5%,90,89.105,2.4293239914210014,2.2628698187613026
lr_true,alpha_volume_epistemic_5%,91,90.095,2.494353913091771,2.2628698187613026
lr_true,alpha_volume_epistemic_5%,92,91.08500000000001,2.4950965255079525,2.2628698187613026
lr_true,alpha_volume_epistemic_5%,93,92.07499999999999,2.536288636655695,2.2628698187613026
lr_true,alpha_volume_epistemic_5%,94,93.065,2.5889870886215496,2.2628698187613026
lr_true,alpha_volume_epistemic_5%,95,94.055,2.6328500559845964,2.2628698187613026
lr_true,alpha_volume_epistemic_5%,96,95.045,2.6951171850529514,2.2628698187613026
lr_true,alpha_volume_epistemic_5%,97,96.035,2.7309131039743293,2.2628698187613026
lr_true,alpha_volume_epistemic_5%,98,97.025,2.8660862396107794,2.2628698187613026
lr_true,alpha_volume_epistemic_5%,99,98.015,2.0926401617350874,2.2628698187613026
lr_true,alpha_volume_epistemic_5%,100,99.005,2.164943779100731,2.2628698187613026
lr_true,integrated_volume_total,0,0.0,1.2183517963268626,1.140293053191242
lr_true,integrated_volume_total,1,0.990000000000002,1.209973750025815,1.140293053191242
lr_true,integrated_volume_total,2,1.980000000000004,1.2112106506347857,1.140293053191242
lr_true,integrated_volume_total,3,2.969999999999995,1.2175036192228994,1.140293053191242
lr_true,integrated_volume_total,4,3.959999999999997,1.2240436427690127,1.140293053191242
lr_true,integrated_volume_total,5,4.949999999999999,1.2292186306040485,1.140293053191242
lr_true,integrated_volume_total,6,5.940000000000001,1.2370664569992251,1.140293053191242
lr_true,integrated_volume_total,7,6.930000000000003,1.2371727063248315,1.140293053191242
lr_true,integrated_volume_total,8,7.920000000000005,1.2441162707393312,1.140293053191242
lr_true,integrated_volume_total,9,8.909999999999997,1.2529492574748617,1.140293053191242
lr_true,integrated_volume_total,10,9.899999999999999,1.26105200058135,1.140293053191242
lr_true,integrated_volume_total,11,10.89,1.2626546041538715,1.140293053191242
lr_true,integrated_volume_total,12,11.880000000000003,1.265652522053737,1.140293053191242
lr_true,integrated_volume_total,13,12.870000000000005,1.2731558803880119,1.140293053191242
lr_true,integrated_volume_total,14,13.859999999999994,1.2788518626696703,1.140293053191242
lr_true,integrated_volume_total,15,14.849999999999996,1.2881312607373274,1.140293053191242
lr_true,integrated_volume_total,16,15.839999999999998,1.2971589698179213,1.140293053191242
lr_true,integrated_volume_total,17,16.830000000000002,1.3061590321789995,1.140293053191242
lr_true,integrated_volume_total,18,17.820000000000004,1.3160147769517607,1.140293053191242
lr_true,integrated_volume_total,19,18.810000000000006,1.3273002426959661,1.140293053191242
lr_true,integrated_volume_total,20,19.799999999999997,1.3387442335976254,1.140293053191242
lr_true,integrated_volume_total,21,20.79,1.3460824139068384,1.140293053191242
lr_true,integrated_volume_total,22,21.78,1.351377106744321,1.140293053191242
lr_true,integrated_volume_total,23,22.770000000000003,1.3539219995853173,1.140293053191242
lr_true,integrated_volume_total,24,23.760000000000005,1.3650829767999766,1.140293053191242
lr_true,integrated_volume_total,25,24.750000000000007,1.3771596571349067,1.140293053191242
lr_true,integrated_volume_total,26,25.739999999999995,1.3843681896078528,1.140293053191242
lr_true,integrated_volume_total,27,26.729999999999997,1.3949606535759107,1.140293053191242
lr_true,integrated_volume_total,28,27.72,1.4088052550536556,1.140293053191242
lr_true,integrated_volume_total,29,28.71,1.4190337794579215,1.140293053191242
lr_true,integrated_volume_total,30,29.700000000000003,1.4225051665201627,1.140293053191242
lr_true,integrated_volume_total,31,30.689999999999994,1.4282441598761417,1.140293053191242
lr_true,integrated_volume_total,32,31.679999999999996,1.4422665717205663,1.140293053191242
lr_true,integrated_volume_total,33,32.67,1.4245322174811004,1.140293053191242
lr_true,integrated_volume_total,34,33.660000000000004,1.4354437966810116,1.140293053191242
lr_true,integrated_volume_total,35,34.650000000000006,1.4505976304159032,1.140293053191242
lr_true,integrated_volume_total,36,35.64000000000001,1.46451256647234,1.140293053191242
lr_true,integrated_volume_total,37,36.629999999999995,1.3871175847177477,1.140293053191242
lr_true,integrated_volume_total,38,37.62,1.3922642817531588,1.140293053191242
lr_true,integrated_volume_total,39,38.61,1.4073983618286339,1.140293053191242
lr_true,integrated_volume_total,40,39.6,1.4196305295065748,1.140293053191242
lr_true,integrated_volume_total,41,40.59,1.4348324545390514,1.140293053191242
lr_true,integrated_volume_total,42,41.58,1.4479904983003453,1.140293053191242
lr_true,integrated_volume_total,43,42.56999999999999,1.4644875367552266,1.140293053191242
lr_true,integrated_volume_total,44,43.56,1.4773751725185782,1.140293053191242
lr_true,integrated_volume_total,45,44.55,1.493244022369791,1.140293053191242
lr_true,integrated_volume_total,46,45.540000000000006,1.5040404506942529,1.140293053191242
lr_true,integrated_volume_total,47,46.53,1.5005188199865496,1.140293053191242
lr_true,integrated_volume_total,48,47.519999999999996,1.4865373941367608,1.140293053191242
lr_true,integrated_volume_total,49,48.51,1.4647543679727513,1.140293053191242
lr_true,integrated_volume_total,50,49.5,1.4517019661545967,1.140293053191242
lr_true,integrated_volume_total,51,50.495000000000005,1.4281556600052026,1.140293053191242
lr_true,integrated_volume_total,52,51.485,1.3767559208427183,1.140293053191242
lr_true,integrated_volume_total,53,52.47500000000001,1.3916522236970514,1.140293053191242
lr_true,integrated_volume_total,54,53.465,1.4059005636249344,1.140293053191242
lr_true,integrated_volume_total,55,54.455,1.423451489653575,1.140293053191242
lr_true,integrated_volume_total,56,55.445,1.4414976415756668,1.140293053191242
lr_true,integrated_volume_total,57,56.435,1.4596650828803424,1.140293053191242
lr_true,integrated_volume_total,58,57.42499999999999,0.9549400652239195,1.140293053191242
lr_true,integrated_volume_total,59,58.41499999999999,0.9595505414667393,1.140293053191242
lr_true,integrated_volume_total,60,59.404999999999994,0.9699811661365378,1.140293053191242
lr_true,integrated_volume_total,61,60.394999999999996,0.9710091808572988,1.140293053191242
lr_true,integrated_volume_total,62,61.385,0.9814986307990704,1.140293053191242
lr_true,integrated_volume_total,63,62.375,0.9729102453691164,1.140293053191242
lr_true,integrated_volume_total,64,63.365,0.9775791988066681,1.140293053191242
lr_true,integrated_volume_total,65,64.355,0.8943894880269724,1.140293053191242
lr_true,integrated_volume_total,66,65.345,0.9002787290720354,1.140293053191242
lr_true,integrated_volume_total,67,66.335,0.9117842735699926,1.140293053191242
lr_true,integrated_volume_total,68,67.325,0.8847560766628737,1.140293053191242
lr_true,integrated_volume_total,69,68.315,0.8897825029198,1.140293053191242
lr_true,integrated_volume_total,70,69.30499999999999,0.8941310488953699,1.140293053191242
lr_true,integrated_volume_total,71,70.295,0.9041907185259094,1.140293053191242
lr_true,integrated_volume_total,72,71.285,0.8371078639732531,1.140293053191242
lr_true,integrated_volume_total,73,72.275,0.8342584760664277,1.140293053191242
lr_true,integrated_volume_total,74,73.265,0.8409788191572991,1.140293053191242
lr_true,integrated_volume_total,75,74.25500000000001,0.8511372942954868,1.140293053191242
lr_true,integrated_volume_total,76,75.245,0.8622446398449062,1.140293053191242
lr_true,integrated_volume_total,77,76.235,0.8655785218483849,1.140293053191242
lr_true,integrated_volume_total,78,77.225,0.8576404436173718,1.140293053191242
lr_true,integrated_volume_total,79,78.215,0.8748658175893373,1.140293053191242
lr_true,integrated_volume_total,80,79.205,0.792000602384267,1.140293053191242
lr_true,integrated_volume_total,81,80.195,0.805923640412783,1.140293053191242
lr_true,integrated_volume_total,82,81.185,0.8183424577911834,1.140293053191242
lr_true,integrated_volume_total,83,82.175,0.8329206515876674,1.140293053191242
lr_true,integrated_volume_total,84,83.165,0.7336138049803596,1.140293053191242
lr_true,integrated_volume_total,85,84.155,0.7380789813323825,1.140293053191242
lr_true,integrated_volume_total,86,85.14500000000001,0.7544199466744544,1.140293053191242
lr_true,integrated_volume_total,87,86.135,0.7679758311449751,1.140293053191242
lr_true,integrated_volume_total,88,87.125,0.7733095762193385,1.140293053191242
lr_true,integrated_volume_total,89,88.115,0.7794037707999981,1.140293053191242
lr_true,integrated_volume_total,90,89.105,0.7972801183449372,1.140293053191242
lr_true,integrated_volume_total,91,90.095,0.7409411631723559,1.140293053191242
lr_true,integrated_volume_total,92,91.08500000000001,0.7532666731230397,1.140293053191242
lr_true,integrated_volume_total,93,92.07499999999999,0.7683677680133453,1.140293053191242
lr_true,integrated_volume_total,94,93.065,0.7917565851367125,1.140293053191242
lr_true,integrated_volume_total,95,94.055,0.8197172224049434,1.140293053191242
lr_true,integrated_volume_total,96,95.045,0.8772912361540296,1.140293053191242
lr_true,integrated_volume_total,97,96.035,0.908063673871107,1.140293053191242
lr_true,integrated_volume_total,98,97.025,0.8800139748726196,1.140293053191242
lr_true,integrated_volume_total,99,98.015,0.9720698540995303,1.140293053191242
lr_true,integrated_volume_total,100,99.005,1.1266408152885359,1.140293053191242
lr_true,integrated_volume_aleatoric,0,0.0,1.2183517963268629,1.088726550954029
lr_true,integrated_volume_aleatoric,1,0.990000000000002,1.2215822249518857,1.088726550954029
lr_true,integrated_volume_aleatoric,2,1.980000000000004,1.2282114371848967,1.088726550954029
lr_true,integrated_volume_aleatoric,3,2.969999999999995,1.2330848025138752,1.088726550954029
lr_true,integrated_volume_aleatoric,4,3.959999999999997,1.2373631393002804,1.088726550954029
lr_true,integrated_volume_aleatoric,5,4.949999999999999,1.2442328961559692,1.088726550954029
lr_true,integrated_volume_aleatoric,6,5.940000000000001,1.2519172653756543,1.088726550954029
lr_true,integrated_volume_aleatoric,7,6.930000000000003,1.259187999881549,1.088726550954029
lr_true,integrated_volume_aleatoric,8,7.920000000000005,1.2644500269314947,1.088726550954029
lr_true,integrated_volume_aleatoric,9,8.909999999999997,1.2394377490540316,1.088726550954029
lr_true,integrated_volume_aleatoric,10,9.899999999999999,1.2445897858350432,1.088726550954029
lr_true,integrated_volume_aleatoric,11,10.89,1.2454250139211975,1.088726550954029
lr_true,integrated_volume_aleatoric,12,11.880000000000003,1.2526321136230634,1.088726550954029
lr_true,integrated_volume_aleatoric,13,12.870000000000005,1.2586728325584038,1.088726550954029
lr_true,integrated_volume_aleatoric,14,13.859999999999994,1.2555022154301585,1.088726550954029
lr_true,integrated_volume_aleatoric,15,14.849999999999996,1.2607575023722846,1.088726550954029
lr_true,integrated_volume_aleatoric,16,15.839999999999998,1.2575432282399908,1.088726550954029
lr_true,integrated_volume_aleatoric,17,16.830000000000002,1.2621428227210871,1.088726550954029
lr_true,integrated_volume_aleatoric,18,17.820000000000004,1.2668066394282391,1.088726550954029
lr_true,integrated_volume_aleatoric,19,18.810000000000006,1.2748549667059181,1.088726550954029
lr_true,integrated_volume_aleatoric,20,19.799999999999997,1.274430586605837,1.088726550954029
lr_true,integrated_volume_aleatoric,21,20.79,1.2829562898365805,1.088726550954029
lr_true,integrated_volume_aleatoric,22,21.78,1.2909162377867311,1.088726550954029
lr_true,integrated_volume_aleatoric,23,22.770000000000003,1.2946218577032607,1.088726550954029
lr_true,integrated_volume_aleatoric,24,23.760000000000005,1.2928254453124104,1.088726550954029
lr_true,integrated_volume_aleatoric,25,24.750000000000007,1.2967397182517266,1.088726550954029
lr_true,integrated_volume_aleatoric,26,25.739999999999995,1.305643375919638,1.088726550954029
lr_true,integrated_volume_aleatoric,27,26.729999999999997,1.310563452259638,1.088726550954029
lr_true,integrated_volume_aleatoric,28,27.72,1.303263906638996,1.088726550954029
lr_true,integrated_volume_aleatoric,29,28.71,1.3098510225143352,1.088726550954029
lr_true,integrated_volume_aleatoric,30,29.700000000000003,1.3132682273207779,1.088726550954029
lr_true,integrated_volume_aleatoric,31,30.689999999999994,1.3189931710474718,1.088726550954029
lr_true,integrated_volume_aleatoric,32,31.679999999999996,1.3290679017386489,1.088726550954029
lr_true,integrated_volume_aleatoric,33,32.67,1.3367571078727998,1.088726550954029
lr_true,integrated_volume_aleatoric,34,33.660000000000004,1.3393882375436235,1.088726550954029
lr_true,integrated_volume_aleatoric,35,34.650000000000006,1.347585944668099,1.088726550954029
lr_true,integrated_volume_aleatoric,36,35.64000000000001,1.359002201212426,1.088726550954029
lr_true,integrated_volume_aleatoric,37,36.629999999999995,1.3684265610897555,1.088726550954029
lr_true,integrated_volume_aleatoric,38,37.62,1.376563583360586,1.088726550954029
lr_true,integrated_volume_aleatoric,39,38.61,1.3894588237792276,1.088726550954029
lr_true,integrated_volume_aleatoric,40,39.6,1.3852903002091497,1.088726550954029
lr_true,integrated_volume_aleatoric,41,40.59,1.3980491205759513,1.088726550954029
lr_true,integrated_volume_aleatoric,42,41.58,1.0284386142437507,1.088726550954029
lr_true,integrated_volume_aleatoric,43,42.56999999999999,1.0361606845325717,1.088726550954029
lr_true,integrated_volume_aleatoric,44,43.56,1.0394611220666794,1.088726550954029
lr_true,integrated_volume_aleatoric,45,44.55,1.0490137436874103,1.088726550954029
lr_true,integrated_volume_aleatoric,46,45.540000000000006,1.0568668868590323,1.088726550954029
lr_true,integrated_volume_aleatoric,47,46.53,1.0684427211705585,1.088726550954029
lr_true,integrated_volume_aleatoric,48,47.519999999999996,1.0708906592251153,1.088726550954029
lr_true,integrated_volume_aleatoric,49,48.51,1.062141568612843,1.088726550954029
lr_true,integrated_volume_aleatoric,50,49.5,1.0712745446741863,1.088726550954029
lr_true,integrated_volume_aleatoric,51,50.495000000000005,1.0772543115425801,1.088726550954029
lr_true,integrated_volume_aleatoric,52,51.485,1.080213261110465,1.088726550954029
lr_true,integrated_volume_aleatoric,53,52.47500000000001,1.0768813901877032,1.088726550954029
lr_true,integrated_volume_aleatoric,54,53.465,1.0874139740889146,1.088726550954029
lr_true,integrated_volume_aleatoric,55,54.455,1.0951089187989713,1.088726550954029
lr_true,integrated_volume_aleatoric,56,55.445,1.106127970480506,1.088726550954029
lr_true,integrated_volume_aleatoric,57,56.435,1.1126390306667555,1.088726550954029
lr_true,integrated_volume_aleatoric,58,57.42499999999999,1.1203223665809035,1.088726550954029
lr_true,integrated_volume_aleatoric,59,58.41499999999999,1.0984857574118525,1.088726550954029
lr_true,integrated_volume_aleatoric,60,59.404999999999994,1.1085293811651158,1.088726550954029
lr_true,integrated_volume_aleatoric,61,60.394999999999996,1.1128890105543423,1.088726550954029
lr_true,integrated_volume_aleatoric,62,61.385,1.124645284972063,1.088726550954029
lr_true,integrated_volume_aleatoric,63,62.375,1.1371612610012245,1.088726550954029
lr_true,integrated_volume_aleatoric,64,63.365,0.9702609902965069,1.088726550954029
lr_true,integrated_volume_aleatoric,65,64.355,0.9777044702894517,1.088726550954029
lr_true,integrated_volume_aleatoric,66,65.345,0.9843003468065984,1.088726550954029
lr_true,integrated_volume_aleatoric,67,66.335,0.9953568209088234,1.088726550954029
lr_true,integrated_volume_aleatoric,68,67.325,0.9142421758339963,1.088726550954029
lr_true,integrated_volume_aleatoric,69,68.315,0.9158445416377289,1.088726550954029
lr_true,integrated_volume_aleatoric,70,69.30499999999999,0.9249908326829959,1.088726550954029
lr_true,integrated_volume_aleatoric,71,70.295,0.9322799829009109,1.088726550954029
lr_true,integrated_volume_aleatoric,72,71.285,0.937382280246147,1.088726550954029
lr_true,integrated_volume_aleatoric,73,72.275,0.9453642555518196,1.088726550954029
lr_true,integrated_volume_aleatoric,74,73.265,0.879909146162905,1.088726550954029
lr_true,integrated_volume_aleatoric,75,74.25500000000001,0.8803199183093284,1.088726550954029
lr_true,integrated_volume_aleatoric,76,75.245,0.8774983596773664,1.088726550954029
lr_true,integrated_volume_aleatoric,77,76.235,0.8897476982379058,1.088726550954029
lr_true,integrated_volume_aleatoric,78,77.225,0.9034368581499488,1.088726550954029
lr_true,integrated_volume_aleatoric,79,78.215,0.915384550637844,1.088726550954029
lr_true,integrated_volume_aleatoric,80,79.205,0.9277199181444462,1.088726550954029
lr_true,integrated_volume_aleatoric,81,80.195,0.9467674308861665,1.088726550954029
lr_true,integrated_volume_aleatoric,82,81.185,0.8580394481325758,1.088726550954029
lr_true,integrated_volume_aleatoric,83,82.175,0.7853317128001234,1.088726550954029
lr_true,integrated_volume_aleatoric,84,83.165,0.7845328095989321,1.088726550954029
lr_true,integrated_volume_aleatoric,85,84.155,0.7923303208236401,1.088726550954029
lr_true,integrated_volume_aleatoric,86,85.14500000000001,0.7924904685513845,1.088726550954029
lr_true,integrated_volume_aleatoric,87,86.135,0.7990394221529249,1.088726550954029
lr_true,integrated_volume_aleatoric,88,87.125,0.8059142822634936,1.088726550954029
lr_true,integrated_volume_aleatoric,89,88.115,0.8300300376007748,1.088726550954029
lr_true,integrated_volume_aleatoric,90,89.105,0.851819359409969,1.088726550954029
lr_true,integrated_volume_aleatoric,91,90.095,0.8463141884620733,1.088726550954029
lr_true,integrated_volume_aleatoric,92,91.08500000000001,0.8661848840735807,1.088726550954029
lr_true,integrated_volume_aleatoric,93,92.07499999999999,0.8745912411978122,1.088726550954029
lr_true,integrated_volume_aleatoric,94,93.065,0.9052117784751049,1.088726550954029
lr_true,integrated_volume_aleatoric,95,94.055,0.8922035227640782,1.088726550954029
lr_true,integrated_volume_aleatoric,96,95.045,0.9763560042217337,1.088726550954029
lr_true,integrated_volume_aleatoric,97,96.035,0.8196803694308719,1.088726550954029
lr_true,integrated_volume_aleatoric,98,97.025,0.8709889646579168,1.088726550954029
lr_true,integrated_volume_aleatoric,99,98.015,0.8926650575160961,1.088726550954029
lr_true,integrated_volume_aleatoric,100,99.005,1.1862455192039323,1.088726550954029
lr_true,integrated_volume_epistemic,0,0.0,1.2183517963268629,2.246837077536537
lr_true,integrated_volume_epistemic,1,0.990000000000002,1.2304964760272725,2.246837077536537
lr_true,integrated_volume_epistemic,2,1.980000000000004,1.2429172225973892,2.246837077536537
lr_true,integrated_volume_epistemic,3,2.969999999999995,1.2555907735819043,2.246837077536537
lr_true,integrated_volume_epistemic,4,3.959999999999997,1.268512727074468,2.246837077536537
lr_true,integrated_volume_epistemic,5,4.949999999999999,1.2817108458174684,2.246837077536537
lr_true,integrated_volume_epistemic,6,5.940000000000001,1.295192929699319,2.246837077536537
lr_true,integrated_volume_epistemic,7,6.930000000000003,1.3089596351698598,2.246837077536537
lr_true,integrated_volume_epistemic,8,7.920000000000005,1.3230266468451217,2.246837077536537
lr_true,integrated_volume_epistemic,9,8.909999999999997,1.3373974466290603,2.246837077536537
lr_true,integrated_volume_epistemic,10,9.899999999999999,1.352084488228541,2.246837077536537
lr_true,integrated_volume_epistemic,11,10.89,1.3670988434638531,2.246837077536537
lr_true,integrated_volume_epistemic,12,11.880000000000003,1.3824470844505554,2.246837077536537
lr_true,integrated_volume_epistemic,13,12.870000000000005,1.3981463930692866,2.246837077536537
lr_true,integrated_volume_epistemic,14,13.859999999999994,1.414205540097765,2.246837077536537
lr_true,integrated_volume_epistemic,15,14.849999999999996,1.4306369047104148,2.246837077536537
lr_true,integrated_volume_epistemic,16,15.839999999999998,1.4474547532942297,2.246837077536537
lr_true,integrated_volume_epistemic,17,16.830000000000002,1.464676209526702,2.246837077536537
lr_true,integrated_volume_epistemic,18,17.820000000000004,1.4823123798071727,2.246837077536537
lr_true,integrated_volume_epistemic,19,18.810000000000006,1.500376441076675,2.246837077536537
lr_true,integrated_volume_epistemic,20,19.799999999999997,1.5188878107199666,2.246837077536537
lr_true,integrated_volume_epistemic,21,20.79,1.5378631997937044,2.246837077536537
lr_true,integrated_volume_epistemic,22,21.78,1.5573181525894249,2.246837077536537
lr_true,integrated_volume_epistemic,23,22.770000000000003,1.5772493473182372,2.246837077536537
lr_true,integrated_volume_epistemic,24,23.760000000000005,1.5977196532775741,2.246837077536537
lr_true,integrated_volume_epistemic,25,24.750000000000007,1.618731317675812,2.246837077536537
lr_true,integrated_volume_epistemic,26,25.739999999999995,1.6402925194273439,2.246837077536537
lr_true,integrated_volume_epistemic,27,26.729999999999997,1.6624451081010911,2.246837077536537
lr_true,integrated_volume_epistemic,28,27.72,1.6851982735885518,2.246837077536537
lr_true,integrated_volume_epistemic,29,28.71,1.708590203432203,2.246837077536537
lr_true,integrated_volume_epistemic,30,29.700000000000003,1.732633673457024,2.246837077536537
lr_true,integrated_volume_epistemic,31,30.689999999999994,1.7573632324640927,2.246837077536537
lr_true,integrated_volume_epistemic,32,31.679999999999996,1.7828169483122036,2.246837077536537
lr_true,integrated_volume_epistemic,33,32.67,1.809012630859709,2.246837077536537
lr_true,integrated_volume_epistemic,34,33.660000000000004,1.8359923663958155,2.246837077536537
lr_true,integrated_volume_epistemic,35,34.650000000000006,1.8637923646697605,2.246837077536537
lr_true,integrated_volume_epistemic,36,35.64000000000001,1.892448695185451,2.246837077536537
lr_true,integrated_volume_epistemic,37,36.629999999999995,1.9220001193538085,2.246837077536537
lr_true,integrated_volume_epistemic,38,37.62,1.9524903057364624,2.246837077536537
lr_true,integrated_volume_epistemic,39,38.61,1.9839633650863875,2.246837077536537
lr_true,integrated_volume_epistemic,40,39.6,2.016470908816587,2.246837077536537
lr_true,integrated_volume_epistemic,41,40.59,2.050060859010304,2.246837077536537
lr_true,integrated_volume_epistemic,42,41.58,2.0847904499535383,2.246837077536537
lr_true,integrated_volume_epistemic,43,42.56999999999999,2.120716596249629,2.246837077536537
lr_true,integrated_volume_epistemic,44,43.56,2.1579013111126537,2.246837077536537
lr_true,integrated_volume_epistemic,45,44.55,2.196417845716098,2.246837077536537
lr_true,integrated_volume_epistemic,46,45.540000000000006,2.2363270024369375,2.246837077536537
lr_true,integrated_volume_epistemic,47,46.53,2.277719019315459,2.246837077536537
lr_true,integrated_volume_epistemic,48,47.519999999999996,2.3206726254573264,2.246837077536537
lr_true,integrated_volume_epistemic,49,48.51,2.365273155346176,2.246837077536537
lr_true,integrated_volume_epistemic,50,49.5,2.4116093623418644,2.246837077536537
lr_true,integrated_volume_epistemic,51,50.495000000000005,2.460060710613443,2.246837077536537
lr_true,integrated_volume_epistemic,52,51.485,2.5102429439524996,2.246837077536537
lr_true,integrated_volume_epistemic,53,52.47500000000001,2.5621162446907952,2.246837077536537
lr_true,integrated_volume_epistemic,54,53.465,2.6166082151105967,2.246837077536537
lr_true,integrated_volume_epistemic,55,54.455,2.6728333606696917,2.246837077536537
lr_true,integrated_volume_epistemic,56,55.445,2.732183255253328,2.246837077536537
lr_true,integrated_volume_epistemic,57,56.435,2.7939466830500423,2.246837077536537
lr_true,integrated_volume_epistemic,58,57.42499999999999,2.857776058147601,2.246837077536537
lr_true,integrated_volume_epistemic,59,58.41499999999999,2.925233172413942,2.246837077536537
lr_true,integrated_volume_epistemic,60,59.404999999999994,2.989302911206557,2.246837077536537
lr_true,integrated_volume_epistemic,61,60.394999999999996,3.060533674141887,2.246837077536537
lr_true,integrated_volume_epistemic,62,61.385,3.130686454823709,2.246837077536537
lr_true,integrated_volume_epistemic,63,62.375,3.2063976034929924,2.246837077536537
lr_true,integrated_volume_epistemic,64,63.365,3.274103522421664,2.246837077536537
lr_true,integrated_volume_epistemic,65,64.355,3.3472881716070866,2.246837077536537
lr_true,integrated_volume_epistemic,66,65.345,3.418061383704626,2.246837077536537
lr_true,integrated_volume_epistemic,67,66.335,3.493583308327147,2.246837077536537
lr_true,integrated_volume_epistemic,68,67.325,3.534106452844592,2.246837077536537
lr_true,integrated_volume_epistemic,69,68.315,3.6034626567165247,2.246837077536537
lr_true,integrated_volume_epistemic,70,69.30499999999999,3.6863058320312954,2.246837077536537
lr_true,integrated_volume_epistemic,71,70.295,3.759348890938798,2.246837077536537
lr_true,integrated_volume_epistemic,72,71.285,3.805253831492366,2.246837077536537
lr_true,integrated_volume_epistemic,73,72.275,3.7888754485262774,2.246837077536537
lr_true,integrated_volume_epistemic,74,73.265,3.024089898157282,2.246837077536537
lr_true,integrated_volume_epistemic,75,74.25500000000001,3.022014512636089,2.246837077536537
lr_true,integrated_volume_epistemic,76,75.245,3.0323007928490413,2.246837077536537
lr_true,integrated_volume_epistemic,77,76.235,2.815673980582797,2.246837077536537
lr_true,integrated_volume_epistemic,78,77.225,2.6949984268769076,2.246837077536537
lr_true,integrated_volume_epistemic,79,78.215,2.7266925267597837,2.246837077536537
lr_true,integrated_volume_epistemic,80,79.205,2.7028405831222555,2.246837077536537
lr_true,integrated_volume_epistemic,81,80.195,2.7046056952936905,2.246837077536537
lr_true,integrated_volume_epistemic,82,81.185,2.6309151906333,2.246837077536537
lr_true,integrated_volume_epistemic,83,82.175,2.6039461046904995,2.246837077536537
lr_true,integrated_volume_epistemic,84,83.165,2.575277203387722,2.246837077536537
lr_true,integrated_volume_epistemic,85,84.155,2.578119678265969,2.246837077536537
lr_true,integrated_volume_epistemic,86,85.14500000000001,2.576511748191679,2.246837077536537
lr_true,integrated_volume_epistemic,87,86.135,2.575962908458056,2.246837077536537
lr_true,integrated_volume_epistemic,88,87.125,2.565761002132909,2.246837077536537
lr_true,integrated_volume_epistemic,89,88.115,2.6063178787150934,2.246837077536537
lr_true,integrated_volume_epistemic,90,89.105,2.4351562880788262,2.246837077536537
lr_true,integrated_volume_epistemic,91,90.095,2.4712906029396677,2.246837077536537
lr_true,integrated_volume_epistemic,92,91.08500000000001,2.5099959193557053,2.246837077536537
lr_true,integrated_volume_epistemic,93,92.07499999999999,2.524588328641922,2.246837077536537
lr_true,integrated_volume_epistemic,94,93.065,2.5789819179253826,2.246837077536537
lr_true,integrated_volume_epistemic,95,94.055,2.6391988592875903,2.246837077536537
lr_true,integrated_volume_epistemic,96,95.045,2.719753857755484,2.246837077536537
lr_true,integrated_volume_epistemic,97,96.035,2.7466300343766257,2.246837077536537
lr_true,integrated_volume_epistemic,98,97.025,2.1967185248338494,2.246837077536537
lr_true,integrated_volume_epistemic,99,98.015,2.122650239009336,2.246837077536537
lr_true,integrated_volume_epistemic,100,99.005,2.1288928127703284,2.246837077536537
