metric,measure,point_index,abstention,risk,aurc
lr_true,differential_entropy_total,0,0.0,0.9157086282446677,0.6886244797722259
lr_true,differential_entropy_total,1,0.9499999999999953,0.9244862135360024,0.6886244797722259
lr_true,differential_entropy_total,2,1.9499999999999962,0.9337829752540726,0.6886244797722259
lr_true,differential_entropy_total,3,2.949999999999997,0.9434006603138394,0.6886244797722259
lr_true,differential_entropy_total,4,3.949999999999998,0.9532181043879374,0.6886244797722259
lr_true,differential_entropy_total,5,4.949999999999999,0.963241698806766,0.6886244797722259
lr_true,differential_entropy_total,6,5.900000000000006,0.9729610049689684,0.6886244797722259
lr_true,differential_entropy_total,7,6.899999999999995,0.9834058338069311,0.6886244797722259
lr_true,differential_entropy_total,8,7.899999999999996,0.9940782291293164,0.6886244797722259
lr_true,differential_entropy_total,9,8.899999999999997,1.0049823146324548,0.6886244797722259
lr_true,differential_entropy_total,10,9.899999999999999,1.0161273246710718,0.6886244797722259
lr_true,differential_entropy_total,11,10.850000000000005,1.0269479234408663,0.6886244797722259
lr_true,differential_entropy_total,12,11.850000000000005,1.0385856283129988,0.6886244797722259
lr_true,differential_entropy_total,13,12.849999999999994,1.0504931091430303,0.6886244797722259
lr_true,differential_entropy_total,14,13.849999999999996,1.0626792906588773,0.6886244797722259
lr_true,differential_entropy_total,15,14.849999999999996,1.0751526765318573,0.6886244797722259
lr_true,differential_entropy_total,16,15.800000000000002,1.087268773894198,0.6886244797722259
lr_true,differential_entropy_total,17,16.800000000000004,1.100327394717884,0.6886244797722259
lr_true,differential_entropy_total,18,17.800000000000004,1.1136997566992002,0.6886244797722259
lr_true,differential_entropy_total,19,18.799999999999994,1.1274091232686663,0.6886244797722259
lr_true,differential_entropy_total,20,19.799999999999997,1.1414554637856804,0.6886244797722259
lr_true,differential_entropy_total,21,20.75,1.155132786079268,0.6886244797722259
lr_true,differential_entropy_total,22,21.750000000000004,1.169885129994139,0.6886244797722259
lr_true,differential_entropy_total,23,22.750000000000004,1.1850235191341594,0.6886244797722259
lr_true,differential_entropy_total,24,23.750000000000004,1.2005585538675196,0.6886244797722259
lr_true,differential_entropy_total,25,24.750000000000007,1.2164835600686454,0.6886244797722259
lr_true,differential_entropy_total,26,25.7,1.2320155181366612,0.6886244797722259
lr_true,differential_entropy_total,27,26.700000000000003,1.248817665201543,0.6886244797722259
lr_true,differential_entropy_total,28,27.700000000000003,1.2660591150188747,0.6886244797722259
lr_true,differential_entropy_total,29,28.700000000000003,1.283809491845561,0.6886244797722259
lr_true,differential_entropy_total,30,29.700000000000003,1.3020635394601079,0.6886244797722259
lr_true,differential_entropy_total,31,30.65,1.3198927512276737,0.6886244797722259
lr_true,differential_entropy_total,32,31.65,1.3391953473059366,0.6886244797722259
lr_true,differential_entropy_total,33,32.65,1.3590713624024728,0.6886244797722259
lr_true,differential_entropy_total,34,33.650000000000006,1.3795448246198987,0.6886244797722259
lr_true,differential_entropy_total,35,34.650000000000006,1.3891995319161636,0.6886244797722259
lr_true,differential_entropy_total,36,35.6,1.3863895919527018,0.6886244797722259
lr_true,differential_entropy_total,37,36.6,1.3728998222412634,0.6886244797722259
lr_true,differential_entropy_total,38,37.6,1.2876882284847064,0.6886244797722259
lr_true,differential_entropy_total,39,38.6,1.2735911259791926,0.6886244797722259
lr_true,differential_entropy_total,40,39.6,1.2657030713534103,0.6886244797722259
lr_true,differential_entropy_total,41,40.55,1.2610781327652805,0.6886244797722259
lr_true,differential_entropy_total,42,41.55,1.2509911939856975,0.6886244797722259
lr_true,differential_entropy_total,43,42.55,1.243929915767589,0.6886244797722259
lr_true,differential_entropy_total,44,43.55,1.2241699653350948,0.6886244797722259
lr_true,differential_entropy_total,45,44.55,1.2160155249867404,0.6886244797722259
lr_true,differential_entropy_total,46,45.49999999999999,1.211565473266019,0.6886244797722259
lr_true,differential_entropy_total,47,46.5,1.193284459990496,0.6886244797722259
lr_true,differential_entropy_total,48,47.5,1.18662303327589,0.6886244797722259
lr_true,differential_entropy_total,49,48.5,1.1842270153004022,0.6886244797722259
lr_true,differential_entropy_total,50,49.5,1.1647689426102459,0.6886244797722259
lr_true,differential_entropy_total,51,50.449999999999996,1.1453995910368404,0.6886244797722259
lr_true,differential_entropy_total,52,51.449999999999996,1.1345222065497507,0.6886244797722259
lr_true,differential_entropy_total,53,52.449999999999996,1.1264317788630256,0.6886244797722259
lr_true,differential_entropy_total,54,53.449999999999996,1.1105976750912023,0.6886244797722259
lr_true,differential_entropy_total,55,54.449999999999996,1.0856976005199888,0.6886244797722259
lr_true,differential_entropy_total,56,55.400000000000006,1.0376364433184757,0.6886244797722259
lr_true,differential_entropy_total,57,56.400000000000006,0.9471324417186893,0.6886244797722259
lr_true,differential_entropy_total,58,57.400000000000006,0.9364372713935444,0.6886244797722259
lr_true,differential_entropy_total,59,58.400000000000006,0.4285693661104066,0.6886244797722259
lr_true,differential_entropy_total,60,59.4,0.36475110798605037,0.6886244797722259
lr_true,differential_entropy_total,61,60.349999999999994,0.3120138270541203,0.6886244797722259
lr_true,differential_entropy_total,62,61.349999999999994,0.2693525627597809,0.6886244797722259
lr_true,differential_entropy_total,63,62.349999999999994,0.21332799236305772,0.6886244797722259
lr_true,differential_entropy_total,64,63.349999999999994,0.1668444356390693,0.6886244797722259
lr_true,differential_entropy_total,65,64.35,0.13407521343536216,0.6886244797722259
lr_true,differential_entropy_total,66,65.3,0.11774883499747853,0.6886244797722259
lr_true,differential_entropy_total,67,66.3,0.09382515219021358,0.6886244797722259
lr_true,differential_entropy_total,68,67.30000000000001,0.07437482668513017,0.6886244797722259
lr_true,differential_entropy_total,69,68.30000000000001,0.046571028533781575,0.6886244797722259
lr_true,differential_entropy_total,70,69.30000000000001,0.037718975864762486,0.6886244797722259
lr_true,differential_entropy_total,71,70.25,0.012263616075171232,0.6886244797722259
lr_true,differential_entropy_total,72,71.25,0.001360527219200889,0.6886244797722259
lr_true,differential_entropy_total,73,72.24999999999999,0.0013648266565236677,0.6886244797722259
lr_true,differential_entropy_total,74,73.25,0.0013626450844101822,0.6886244797722259
lr_true,differential_entropy_total,75,74.25,0.001383003760513476,0.6886244797722259
lr_true,differential_entropy_total,76,75.2,0.001396411964479843,0.6886244797722259
lr_true,differential_entropy_total,77,76.2,0.0014022097491053647,0.6886244797722259
lr_true,differential_entropy_total,78,77.2,0.001416821856517753,0.6886244797722259
lr_true,differential_entropy_total,79,78.2,0.0014242339208463608,0.6886244797722259
lr_true,differential_entropy_total,80,79.2,0.0014524873575892648,0.6886244797722259
lr_true,differential_entropy_total,81,80.15,0.001400436867365539,0.6886244797722259
lr_true,differential_entropy_total,82,81.15,0.001402455930023186,0.6886244797722259
lr_true,differential_entropy_total,83,82.15,0.0013603152519921784,0.6886244797722259
lr_true,differential_entropy_total,84,83.15,0.001392345667412132,0.6886244797722259
lr_true,differential_entropy_total,85,84.15,0.0014010166524296502,0.6886244797722259
lr_true,differential_entropy_total,86,85.1,0.0014356475780334544,0.6886244797722259
lr_true,differential_entropy_total,87,86.1,0.0014641631659597673,0.6886244797722259
lr_true,differential_entropy_total,88,87.1,0.0015137305507738354,0.6886244797722259
lr_true,differential_entropy_total,89,88.1,0.001431785661324288,0.6886244797722259
lr_true,differential_entropy_total,90,89.1,0.001434007355168619,0.6886244797722259
lr_true,differential_entropy_total,91,90.05,0.0014217817447640655,0.6886244797722259
lr_true,differential_entropy_total,92,91.05,0.00133292396523016,0.6886244797722259
lr_true,differential_entropy_total,93,92.05,0.0013714504223512375,0.6886244797722259
lr_true,differential_entropy_total,94,93.05,0.0014279359137705835,0.6886244797722259
lr_true,differential_entropy_total,95,94.05,0.0011881961505222842,0.6886244797722259
lr_true,differential_entropy_total,96,95.0,0.0010799960861968508,0.6886244797722259
lr_true,differential_entropy_total,97,96.0,0.001130960863539887,0.6886244797722259
lr_true,differential_entropy_total,98,97.0,0.0010972805568095461,0.6886244797722259
lr_true,differential_entropy_total,99,98.0,0.001212238347790906,0.6886244797722259
lr_true,differential_entropy_total,100,99.0,0.0009441865348570747,0.6886244797722259
lr_true,differential_entropy_aleatoric,0,0.0,0.9157086282446677,0.686163151966432
lr_true,differential_entropy_aleatoric,1,0.9499999999999953,0.9244862135360024,0.686163151966432
lr_true,differential_entropy_aleatoric,2,1.9499999999999962,0.9337829752540727,0.686163151966432
lr_true,differential_entropy_aleatoric,3,2.949999999999997,0.9434006603138394,0.686163151966432
lr_true,differential_entropy_aleatoric,4,3.949999999999998,0.9532181043879374,0.686163151966432
lr_true,differential_entropy_aleatoric,5,4.949999999999999,0.963241698806766,0.686163151966432
lr_true,differential_entropy_aleatoric,6,5.900000000000006,0.9729610049689684,0.686163151966432
lr_true,differential_entropy_aleatoric,7,6.899999999999995,0.9834058338069311,0.686163151966432
lr_true,differential_entropy_aleatoric,8,7.899999999999996,0.9940782291293164,0.686163151966432
lr_true,differential_entropy_aleatoric,9,8.899999999999997,1.0049823146324548,0.686163151966432
lr_true,differential_entropy_aleatoric,10,9.899999999999999,1.0161273246710718,0.686163151966432
lr_true,differential_entropy_aleatoric,11,10.850000000000005,1.0269479234408656,0.686163151966432
lr_true,differential_entropy_aleatoric,12,11.850000000000005,1.0385856283129988,0.686163151966432
lr_true,differential_entropy_aleatoric,13,12.849999999999994,1.05049310914303,0.686163151966432
lr_true,differential_entropy_aleatoric,14,13.849999999999996,1.0626792906588771,0.686163151966432
lr_true,differential_entropy_aleatoric,15,14.849999999999996,1.0751526765318573,0.686163151966432
lr_true,differential_entropy_aleatoric,16,15.800000000000002,1.087268773894198,0.686163151966432
lr_true,differential_entropy_aleatoric,17,16.800000000000004,1.100327394717884,0.686163151966432
lr_true,differential_entropy_aleatoric,18,17.800000000000004,1.1136997566992002,0.686163151966432
lr_true,differential_entropy_aleatoric,19,18.799999999999994,1.1274091232686663,0.686163151966432
lr_true,differential_entropy_aleatoric,20,19.799999999999997,1.1414554637856804,0.686163151966432
lr_true,differential_entropy_aleatoric,21,20.75,1.155132786079268,0.686163151966432
lr_true,differential_entropy_aleatoric,22,21.750000000000004,1.169885129994139,0.686163151966432
lr_true,differential_entropy_aleatoric,23,22.750000000000004,1.1850235191341594,0.686163151966432
lr_true,differential_entropy_aleatoric,24,23.750000000000004,1.2005585538675196,0.686163151966432
lr_true,differential_entropy_aleatoric,25,24.750000000000007,1.2164835600686454,0.686163151966432
lr_true,differential_entropy_aleatoric,26,25.7,1.2320155181366612,0.686163151966432
lr_true,differential_entropy_aleatoric,27,26.700000000000003,1.2488176652015432,0.686163151966432
lr_true,differential_entropy_aleatoric,28,27.700000000000003,1.2660591150188747,0.686163151966432
lr_true,differential_entropy_aleatoric,29,28.700000000000003,1.283809491845561,0.686163151966432
lr_true,differential_entropy_aleatoric,30,29.700000000000003,1.3020635394601079,0.686163151966432
lr_true,differential_entropy_aleatoric,31,30.65,1.319892751227674,0.686163151966432
lr_true,differential_entropy_aleatoric,32,31.65,1.3391953473059366,0.686163151966432
lr_true,differential_entropy_aleatoric,33,32.65,1.3590713624024728,0.686163151966432
lr_true,differential_entropy_aleatoric,34,33.650000000000006,1.3795448246198987,0.686163151966432
lr_true,differential_entropy_aleatoric,35,34.650000000000006,1.389199531916163,0.686163151966432
lr_true,differential_entropy_aleatoric,36,35.6,1.3863895919527018,0.686163151966432
lr_true,differential_entropy_aleatoric,37,36.6,1.3728998222412634,0.686163151966432
lr_true,differential_entropy_aleatoric,38,37.6,1.2876882284847064,0.686163151966432
lr_true,differential_entropy_aleatoric,39,38.6,1.2735911259791926,0.686163151966432
lr_true,differential_entropy_aleatoric,40,39.6,1.2657030713534103,0.686163151966432
lr_true,differential_entropy_aleatoric,41,40.55,1.2610781327652805,0.686163151966432
lr_true,differential_entropy_aleatoric,42,41.55,1.2509911939856975,0.686163151966432
lr_true,differential_entropy_aleatoric,43,42.55,1.243929915767589,0.686163151966432
lr_true,differential_entropy_aleatoric,44,43.55,1.2241699653350941,0.686163151966432
lr_true,differential_entropy_aleatoric,45,44.55,1.2160155249867404,0.686163151966432
lr_true,differential_entropy_aleatoric,46,45.49999999999999,1.211565473266019,0.686163151966432
lr_true,differential_entropy_aleatoric,47,46.5,1.193284459990496,0.686163151966432
lr_true,differential_entropy_aleatoric,48,47.5,1.18662303327589,0.686163151966432
lr_true,differential_entropy_aleatoric,49,48.5,1.1842270153004024,0.686163151966432
lr_true,differential_entropy_aleatoric,50,49.5,1.1647689426102459,0.686163151966432
lr_true,differential_entropy_aleatoric,51,50.449999999999996,1.1453995910368404,0.686163151966432
lr_true,differential_entropy_aleatoric,52,51.449999999999996,1.1345222065497507,0.686163151966432
lr_true,differential_entropy_aleatoric,53,52.449999999999996,1.1264317788630256,0.686163151966432
lr_true,differential_entropy_aleatoric,54,53.449999999999996,1.1105976750912023,0.686163151966432
lr_true,differential_entropy_aleatoric,55,54.449999999999996,1.0856976005199888,0.686163151966432
lr_true,differential_entropy_aleatoric,56,55.400000000000006,1.0376364433184757,0.686163151966432
lr_true,differential_entropy_aleatoric,57,56.400000000000006,0.9471324417186893,0.686163151966432
lr_true,differential_entropy_aleatoric,58,57.400000000000006,0.9364372713935444,0.686163151966432
lr_true,differential_entropy_aleatoric,59,58.400000000000006,0.4285693661104066,0.686163151966432
lr_true,differential_entropy_aleatoric,60,59.4,0.36475110798605037,0.686163151966432
lr_true,differential_entropy_aleatoric,61,60.349999999999994,0.3120138270541203,0.686163151966432
lr_true,differential_entropy_aleatoric,62,61.349999999999994,0.2693525627597809,0.686163151966432
lr_true,differential_entropy_aleatoric,63,62.349999999999994,0.2133279923630577,0.686163151966432
lr_true,differential_entropy_aleatoric,64,63.349999999999994,0.1668444356390693,0.686163151966432
lr_true,differential_entropy_aleatoric,65,64.35,0.13407521343536216,0.686163151966432
lr_true,differential_entropy_aleatoric,66,65.3,0.09933352107635621,0.686163151966432
lr_true,differential_entropy_aleatoric,67,66.3,0.027628002529934626,0.686163151966432
lr_true,differential_entropy_aleatoric,68,67.30000000000001,0.001393606477042498,0.686163151966432
lr_true,differential_entropy_aleatoric,69,68.30000000000001,0.0013972278154929557,0.686163151966432
lr_true,differential_entropy_aleatoric,70,69.30000000000001,0.0013989275374123428,0.686163151966432
lr_true,differential_entropy_aleatoric,71,70.25,0.0014165680526127297,0.686163151966432
lr_true,differential_entropy_aleatoric,72,71.25,0.0013848573908126648,0.686163151966432
lr_true,differential_entropy_aleatoric,73,72.24999999999999,0.0014038931618707054,0.686163151966432
lr_true,differential_entropy_aleatoric,74,73.25,0.0013902592591817204,0.686163151966432
lr_true,differential_entropy_aleatoric,75,74.25,0.0013765796065690098,0.686163151966432
lr_true,differential_entropy_aleatoric,76,75.2,0.0013549496370654402,0.686163151966432
lr_true,differential_entropy_aleatoric,77,76.2,0.0013091256517771426,0.686163151966432
lr_true,differential_entropy_aleatoric,78,77.2,0.0012930010269538352,0.686163151966432
lr_true,differential_entropy_aleatoric,79,78.2,0.0013027361998838066,0.686163151966432
lr_true,differential_entropy_aleatoric,80,79.2,0.0013072661425675704,0.686163151966432
lr_true,differential_entropy_aleatoric,81,80.15,0.0013090946385995472,0.686163151966432
lr_true,differential_entropy_aleatoric,82,81.15,0.0013266864811535867,0.686163151966432
lr_true,differential_entropy_aleatoric,83,82.15,0.0013494354855287621,0.686163151966432
lr_true,differential_entropy_aleatoric,84,83.15,0.0013485956593237889,0.686163151966432
lr_true,differential_entropy_aleatoric,85,84.15,0.0013645618204747505,0.686163151966432
lr_true,differential_entropy_aleatoric,86,85.1,0.0013624904827266083,0.686163151966432
lr_true,differential_entropy_aleatoric,87,86.1,0.001327368296904292,0.686163151966432
lr_true,differential_entropy_aleatoric,88,87.1,0.0013641631574427126,0.686163151966432
lr_true,differential_entropy_aleatoric,89,88.1,0.0013977831349191723,0.686163151966432
lr_true,differential_entropy_aleatoric,90,89.1,0.0014150239480757163,0.686163151966432
lr_true,differential_entropy_aleatoric,91,90.05,0.0013888979413459353,0.686163151966432
lr_true,differential_entropy_aleatoric,92,91.05,0.0013347471420847314,0.686163151966432
lr_true,differential_entropy_aleatoric,93,92.05,0.0013736937204436544,0.686163151966432
lr_true,differential_entropy_aleatoric,94,93.05,0.001383344962416292,0.686163151966432
lr_true,differential_entropy_aleatoric,95,94.05,0.0014587857004881842,0.686163151966432
lr_true,differential_entropy_aleatoric,96,95.0,0.0015335629404776576,0.686163151966432
lr_true,differential_entropy_aleatoric,97,96.0,0.0016365631058625472,0.686163151966432
lr_true,differential_entropy_aleatoric,98,97.0,0.0016303067750193308,0.686163151966432
lr_true,differential_entropy_aleatoric,99,98.0,0.0019974227858885777,0.686163151966432
lr_true,differential_entropy_aleatoric,100,99.0,0.0025558580345494434,0.686163151966432
lr_true,differential_entropy_epistemic,0,0.0,0.9157086282446676,0.5364366189228565
lr_true,differential_entropy_epistemic,1,0.9499999999999953,0.9244660914124673,0.5364366189228565
lr_true,differential_entropy_epistemic,2,1.9499999999999962,0.9338829543617202,0.5364366189228565
lr_true,differential_entropy_epistemic,3,2.949999999999997,0.9434982471356067,0.5364366189228565
lr_true,differential_entropy_epistemic,4,3.949999999999998,0.9533131217261565,0.5364366189228565
lr_true,differential_entropy_epistemic,5,4.949999999999999,0.9632051449269919,0.5364366189228565
lr_true,differential_entropy_epistemic,6,5.900000000000006,0.9729177497770042,0.5364366189228565
lr_true,differential_entropy_epistemic,7,6.899999999999995,0.9833621931523918,0.5364366189228565
lr_true,differential_entropy_epistemic,8,7.899999999999996,0.9940299590262145,0.5364366189228565
lr_true,differential_entropy_epistemic,9,8.899999999999997,1.0049339969122424,0.5364366189228565
lr_true,differential_entropy_epistemic,10,9.899999999999999,1.0160782186569974,0.5364366189228565
lr_true,differential_entropy_epistemic,11,10.850000000000005,1.0268958988788774,0.5364366189228565
lr_true,differential_entropy_epistemic,12,11.850000000000005,1.038538917861249,0.5364366189228565
lr_true,differential_entropy_epistemic,13,12.849999999999994,1.0504463953242387,0.5364366189228565
lr_true,differential_entropy_epistemic,14,13.849999999999996,1.0626318822792178,0.5364366189228565
lr_true,differential_entropy_epistemic,15,14.849999999999996,1.0751053042412289,0.5364366189228565
lr_true,differential_entropy_epistemic,16,15.800000000000002,1.0872220019080159,0.5364366189228565
lr_true,differential_entropy_epistemic,17,16.800000000000004,1.1002810584208262,0.5364366189228565
lr_true,differential_entropy_epistemic,18,17.800000000000004,1.113648309213356,0.5364366189228565
lr_true,differential_entropy_epistemic,19,18.799999999999994,1.127356286435123,0.5364366189228565
lr_true,differential_entropy_epistemic,20,19.799999999999997,1.1413894937852092,0.5364366189228565
lr_true,differential_entropy_epistemic,21,20.75,1.1550633475405043,0.5364366189228565
lr_true,differential_entropy_epistemic,22,21.750000000000004,1.1698016828044226,0.5364366189228565
lr_true,differential_entropy_epistemic,23,22.750000000000004,1.184933225331895,0.5364366189228565
lr_true,differential_entropy_epistemic,24,23.750000000000004,1.2004594990093482,0.5364366189228565
lr_true,differential_entropy_epistemic,25,24.750000000000007,1.2164020656431087,0.5364366189228565
lr_true,differential_entropy_epistemic,26,25.7,1.231940335894929,0.5364366189228565
lr_true,differential_entropy_epistemic,27,26.700000000000003,1.2487363691488613,0.5364366189228565
lr_true,differential_entropy_epistemic,28,27.700000000000003,1.210300863095567,0.5364366189228565
lr_true,differential_entropy_epistemic,29,28.700000000000003,1.1799608164411182,0.5364366189228565
lr_true,differential_entropy_epistemic,30,29.700000000000003,1.174279542733441,0.5364366189228565
lr_true,differential_entropy_epistemic,31,30.65,1.1518995101438407,0.5364366189228565
lr_true,differential_entropy_epistemic,32,31.65,0.8601284329043384,0.5364366189228565
lr_true,differential_entropy_epistemic,33,32.65,0.8438088535369935,0.5364366189228565
lr_true,differential_entropy_epistemic,34,33.650000000000006,0.8360742644700145,0.5364366189228565
lr_true,differential_entropy_epistemic,35,34.650000000000006,0.8233371700238795,0.5364366189228565
lr_true,differential_entropy_epistemic,36,35.6,0.8041681709079327,0.5364366189228565
lr_true,differential_entropy_epistemic,37,36.6,0.7925318143989805,0.5364366189228565
lr_true,differential_entropy_epistemic,38,37.6,0.7851878397669101,0.5364366189228565
lr_true,differential_entropy_epistemic,39,38.6,0.7449305822677088,0.5364366189228565
lr_true,differential_entropy_epistemic,40,39.6,0.7272564494293858,0.5364366189228565
lr_true,differential_entropy_epistemic,41,40.55,0.71872101419095,0.5364366189228565
lr_true,differential_entropy_epistemic,42,41.55,0.7080473749196355,0.5364366189228565
lr_true,differential_entropy_epistemic,43,42.55,0.6959232962593813,0.5364366189228565
lr_true,differential_entropy_epistemic,44,43.55,0.6795565861032007,0.5364366189228565
lr_true,differential_entropy_epistemic,45,44.55,0.6491066469774899,0.5364366189228565
lr_true,differential_entropy_epistemic,46,45.49999999999999,0.6373127649378627,0.5364366189228565
lr_true,differential_entropy_epistemic,47,46.5,0.6052613380072609,0.5364366189228565
lr_true,differential_entropy_epistemic,48,47.5,0.5923142128383658,0.5364366189228565
lr_true,differential_entropy_epistemic,49,48.5,0.5680897704615937,0.5364366189228565
lr_true,differential_entropy_epistemic,50,49.5,0.5548266382306493,0.5364366189228565
lr_true,differential_entropy_epistemic,51,50.449999999999996,0.54214597043775,0.5364366189228565
lr_true,differential_entropy_epistemic,52,51.449999999999996,0.5269824409645458,0.5364366189228565
lr_true,differential_entropy_epistemic,53,52.449999999999996,0.5161163321798032,0.5364366189228565
lr_true,differential_entropy_epistemic,54,53.449999999999996,0.4917282445684677,0.5364366189228565
lr_true,differential_entropy_epistemic,55,54.449999999999996,0.4752434042989714,0.5364366189228565
lr_true,differential_entropy_epistemic,56,55.400000000000006,0.46210986686669314,0.5364366189228565
lr_true,differential_entropy_epistemic,57,56.400000000000006,0.442267390993767,0.5364366189228565
lr_true,differential_entropy_epistemic,58,57.400000000000006,0.4126217383536245,0.5364366189228565
lr_true,differential_entropy_epistemic,59,58.400000000000006,0.40420270440009337,0.5364366189228565
lr_true,differential_entropy_epistemic,60,59.4,0.39641052186280434,0.5364366189228565
lr_true,differential_entropy_epistemic,61,60.349999999999994,0.3881037241411628,0.5364366189228565
lr_true,differential_entropy_epistemic,62,61.349999999999994,0.3190494352361012,0.5364366189228565
lr_true,differential_entropy_epistemic,63,62.349999999999994,0.22413857004471108,0.5364366189228565
lr_true,differential_entropy_epistemic,64,63.349999999999994,0.19475783707925348,0.5364366189228565
lr_true,differential_entropy_epistemic,65,64.35,0.1694384192937405,0.5364366189228565
lr_true,differential_entropy_epistemic,66,65.3,0.13247082396559381,0.5364366189228565
lr_true,differential_entropy_epistemic,67,66.3,0.12185759142519684,0.5364366189228565
lr_true,differential_entropy_epistemic,68,67.30000000000001,0.08818197625366335,0.5364366189228565
lr_true,differential_entropy_epistemic,69,68.30000000000001,0.06968024204326587,0.5364366189228565
lr_true,differential_entropy_epistemic,70,69.30000000000001,0.04065176321050669,0.5364366189228565
lr_true,differential_entropy_epistemic,71,70.25,0.021691059275668965,0.5364366189228565
lr_true,differential_entropy_epistemic,72,71.25,0.007022429053290899,0.5364366189228565
lr_true,differential_entropy_epistemic,73,72.24999999999999,0.0011553363343790167,0.5364366189228565
lr_true,differential_entropy_epistemic,74,73.25,0.0011760496450396222,0.5364366189228565
lr_true,differential_entropy_epistemic,75,74.25,0.0011959131944509122,0.5364366189228565
lr_true,differential_entropy_epistemic,76,75.2,0.0012096782176221356,0.5364366189228565
lr_true,differential_entropy_epistemic,77,76.2,0.001210607184720065,0.5364366189228565
lr_true,differential_entropy_epistemic,78,77.2,0.0012211644648735677,0.5364366189228565
lr_true,differential_entropy_epistemic,79,78.2,0.0012408931583362923,0.5364366189228565
lr_true,differential_entropy_epistemic,80,79.2,0.001264563640018927,0.5364366189228565
lr_true,differential_entropy_epistemic,81,80.15,0.0012747732631958344,0.5364366189228565
lr_true,differential_entropy_epistemic,82,81.15,0.0012997126520204673,0.5364366189228565
lr_true,differential_entropy_epistemic,83,82.15,0.0013238235315799255,0.5364366189228565
lr_true,differential_entropy_epistemic,84,83.15,0.001355170839743491,0.5364366189228565
lr_true,differential_entropy_epistemic,85,84.15,0.001384466364611077,0.5364366189228565
lr_true,differential_entropy_epistemic,86,85.1,0.0014323660441475788,0.5364366189228565
lr_true,differential_entropy_epistemic,87,86.1,0.0014370489030763316,0.5364366189228565
lr_true,differential_entropy_epistemic,88,87.1,0.0014647069805294663,0.5364366189228565
lr_true,differential_entropy_epistemic,89,88.1,0.001524204077393472,0.5364366189228565
lr_true,differential_entropy_epistemic,90,89.1,0.001518741257605668,0.5364366189228565
lr_true,differential_entropy_epistemic,91,90.05,0.0015381704677012616,0.5364366189228565
lr_true,differential_entropy_epistemic,92,91.05,0.001612024621817815,0.5364366189228565
lr_true,differential_entropy_epistemic,93,92.05,0.0017329932285573934,0.5364366189228565
lr_true,differential_entropy_epistemic,94,93.05,0.0016259867212613153,0.5364366189228565
lr_true,differential_entropy_epistemic,95,94.05,0.0017354553071564887,0.5364366189228565
lr_true,differential_entropy_epistemic,96,95.0,0.0017838892213876037,0.5364366189228565
lr_true,differential_entropy_epistemic,97,96.0,0.001989550756530185,0.5364366189228565
lr_true,differential_entropy_epistemic,98,97.0,0.0020992147228994784,0.5364366189228565
lr_true,differential_entropy_epistemic,99,98.0,0.0016376080047228042,0.5364366189228565
lr_true,differential_entropy_epistemic,100,99.0,0.0023498390499332644,0.5364366189228565
lr_true,variance_total,0,0.0,0.9157086282446677,0.6886244797722259
lr_true,variance_total,1,0.9499999999999953,0.9244862135360024,0.6886244797722259
lr_true,variance_total,2,1.9499999999999962,0.9337829752540726,0.6886244797722259
lr_true,variance_total,3,2.949999999999997,0.9434006603138394,0.6886244797722259
lr_true,variance_total,4,3.949999999999998,0.9532181043879374,0.6886244797722259
lr_true,variance_total,5,4.949999999999999,0.963241698806766,0.6886244797722259
lr_true,variance_total,6,5.900000000000006,0.9729610049689684,0.6886244797722259
lr_true,variance_total,7,6.899999999999995,0.9834058338069311,0.6886244797722259
lr_true,variance_total,8,7.899999999999996,0.9940782291293164,0.6886244797722259
lr_true,variance_total,9,8.899999999999997,1.0049823146324548,0.6886244797722259
lr_true,variance_total,10,9.899999999999999,1.0161273246710718,0.6886244797722259
lr_true,variance_total,11,10.850000000000005,1.0269479234408663,0.6886244797722259
lr_true,variance_total,12,11.850000000000005,1.0385856283129988,0.6886244797722259
lr_true,variance_total,13,12.849999999999994,1.0504931091430303,0.6886244797722259
lr_true,variance_total,14,13.849999999999996,1.0626792906588773,0.6886244797722259
lr_true,variance_total,15,14.849999999999996,1.0751526765318573,0.6886244797722259
lr_true,variance_total,16,15.800000000000002,1.087268773894198,0.6886244797722259
lr_true,variance_total,17,16.800000000000004,1.100327394717884,0.6886244797722259
lr_true,variance_total,18,17.800000000000004,1.1136997566992002,0.6886244797722259
lr_true,variance_total,19,18.799999999999994,1.1274091232686663,0.6886244797722259
lr_true,variance_total,20,19.799999999999997,1.1414554637856804,0.6886244797722259
lr_true,variance_total,21,20.75,1.155132786079268,0.6886244797722259
lr_true,variance_total,22,21.750000000000004,1.169885129994139,0.6886244797722259
lr_true,variance_total,23,22.750000000000004,1.1850235191341594,0.6886244797722259
lr_true,variance_total,24,23.750000000000004,1.2005585538675196,0.6886244797722259
lr_true,variance_total,25,24.750000000000007,1.2164835600686454,0.6886244797722259
lr_true,variance_total,26,25.7,1.2320155181366612,0.6886244797722259
lr_true,variance_total,27,26.700000000000003,1.248817665201543,0.6886244797722259
lr_true,variance_total,28,27.700000000000003,1.2660591150188747,0.6886244797722259
lr_true,variance_total,29,28.700000000000003,1.283809491845561,0.6886244797722259
lr_true,variance_total,30,29.700000000000003,1.3020635394601079,0.6886244797722259
lr_true,variance_total,31,30.65,1.3198927512276737,0.6886244797722259
lr_true,variance_total,32,31.65,1.3391953473059366,0.6886244797722259
lr_true,variance_total,33,32.65,1.3590713624024728,0.6886244797722259
lr_true,variance_total,34,33.650000000000006,1.3795448246198987,0.6886244797722259
lr_true,variance_total,35,34.650000000000006,1.3891995319161636,0.6886244797722259
lr_true,variance_total,36,35.6,1.3863895919527018,0.6886244797722259
lr_true,variance_total,37,36.6,1.3728998222412634,0.6886244797722259
lr_true,variance_total,38,37.6,1.2876882284847064,0.6886244797722259
lr_true,variance_total,39,38.6,1.2735911259791926,0.6886244797722259
lr_true,variance_total,40,39.6,1.2657030713534103,0.6886244797722259
lr_true,variance_total,41,40.55,1.2610781327652805,0.6886244797722259
lr_true,variance_total,42,41.55,1.2509911939856975,0.6886244797722259
lr_true,variance_total,43,42.55,1.243929915767589,0.6886244797722259
lr_true,variance_total,44,43.55,1.2241699653350948,0.6886244797722259
lr_true,variance_total,45,44.55,1.2160155249867404,0.6886244797722259
lr_true,variance_total,46,45.49999999999999,1.211565473266019,0.6886244797722259
lr_true,variance_total,47,46.5,1.193284459990496,0.6886244797722259
lr_true,variance_total,48,47.5,1.18662303327589,0.6886244797722259
lr_true,variance_total,49,48.5,1.1842270153004022,0.6886244797722259
lr_true,variance_total,50,49.5,1.1647689426102459,0.6886244797722259
lr_true,variance_total,51,50.449999999999996,1.1453995910368404,0.6886244797722259
lr_true,variance_total,52,51.449999999999996,1.1345222065497507,0.6886244797722259
lr_true,variance_total,53,52.449999999999996,1.1264317788630256,0.6886244797722259
lr_true,variance_total,54,53.449999999999996,1.1105976750912023,0.6886244797722259
lr_true,variance_total,55,54.449999999999996,1.0856976005199888,0.6886244797722259
lr_true,variance_total,56,55.400000000000006,1.0376364433184757,0.6886244797722259
lr_true,variance_total,57,56.400000000000006,0.9471324417186893,0.6886244797722259
lr_true,variance_total,58,57.400000000000006,0.9364372713935444,0.6886244797722259
lr_true,variance_total,59,58.400000000000006,0.4285693661104066,0.6886244797722259
lr_true,variance_total,60,59.4,0.36475110798605037,0.6886244797722259
lr_true,variance_total,61,60.349999999999994,0.3120138270541203,0.6886244797722259
lr_true,variance_total,62,61.349999999999994,0.2693525627597809,0.6886244797722259
lr_true,variance_total,63,62.349999999999994,0.21332799236305772,0.6886244797722259
lr_true,variance_total,64,63.349999999999994,0.16684443563906928,0.6886244797722259
lr_true,variance_total,65,64.35,0.13407521343536216,0.6886244797722259
lr_true,variance_total,66,65.3,0.11774883499747853,0.6886244797722259
lr_true,variance_total,67,66.3,0.09382515219021358,0.6886244797722259
lr_true,variance_total,68,67.30000000000001,0.07437482668513017,0.6886244797722259
lr_true,variance_total,69,68.30000000000001,0.046571028533781575,0.6886244797722259
lr_true,variance_total,70,69.30000000000001,0.037718975864762486,0.6886244797722259
lr_true,variance_total,71,70.25,0.012263616075171232,0.6886244797722259
lr_true,variance_total,72,71.25,0.001360527219200889,0.6886244797722259
lr_true,variance_total,73,72.24999999999999,0.0013648266565236677,0.6886244797722259
lr_true,variance_total,74,73.25,0.0013626450844101822,0.6886244797722259
lr_true,variance_total,75,74.25,0.001383003760513476,0.6886244797722259
lr_true,variance_total,76,75.2,0.001396411964479843,0.6886244797722259
lr_true,variance_total,77,76.2,0.0014022097491053647,0.6886244797722259
lr_true,variance_total,78,77.2,0.001416821856517753,0.6886244797722259
lr_true,variance_total,79,78.2,0.0014242339208463608,0.6886244797722259
lr_true,variance_total,80,79.2,0.0014524873575892648,0.6886244797722259
lr_true,variance_total,81,80.15,0.001400436867365539,0.6886244797722259
lr_true,variance_total,82,81.15,0.001402455930023186,0.6886244797722259
lr_true,variance_total,83,82.15,0.0013603152519921784,0.6886244797722259
lr_true,variance_total,84,83.15,0.001392345667412132,0.6886244797722259
lr_true,variance_total,85,84.15,0.00140101665242965,0.6886244797722259
lr_true,variance_total,86,85.1,0.0014356475780334544,0.6886244797722259
lr_true,variance_total,87,86.1,0.0014641631659597673,0.6886244797722259
lr_true,variance_total,88,87.1,0.0015137305507738354,0.6886244797722259
lr_true,variance_total,89,88.1,0.001431785661324288,0.6886244797722259
lr_true,variance_total,90,89.1,0.001434007355168619,0.6886244797722259
lr_true,variance_total,91,90.05,0.0014217817447640655,0.6886244797722259
lr_true,variance_total,92,91.05,0.00133292396523016,0.6886244797722259
lr_true,variance_total,93,92.05,0.0013714504223512375,0.6886244797722259
lr_true,variance_total,94,93.05,0.0014279359137705835,0.6886244797722259
lr_true,variance_total,95,94.05,0.0011881961505222842,0.6886244797722259
lr_true,variance_total,96,95.0,0.0010799960861968508,0.6886244797722259
lr_true,variance_total,97,96.0,0.001130960863539887,0.6886244797722259
lr_true,variance_total,98,97.0,0.0010972805568095461,0.6886244797722259
lr_true,variance_total,99,98.0,0.001212238347790906,0.6886244797722259
lr_true,variance_total,100,99.0,0.0009441865348570747,0.6886244797722259
lr_true,variance_aleatoric,0,0.0,0.9157086282446677,0.686163151966432
lr_true,variance_aleatoric,1,0.9499999999999953,0.9244862135360024,0.686163151966432
lr_true,variance_aleatoric,2,1.9499999999999962,0.9337829752540727,0.686163151966432
lr_true,variance_aleatoric,3,2.949999999999997,0.9434006603138394,0.686163151966432
lr_true,variance_aleatoric,4,3.949999999999998,0.9532181043879374,0.686163151966432
lr_true,variance_aleatoric,5,4.949999999999999,0.963241698806766,0.686163151966432
lr_true,variance_aleatoric,6,5.900000000000006,0.9729610049689684,0.686163151966432
lr_true,variance_aleatoric,7,6.899999999999995,0.9834058338069311,0.686163151966432
lr_true,variance_aleatoric,8,7.899999999999996,0.9940782291293164,0.686163151966432
lr_true,variance_aleatoric,9,8.899999999999997,1.0049823146324548,0.686163151966432
lr_true,variance_aleatoric,10,9.899999999999999,1.0161273246710718,0.686163151966432
lr_true,variance_aleatoric,11,10.850000000000005,1.0269479234408656,0.686163151966432
lr_true,variance_aleatoric,12,11.850000000000005,1.0385856283129988,0.686163151966432
lr_true,variance_aleatoric,13,12.849999999999994,1.05049310914303,0.686163151966432
lr_true,variance_aleatoric,14,13.849999999999996,1.0626792906588771,0.686163151966432
lr_true,variance_aleatoric,15,14.849999999999996,1.0751526765318573,0.686163151966432
lr_true,variance_aleatoric,16,15.800000000000002,1.087268773894198,0.686163151966432
lr_true,variance_aleatoric,17,16.800000000000004,1.100327394717884,0.686163151966432
lr_true,variance_aleatoric,18,17.800000000000004,1.1136997566992002,0.686163151966432
lr_true,variance_aleatoric,19,18.799999999999994,1.1274091232686663,0.686163151966432
lr_true,variance_aleatoric,20,19.799999999999997,1.1414554637856804,0.686163151966432
lr_true,variance_aleatoric,21,20.75,1.155132786079268,0.686163151966432
lr_true,variance_aleatoric,22,21.750000000000004,1.169885129994139,0.686163151966432
lr_true,variance_aleatoric,23,22.750000000000004,1.1850235191341594,0.686163151966432
lr_true,variance_aleatoric,24,23.750000000000004,1.2005585538675196,0.686163151966432
lr_true,variance_aleatoric,25,24.750000000000007,1.2164835600686454,0.686163151966432
lr_true,variance_aleatoric,26,25.7,1.2320155181366612,0.686163151966432
lr_true,variance_aleatoric,27,26.700000000000003,1.2488176652015432,0.686163151966432
lr_true,variance_aleatoric,28,27.700000000000003,1.2660591150188747,0.686163151966432
lr_true,variance_aleatoric,29,28.700000000000003,1.283809491845561,0.686163151966432
lr_true,variance_aleatoric,30,29.700000000000003,1.3020635394601079,0.686163151966432
lr_true,variance_aleatoric,31,30.65,1.319892751227674,0.686163151966432
lr_true,variance_aleatoric,32,31.65,1.3391953473059366,0.686163151966432
lr_true,variance_aleatoric,33,32.65,1.3590713624024728,0.686163151966432
lr_true,variance_aleatoric,34,33.650000000000006,1.3795448246198987,0.686163151966432
lr_true,variance_aleatoric,35,34.650000000000006,1.389199531916163,0.686163151966432
lr_true,variance_aleatoric,36,35.6,1.3863895919527018,0.686163151966432
lr_true,variance_aleatoric,37,36.6,1.3728998222412634,0.686163151966432
lr_true,variance_aleatoric,38,37.6,1.2876882284847064,0.686163151966432
lr_true,variance_aleatoric,39,38.6,1.2735911259791926,0.686163151966432
lr_true,variance_aleatoric,40,39.6,1.2657030713534103,0.686163151966432
lr_true,variance_aleatoric,41,40.55,1.2610781327652805,0.686163151966432
lr_true,variance_aleatoric,42,41.55,1.2509911939856975,0.686163151966432
lr_true,variance_aleatoric,43,42.55,1.243929915767589,0.686163151966432
lr_true,variance_aleatoric,44,43.55,1.2241699653350941,0.686163151966432
lr_true,variance_aleatoric,45,44.55,1.2160155249867404,0.686163151966432
lr_true,variance_aleatoric,46,45.49999999999999,1.211565473266019,0.686163151966432
lr_true,variance_aleatoric,47,46.5,1.193284459990496,0.686163151966432
lr_true,variance_aleatoric,48,47.5,1.18662303327589,0.686163151966432
lr_true,variance_aleatoric,49,48.5,1.1842270153004024,0.686163151966432
lr_true,variance_aleatoric,50,49.5,1.1647689426102459,0.686163151966432
lr_true,variance_aleatoric,51,50.449999999999996,1.1453995910368404,0.686163151966432
lr_true,variance_aleatoric,52,51.449999999999996,1.1345222065497507,0.686163151966432
lr_true,variance_aleatoric,53,52.449999999999996,1.1264317788630256,0.686163151966432
lr_true,variance_aleatoric,54,53.449999999999996,1.1105976750912023,0.686163151966432
lr_true,variance_aleatoric,55,54.449999999999996,1.0856976005199888,0.686163151966432
lr_true,variance_aleatoric,56,55.400000000000006,1.0376364433184757,0.686163151966432
lr_true,variance_aleatoric,57,56.400000000000006,0.9471324417186893,0.686163151966432
lr_true,variance_aleatoric,58,57.400000000000006,0.9364372713935444,0.686163151966432
lr_true,variance_aleatoric,59,58.400000000000006,0.4285693661104066,0.686163151966432
lr_true,variance_aleatoric,60,59.4,0.36475110798605037,0.686163151966432
lr_true,variance_aleatoric,61,60.349999999999994,0.3120138270541203,0.686163151966432
lr_true,variance_aleatoric,62,61.349999999999994,0.2693525627597809,0.686163151966432
lr_true,variance_aleatoric,63,62.349999999999994,0.2133279923630577,0.686163151966432
lr_true,variance_aleatoric,64,63.349999999999994,0.1668444356390693,0.686163151966432
lr_true,variance_aleatoric,65,64.35,0.13407521343536216,0.686163151966432
lr_true,variance_aleatoric,66,65.3,0.09933352107635621,0.686163151966432
lr_true,variance_aleatoric,67,66.3,0.027628002529934626,0.686163151966432
lr_true,variance_aleatoric,68,67.30000000000001,0.001393606477042498,0.686163151966432
lr_true,variance_aleatoric,69,68.30000000000001,0.0013972278154929557,0.686163151966432
lr_true,variance_aleatoric,70,69.30000000000001,0.0013989275374123428,0.686163151966432
lr_true,variance_aleatoric,71,70.25,0.0014165680526127297,0.686163151966432
lr_true,variance_aleatoric,72,71.25,0.0013848573908126648,0.686163151966432
lr_true,variance_aleatoric,73,72.24999999999999,0.0014038931618707054,0.686163151966432
lr_true,variance_aleatoric,74,73.25,0.0013902592591817204,0.686163151966432
lr_true,variance_aleatoric,75,74.25,0.0013765796065690098,0.686163151966432
lr_true,variance_aleatoric,76,75.2,0.0013549496370654402,0.686163151966432
lr_true,variance_aleatoric,77,76.2,0.0013091256517771426,0.686163151966432
lr_true,variance_aleatoric,78,77.2,0.0012930010269538352,0.686163151966432
lr_true,variance_aleatoric,79,78.2,0.0013027361998838066,0.686163151966432
lr_true,variance_aleatoric,80,79.2,0.0013072661425675704,0.686163151966432
lr_true,variance_aleatoric,81,80.15,0.0013090946385995472,0.686163151966432
lr_true,variance_aleatoric,82,81.15,0.0013266864811535867,0.686163151966432
lr_true,variance_aleatoric,83,82.15,0.0013494354855287621,0.686163151966432
lr_true,variance_aleatoric,84,83.15,0.0013485956593237889,0.686163151966432
lr_true,variance_aleatoric,85,84.15,0.0013645618204747505,0.686163151966432
lr_true,variance_aleatoric,86,85.1,0.0013624904827266083,0.686163151966432
lr_true,variance_aleatoric,87,86.1,0.001327368296904292,0.686163151966432
lr_true,variance_aleatoric,88,87.1,0.0013641631574427126,0.686163151966432
lr_true,variance_aleatoric,89,88.1,0.0013977831349191723,0.686163151966432
lr_true,variance_aleatoric,90,89.1,0.0014150239480757163,0.686163151966432
lr_true,variance_aleatoric,91,90.05,0.0013888979413459353,0.686163151966432
lr_true,variance_aleatoric,92,91.05,0.0013347471420847314,0.686163151966432
lr_true,variance_aleatoric,93,92.05,0.0013736937204436544,0.686163151966432
lr_true,variance_aleatoric,94,93.05,0.001383344962416292,0.686163151966432
lr_true,variance_aleatoric,95,94.05,0.0014587857004881842,0.686163151966432
lr_true,variance_aleatoric,96,95.0,0.0015335629404776576,0.686163151966432
lr_true,variance_aleatoric,97,96.0,0.0016365631058625472,0.686163151966432
lr_true,variance_aleatoric,98,97.0,0.0016303067750193308,0.686163151966432
lr_true,variance_aleatoric,99,98.0,0.0019974227858885777,0.686163151966432
lr_true,variance_aleatoric,100,99.0,0.0025558580345494434,0.686163151966432
lr_true,variance_epistemic,0,0.0,0.9157086282446676,0.5560351303225283
lr_true,variance_epistemic,1,0.9499999999999953,0.9244739156384535,0.5560351303225283
lr_true,variance_epistemic,2,1.9499999999999962,0.9338888604996745,0.5560351303225283
lr_true,variance_epistemic,3,2.949999999999997,0.9435001472543542,0.5560351303225283
lr_true,variance_epistemic,4,3.949999999999998,0.9531853992527614,0.5560351303225283
lr_true,variance_epistemic,5,4.949999999999999,0.9632077441437424,0.5560351303225283
lr_true,variance_epistemic,6,5.900000000000006,0.9729242196243562,0.5560351303225283
lr_true,variance_epistemic,7,6.899999999999995,0.9833629883894556,0.5560351303225283
lr_true,variance_epistemic,8,7.899999999999996,0.99403311110405,0.5560351303225283
lr_true,variance_epistemic,9,8.899999999999997,1.0049356384777521,0.5560351303225283
lr_true,variance_epistemic,10,9.899999999999999,1.0160791112575465,0.5560351303225283
lr_true,variance_epistemic,11,10.850000000000005,1.0268991824308882,0.5560351303225283
lr_true,variance_epistemic,12,11.850000000000005,1.0385407977451524,0.5560351303225283
lr_true,variance_epistemic,13,12.849999999999994,1.0504477495069506,0.5560351303225283
lr_true,variance_epistemic,14,13.849999999999996,1.0626340699697288,0.5560351303225283
lr_true,variance_epistemic,15,14.849999999999996,1.0751031622984761,0.5560351303225283
lr_true,variance_epistemic,16,15.800000000000002,1.0872259310930779,0.5560351303225283
lr_true,variance_epistemic,17,16.800000000000004,1.1002783917074077,0.5560351303225283
lr_true,variance_epistemic,18,17.800000000000004,1.113652041959005,0.5560351303225283
lr_true,variance_epistemic,19,18.799999999999994,1.1273555649826448,0.5560351303225283
lr_true,variance_epistemic,20,19.799999999999997,1.1414043658415387,0.5560351303225283
lr_true,variance_epistemic,21,20.75,1.1550584009647444,0.5560351303225283
lr_true,variance_epistemic,22,21.750000000000004,1.1698109869558357,0.5560351303225283
lr_true,variance_epistemic,23,22.750000000000004,1.1849338496867532,0.5560351303225283
lr_true,variance_epistemic,24,23.750000000000004,1.2004609767374954,0.5560351303225283
lr_true,variance_epistemic,25,24.750000000000007,1.2164037849520979,0.5560351303225283
lr_true,variance_epistemic,26,25.7,1.2184610181204931,0.5560351303225283
lr_true,variance_epistemic,27,26.700000000000003,1.211157134876531,0.5560351303225283
lr_true,variance_epistemic,28,27.700000000000003,1.2036111394671567,0.5560351303225283
lr_true,variance_epistemic,29,28.700000000000003,1.1709803154770433,0.5560351303225283
lr_true,variance_epistemic,30,29.700000000000003,1.129206243157004,0.5560351303225283
lr_true,variance_epistemic,31,30.65,1.1177772578661607,0.5560351303225283
lr_true,variance_epistemic,32,31.65,1.1115064033461253,0.5560351303225283
lr_true,variance_epistemic,33,32.65,1.104049721040027,0.5560351303225283
lr_true,variance_epistemic,34,33.650000000000006,1.0929818236695232,0.5560351303225283
lr_true,variance_epistemic,35,34.650000000000006,1.079299614826239,0.5560351303225283
lr_true,variance_epistemic,36,35.6,1.0726754072885822,0.5560351303225283
lr_true,variance_epistemic,37,36.6,1.0587440219750952,0.5560351303225283
lr_true,variance_epistemic,38,37.6,1.050048539154147,0.5560351303225283
lr_true,variance_epistemic,39,38.6,1.0481835996481128,0.5560351303225283
lr_true,variance_epistemic,40,39.6,1.043879703175103,0.5560351303225283
lr_true,variance_epistemic,41,40.55,1.0225972465092703,0.5560351303225283
lr_true,variance_epistemic,42,41.55,1.0078491242973953,0.5560351303225283
lr_true,variance_epistemic,43,42.55,0.6597605232880605,0.5560351303225283
lr_true,variance_epistemic,44,43.55,0.6474757844311547,0.5560351303225283
lr_true,variance_epistemic,45,44.55,0.6354522603952699,0.5560351303225283
lr_true,variance_epistemic,46,45.49999999999999,0.6220178110476773,0.5560351303225283
lr_true,variance_epistemic,47,46.5,0.5886279208861465,0.5560351303225283
lr_true,variance_epistemic,48,47.5,0.5644014780962376,0.5560351303225283
lr_true,variance_epistemic,49,48.5,0.5571749477005026,0.5560351303225283
lr_true,variance_epistemic,50,49.5,0.5417931268518157,0.5560351303225283
lr_true,variance_epistemic,51,50.449999999999996,0.5321609865613592,0.5560351303225283
lr_true,variance_epistemic,52,51.449999999999996,0.5090355007330689,0.5560351303225283
lr_true,variance_epistemic,53,52.449999999999996,0.4996400345731706,0.5560351303225283
lr_true,variance_epistemic,54,53.449999999999996,0.4698043065859269,0.5560351303225283
lr_true,variance_epistemic,55,54.449999999999996,0.4476016298779504,0.5560351303225283
lr_true,variance_epistemic,56,55.400000000000006,0.4384755780706538,0.5560351303225283
lr_true,variance_epistemic,57,56.400000000000006,0.4269670675778715,0.5560351303225283
lr_true,variance_epistemic,58,57.400000000000006,0.3624824118470475,0.5560351303225283
lr_true,variance_epistemic,59,58.400000000000006,0.3506955492155232,0.5560351303225283
lr_true,variance_epistemic,60,59.4,0.27017470953276507,0.5560351303225283
lr_true,variance_epistemic,61,60.349999999999994,0.24363855852491684,0.5560351303225283
lr_true,variance_epistemic,62,61.349999999999994,0.21688186265015014,0.5560351303225283
lr_true,variance_epistemic,63,62.349999999999994,0.19539939967791947,0.5560351303225283
lr_true,variance_epistemic,64,63.349999999999994,0.17432032466503308,0.5560351303225283
lr_true,variance_epistemic,65,64.35,0.16589520577300404,0.5560351303225283
lr_true,variance_epistemic,66,65.3,0.12712142195137166,0.5560351303225283
lr_true,variance_epistemic,67,66.3,0.09421357657402563,0.5560351303225283
lr_true,variance_epistemic,68,67.30000000000001,0.055376543043276064,0.5560351303225283
lr_true,variance_epistemic,69,68.30000000000001,0.04481169020073182,0.5560351303225283
lr_true,variance_epistemic,70,69.30000000000001,0.039264691313126834,0.5560351303225283
lr_true,variance_epistemic,71,70.25,0.021320614371093883,0.5560351303225283
lr_true,variance_epistemic,72,71.25,0.0012024603997756304,0.5560351303225283
lr_true,variance_epistemic,73,72.24999999999999,0.0012138587564582038,0.5560351303225283
lr_true,variance_epistemic,74,73.25,0.0012222765744913163,0.5560351303225283
lr_true,variance_epistemic,75,74.25,0.0012364382932890745,0.5560351303225283
lr_true,variance_epistemic,76,75.2,0.0012251966354084526,0.5560351303225283
lr_true,variance_epistemic,77,76.2,0.0012435834711560783,0.5560351303225283
lr_true,variance_epistemic,78,77.2,0.0012668151626098107,0.5560351303225283
lr_true,variance_epistemic,79,78.2,0.0013032465442286312,0.5560351303225283
lr_true,variance_epistemic,80,79.2,0.001338786943325608,0.5560351303225283
lr_true,variance_epistemic,81,80.15,0.0013761620734289734,0.5560351303225283
lr_true,variance_epistemic,82,81.15,0.001408165115526152,0.5560351303225283
lr_true,variance_epistemic,83,82.15,0.0014526844972098973,0.5560351303225283
lr_true,variance_epistemic,84,83.15,0.001482749983678313,0.5560351303225283
lr_true,variance_epistemic,85,84.15,0.0014647187685742327,0.5560351303225283
lr_true,variance_epistemic,86,85.1,0.00146429519607593,0.5560351303225283
lr_true,variance_epistemic,87,86.1,0.0015316117730219847,0.5560351303225283
lr_true,variance_epistemic,88,87.1,0.0014578841032834027,0.5560351303225283
lr_true,variance_epistemic,89,88.1,0.0014551813019193856,0.5560351303225283
lr_true,variance_epistemic,90,89.1,0.0015472141862322775,0.5560351303225283
lr_true,variance_epistemic,91,90.05,0.0016263634045980406,0.5560351303225283
lr_true,variance_epistemic,92,91.05,0.0016039533386720544,0.5560351303225283
lr_true,variance_epistemic,93,92.05,0.0016984398889764237,0.5560351303225283
lr_true,variance_epistemic,94,93.05,0.0016250039322903518,0.5560351303225283
lr_true,variance_epistemic,95,94.05,0.0017773240736475148,0.5560351303225283
lr_true,variance_epistemic,96,95.0,0.0018945745996524325,0.5560351303225283
lr_true,variance_epistemic,97,96.0,0.0021141940258805297,0.5560351303225283
lr_true,variance_epistemic,98,97.0,0.002017684412466207,0.5560351303225283
lr_true,variance_epistemic,99,98.0,0.0016348972120584602,0.5560351303225283
lr_true,variance_epistemic,100,99.0,0.0018700924493788881,0.5560351303225283
lr_true,alpha_volume_total_5%,0,0.0,0.9157086282446676,1.7844117491016462
lr_true,alpha_volume_total_5%,1,0.9499999999999953,0.9222023596105974,1.7844117491016462
lr_true,alpha_volume_total_5%,2,1.9499999999999962,0.9276579641646936,1.7844117491016462
lr_true,alpha_volume_total_5%,3,2.949999999999997,0.9301384764941268,1.7844117491016462
lr_true,alpha_volume_total_5%,4,3.949999999999998,0.9326937151412107,1.7844117491016462
lr_true,alpha_volume_total_5%,5,4.949999999999999,0.9386763312997883,1.7844117491016462
lr_true,alpha_volume_total_5%,6,5.900000000000006,0.9450351183581664,1.7844117491016462
lr_true,alpha_volume_total_5%,7,6.899999999999995,0.950238327434348,1.7844117491016462
lr_true,alpha_volume_total_5%,8,7.899999999999996,0.952561815412596,1.7844117491016462
lr_true,alpha_volume_total_5%,9,8.899999999999997,0.9546492904695917,1.7844117491016462
lr_true,alpha_volume_total_5%,10,9.899999999999999,0.9623645165264735,1.7844117491016462
lr_true,alpha_volume_total_5%,11,10.850000000000005,0.9629292944669153,1.7844117491016462
lr_true,alpha_volume_total_5%,12,11.850000000000005,0.9682250011995179,1.7844117491016462
lr_true,alpha_volume_total_5%,13,12.849999999999994,0.9727913118927992,1.7844117491016462
lr_true,alpha_volume_total_5%,14,13.849999999999996,0.981528888332466,1.7844117491016462
lr_true,alpha_volume_total_5%,15,14.849999999999996,0.9816975847357753,1.7844117491016462
lr_true,alpha_volume_total_5%,16,15.800000000000002,0.9909609455129591,1.7844117491016462
lr_true,alpha_volume_total_5%,17,16.800000000000004,0.9958311108019308,1.7844117491016462
lr_true,alpha_volume_total_5%,18,17.800000000000004,0.9900749784368573,1.7844117491016462
lr_true,alpha_volume_total_5%,19,18.799999999999994,0.994831215031002,1.7844117491016462
lr_true,alpha_volume_total_5%,20,19.799999999999997,1.0024056686924463,1.7844117491016462
lr_true,alpha_volume_total_5%,21,20.75,1.010587547632882,1.7844117491016462
lr_true,alpha_volume_total_5%,22,21.750000000000004,1.0199736053200432,1.7844117491016462
lr_true,alpha_volume_total_5%,23,22.750000000000004,1.028522146742659,1.7844117491016462
lr_true,alpha_volume_total_5%,24,23.750000000000004,1.0373420812867278,1.7844117491016462
lr_true,alpha_volume_total_5%,25,24.750000000000007,1.043056054358599,1.7844117491016462
lr_true,alpha_volume_total_5%,26,25.7,1.0503368252186973,1.7844117491016462
lr_true,alpha_volume_total_5%,27,26.700000000000003,1.0581870311624981,1.7844117491016462
lr_true,alpha_volume_total_5%,28,27.700000000000003,1.0473061545500506,1.7844117491016462
lr_true,alpha_volume_total_5%,29,28.700000000000003,1.0566144592720517,1.7844117491016462
lr_true,alpha_volume_total_5%,30,29.700000000000003,1.069176095642788,1.7844117491016462
lr_true,alpha_volume_total_5%,31,30.65,1.0402977994939577,1.7844117491016462
lr_true,alpha_volume_total_5%,32,31.65,1.0437926520805871,1.7844117491016462
lr_true,alpha_volume_total_5%,33,32.65,1.0165850931766058,1.7844117491016462
lr_true,alpha_volume_total_5%,34,33.650000000000006,1.0254957179603004,1.7844117491016462
lr_true,alpha_volume_total_5%,35,34.650000000000006,1.0380262824011948,1.7844117491016462
lr_true,alpha_volume_total_5%,36,35.6,1.0368443694907001,1.7844117491016462
lr_true,alpha_volume_total_5%,37,36.6,1.0473070897721823,1.7844117491016462
lr_true,alpha_volume_total_5%,38,37.6,1.0493972764978763,1.7844117491016462
lr_true,alpha_volume_total_5%,39,38.6,1.0581621890855746,1.7844117491016462
lr_true,alpha_volume_total_5%,40,39.6,1.0682357615055067,1.7844117491016462
lr_true,alpha_volume_total_5%,41,40.55,1.076163384474379,1.7844117491016462
lr_true,alpha_volume_total_5%,42,41.55,1.0824699920145804,1.7844117491016462
lr_true,alpha_volume_total_5%,43,42.55,1.0931082629495388,1.7844117491016462
lr_true,alpha_volume_total_5%,44,43.55,1.1013463834067267,1.7844117491016462
lr_true,alpha_volume_total_5%,45,44.55,1.1105298547482367,1.7844117491016462
lr_true,alpha_volume_total_5%,46,45.49999999999999,1.1202556492634268,1.7844117491016462
lr_true,alpha_volume_total_5%,47,46.5,1.134043377584134,1.7844117491016462
lr_true,alpha_volume_total_5%,48,47.5,1.1362319969799344,1.7844117491016462
lr_true,alpha_volume_total_5%,49,48.5,1.146804294289209,1.7844117491016462
lr_true,alpha_volume_total_5%,50,49.5,1.157746072814778,1.7844117491016462
lr_true,alpha_volume_total_5%,51,50.449999999999996,1.1751560215195724,1.7844117491016462
lr_true,alpha_volume_total_5%,52,51.449999999999996,1.1993271896775026,1.7844117491016462
lr_true,alpha_volume_total_5%,53,52.449999999999996,1.224525838126182,1.7844117491016462
lr_true,alpha_volume_total_5%,54,53.449999999999996,1.250804861956013,1.7844117491016462
lr_true,alpha_volume_total_5%,55,54.449999999999996,1.278241603675713,1.7844117491016462
lr_true,alpha_volume_total_5%,56,55.400000000000006,1.3054510135972954,1.7844117491016462
lr_true,alpha_volume_total_5%,57,56.400000000000006,1.3353453310788015,1.7844117491016462
lr_true,alpha_volume_total_5%,58,57.400000000000006,1.3666613723261651,1.7844117491016462
lr_true,alpha_volume_total_5%,59,58.400000000000006,1.3994878966202138,1.7844117491016462
lr_true,alpha_volume_total_5%,60,59.4,1.4339190242788147,1.7844117491016462
lr_true,alpha_volume_total_5%,61,60.349999999999994,1.4682392776910578,1.7844117491016462
lr_true,alpha_volume_total_5%,62,61.349999999999994,1.5061847795932912,1.7844117491016462
lr_true,alpha_volume_total_5%,63,62.349999999999994,1.5461572982999248,1.7844117491016462
lr_true,alpha_volume_total_5%,64,63.349999999999994,1.5883187641474383,1.7844117491016462
lr_true,alpha_volume_total_5%,65,64.35,1.6328056952327739,1.7844117491016462
lr_true,alpha_volume_total_5%,66,65.3,1.6774815827613723,1.7844117491016462
lr_true,alpha_volume_total_5%,67,66.3,1.7272285276743027,1.7844117491016462
lr_true,alpha_volume_total_5%,68,67.30000000000001,1.7800136715652326,1.7844117491016462
lr_true,alpha_volume_total_5%,69,68.30000000000001,1.8361209902234286,1.7844117491016462
lr_true,alpha_volume_total_5%,70,69.30000000000001,1.8885539056126497,1.7844117491016462
lr_true,alpha_volume_total_5%,71,70.25,1.926356654271419,1.7844117491016462
lr_true,alpha_volume_total_5%,72,71.25,1.9658906565833205,1.7844117491016462
lr_true,alpha_volume_total_5%,73,72.24999999999999,1.989606899056831,1.7844117491016462
lr_true,alpha_volume_total_5%,74,73.25,2.020330121612836,1.7844117491016462
lr_true,alpha_volume_total_5%,75,74.25,2.0686830086859116,1.7844117491016462
lr_true,alpha_volume_total_5%,76,75.2,2.087455548943949,1.7844117491016462
lr_true,alpha_volume_total_5%,77,76.2,2.0960748346921223,1.7844117491016462
lr_true,alpha_volume_total_5%,78,77.2,2.1405333604320207,1.7844117491016462
lr_true,alpha_volume_total_5%,79,78.2,2.1923199482546774,1.7844117491016462
lr_true,alpha_volume_total_5%,80,79.2,2.206534935442554,1.7844117491016462
lr_true,alpha_volume_total_5%,81,80.15,2.272668043548634,1.7844117491016462
lr_true,alpha_volume_total_5%,82,81.15,2.301429179229514,1.7844117491016462
lr_true,alpha_volume_total_5%,83,82.15,2.368337433233374,1.7844117491016462
lr_true,alpha_volume_total_5%,84,83.15,2.480499529491678,1.7844117491016462
lr_true,alpha_volume_total_5%,85,84.15,2.5946867126682003,1.7844117491016462
lr_true,alpha_volume_total_5%,86,85.1,2.6453302701475208,1.7844117491016462
lr_true,alpha_volume_total_5%,87,86.1,2.783927439037893,1.7844117491016462
lr_true,alpha_volume_total_5%,88,87.1,2.946291950939208,1.7844117491016462
lr_true,alpha_volume_total_5%,89,88.1,3.1197118138637663,1.7844117491016462
lr_true,alpha_volume_total_5%,90,89.1,3.273424479060617,1.7844117491016462
lr_true,alpha_volume_total_5%,91,90.05,3.310805682268674,1.7844117491016462
lr_true,alpha_volume_total_5%,92,91.05,3.5887340607659377,1.7844117491016462
lr_true,alpha_volume_total_5%,93,92.05,3.9471749463950574,1.7844117491016462
lr_true,alpha_volume_total_5%,94,93.05,4.381398155635045,1.7844117491016462
lr_true,alpha_volume_total_5%,95,94.05,4.9651892522189796,1.7844117491016462
lr_true,alpha_volume_total_5%,96,95.0,5.424686806712957,1.7844117491016462
lr_true,alpha_volume_total_5%,97,96.0,6.413306048026922,1.7844117491016462
lr_true,alpha_volume_total_5%,98,97.0,7.950479667550067,1.7844117491016462
lr_true,alpha_volume_total_5%,99,98.0,10.847176855539459,1.7844117491016462
lr_true,alpha_volume_total_5%,100,99.0,0.8895697649109945,1.7844117491016462
lr_true,alpha_volume_aleatoric_5%,0,0.0,0.9157086282446676,1.7844117491016462
lr_true,alpha_volume_aleatoric_5%,1,0.9499999999999953,0.9222023596105974,1.7844117491016462
lr_true,alpha_volume_aleatoric_5%,2,1.9499999999999962,0.9276579641646936,1.7844117491016462
lr_true,alpha_volume_aleatoric_5%,3,2.949999999999997,0.9301384764941268,1.7844117491016462
lr_true,alpha_volume_aleatoric_5%,4,3.949999999999998,0.9326937151412107,1.7844117491016462
lr_true,alpha_volume_aleatoric_5%,5,4.949999999999999,0.9386763312997883,1.7844117491016462
lr_true,alpha_volume_aleatoric_5%,6,5.900000000000006,0.9450351183581664,1.7844117491016462
lr_true,alpha_volume_aleatoric_5%,7,6.899999999999995,0.950238327434348,1.7844117491016462
lr_true,alpha_volume_aleatoric_5%,8,7.899999999999996,0.952561815412596,1.7844117491016462
lr_true,alpha_volume_aleatoric_5%,9,8.899999999999997,0.9546492904695917,1.7844117491016462
lr_true,alpha_volume_aleatoric_5%,10,9.899999999999999,0.9623645165264735,1.7844117491016462
lr_true,alpha_volume_aleatoric_5%,11,10.850000000000005,0.9629292944669153,1.7844117491016462
lr_true,alpha_volume_aleatoric_5%,12,11.850000000000005,0.9682250011995179,1.7844117491016462
lr_true,alpha_volume_aleatoric_5%,13,12.849999999999994,0.9727913118927992,1.7844117491016462
lr_true,alpha_volume_aleatoric_5%,14,13.849999999999996,0.981528888332466,1.7844117491016462
lr_true,alpha_volume_aleatoric_5%,15,14.849999999999996,0.9816975847357753,1.7844117491016462
lr_true,alpha_volume_aleatoric_5%,16,15.800000000000002,0.9909609455129591,1.7844117491016462
lr_true,alpha_volume_aleatoric_5%,17,16.800000000000004,0.9958311108019308,1.7844117491016462
lr_true,alpha_volume_aleatoric_5%,18,17.800000000000004,0.9900749784368573,1.7844117491016462
lr_true,alpha_volume_aleatoric_5%,19,18.799999999999994,0.994831215031002,1.7844117491016462
lr_true,alpha_volume_aleatoric_5%,20,19.799999999999997,1.0024056686924463,1.7844117491016462
lr_true,alpha_volume_aleatoric_5%,21,20.75,1.010587547632882,1.7844117491016462
lr_true,alpha_volume_aleatoric_5%,22,21.750000000000004,1.0199736053200432,1.7844117491016462
lr_true,alpha_volume_aleatoric_5%,23,22.750000000000004,1.028522146742659,1.7844117491016462
lr_true,alpha_volume_aleatoric_5%,24,23.750000000000004,1.0373420812867278,1.7844117491016462
lr_true,alpha_volume_aleatoric_5%,25,24.750000000000007,1.043056054358599,1.7844117491016462
lr_true,alpha_volume_aleatoric_5%,26,25.7,1.0503368252186973,1.7844117491016462
lr_true,alpha_volume_aleatoric_5%,27,26.700000000000003,1.0581870311624981,1.7844117491016462
lr_true,alpha_volume_aleatoric_5%,28,27.700000000000003,1.0473061545500506,1.7844117491016462
lr_true,alpha_volume_aleatoric_5%,29,28.700000000000003,1.0566144592720517,1.7844117491016462
lr_true,alpha_volume_aleatoric_5%,30,29.700000000000003,1.069176095642788,1.7844117491016462
lr_true,alpha_volume_aleatoric_5%,31,30.65,1.0402977994939577,1.7844117491016462
lr_true,alpha_volume_aleatoric_5%,32,31.65,1.0437926520805871,1.7844117491016462
lr_true,alpha_volume_aleatoric_5%,33,32.65,1.0165850931766058,1.7844117491016462
lr_true,alpha_volume_aleatoric_5%,34,33.650000000000006,1.0254957179603004,1.7844117491016462
lr_true,alpha_volume_aleatoric_5%,35,34.650000000000006,1.0380262824011948,1.7844117491016462
lr_true,alpha_volume_aleatoric_5%,36,35.6,1.0368443694907001,1.7844117491016462
lr_true,alpha_volume_aleatoric_5%,37,36.6,1.0473070897721823,1.7844117491016462
lr_true,alpha_volume_aleatoric_5%,38,37.6,1.0493972764978763,1.7844117491016462
lr_true,alpha_volume_aleatoric_5%,39,38.6,1.0581621890855746,1.7844117491016462
lr_true,alpha_volume_aleatoric_5%,40,39.6,1.0682357615055067,1.7844117491016462
lr_true,alpha_volume_aleatoric_5%,41,40.55,1.076163384474379,1.7844117491016462
lr_true,alpha_volume_aleatoric_5%,42,41.55,1.0824699920145804,1.7844117491016462
lr_true,alpha_volume_aleatoric_5%,43,42.55,1.0931082629495388,1.7844117491016462
lr_true,alpha_volume_aleatoric_5%,44,43.55,1.1013463834067267,1.7844117491016462
lr_true,alpha_volume_aleatoric_5%,45,44.55,1.1105298547482367,1.7844117491016462
lr_true,alpha_volume_aleatoric_5%,46,45.49999999999999,1.1202556492634268,1.7844117491016462
lr_true,alpha_volume_aleatoric_5%,47,46.5,1.134043377584134,1.7844117491016462
lr_true,alpha_volume_aleatoric_5%,48,47.5,1.1362319969799344,1.7844117491016462
lr_true,alpha_volume_aleatoric_5%,49,48.5,1.146804294289209,1.7844117491016462
lr_true,alpha_volume_aleatoric_5%,50,49.5,1.157746072814778,1.7844117491016462
lr_true,alpha_volume_aleatoric_5%,51,50.449999999999996,1.1751560215195724,1.7844117491016462
lr_true,alpha_volume_aleatoric_5%,52,51.449999999999996,1.1993271896775026,1.7844117491016462
lr_true,alpha_volume_aleatoric_5%,53,52.449999999999996,1.224525838126182,1.7844117491016462
lr_true,alpha_volume_aleatoric_5%,54,53.449999999999996,1.250804861956013,1.7844117491016462
lr_true,alpha_volume_aleatoric_5%,55,54.449999999999996,1.278241603675713,1.7844117491016462
lr_true,alpha_volume_aleatoric_5%,56,55.400000000000006,1.3054510135972954,1.7844117491016462
lr_true,alpha_volume_aleatoric_5%,57,56.400000000000006,1.3353453310788015,1.7844117491016462
lr_true,alpha_volume_aleatoric_5%,58,57.400000000000006,1.3666613723261651,1.7844117491016462
lr_true,alpha_volume_aleatoric_5%,59,58.400000000000006,1.3994878966202138,1.7844117491016462
lr_true,alpha_volume_aleatoric_5%,60,59.4,1.4339190242788147,1.7844117491016462
lr_true,alpha_volume_aleatoric_5%,61,60.349999999999994,1.4682392776910578,1.7844117491016462
lr_true,alpha_volume_aleatoric_5%,62,61.349999999999994,1.5061847795932912,1.7844117491016462
lr_true,alpha_volume_aleatoric_5%,63,62.349999999999994,1.5461572982999248,1.7844117491016462
lr_true,alpha_volume_aleatoric_5%,64,63.349999999999994,1.5883187641474383,1.7844117491016462
lr_true,alpha_volume_aleatoric_5%,65,64.35,1.6328056952327739,1.7844117491016462
lr_true,alpha_volume_aleatoric_5%,66,65.3,1.6774815827613723,1.7844117491016462
lr_true,alpha_volume_aleatoric_5%,67,66.3,1.7272285276743027,1.7844117491016462
lr_true,alpha_volume_aleatoric_5%,68,67.30000000000001,1.7800136715652326,1.7844117491016462
lr_true,alpha_volume_aleatoric_5%,69,68.30000000000001,1.8361209902234286,1.7844117491016462
lr_true,alpha_volume_aleatoric_5%,70,69.30000000000001,1.8885539056126497,1.7844117491016462
lr_true,alpha_volume_aleatoric_5%,71,70.25,1.926356654271419,1.7844117491016462
lr_true,alpha_volume_aleatoric_5%,72,71.25,1.9658906565833205,1.7844117491016462
lr_true,alpha_volume_aleatoric_5%,73,72.24999999999999,1.989606899056831,1.7844117491016462
lr_true,alpha_volume_aleatoric_5%,74,73.25,2.020330121612836,1.7844117491016462
lr_true,alpha_volume_aleatoric_5%,75,74.25,2.0686830086859116,1.7844117491016462
lr_true,alpha_volume_aleatoric_5%,76,75.2,2.087455548943949,1.7844117491016462
lr_true,alpha_volume_aleatoric_5%,77,76.2,2.0960748346921223,1.7844117491016462
lr_true,alpha_volume_aleatoric_5%,78,77.2,2.1405333604320207,1.7844117491016462
lr_true,alpha_volume_aleatoric_5%,79,78.2,2.1923199482546774,1.7844117491016462
lr_true,alpha_volume_aleatoric_5%,80,79.2,2.206534935442554,1.7844117491016462
lr_true,alpha_volume_aleatoric_5%,81,80.15,2.272668043548634,1.7844117491016462
lr_true,alpha_volume_aleatoric_5%,82,81.15,2.301429179229514,1.7844117491016462
lr_true,alpha_volume_aleatoric_5%,83,82.15,2.368337433233374,1.7844117491016462
lr_true,alpha_volume_aleatoric_5%,84,83.15,2.480499529491678,1.7844117491016462
lr_true,alpha_volume_aleatoric_5%,85,84.15,2.5946867126682003,1.7844117491016462
lr_true,alpha_volume_aleatoric_5%,86,85.1,2.6453302701475208,1.7844117491016462
lr_true,alpha_volume_aleatoric_5%,87,86.1,2.783927439037893,1.7844117491016462
lr_true,alpha_volume_aleatoric_5%,88,87.1,2.946291950939208,1.7844117491016462
lr_true,alpha_volume_aleatoric_5%,89,88.1,3.1197118138637663,1.7844117491016462
lr_true,alpha_volume_aleatoric_5%,90,89.1,3.273424479060617,1.7844117491016462
lr_true,alpha_volume_aleatoric_5%,91,90.05,3.310805682268674,1.7844117491016462
lr_true,alpha_volume_aleatoric_5%,92,91.05,3.5887340607659377,1.7844117491016462
lr_true,alpha_volume_aleatoric_5%,93,92.05,3.9471749463950574,1.7844117491016462
lr_true,alpha_volume_aleatoric_5%,94,93.05,4.381398155635045,1.7844117491016462
lr_true,alpha_volume_aleatoric_5%,95,94.05,4.9651892522189796,1.7844117491016462
lr_true,alpha_volume_aleatoric_5%,96,95.0,5.424686806712957,1.7844117491016462
lr_true,alpha_volume_aleatoric_5%,97,96.0,6.413306048026922,1.7844117491016462
lr_true,alpha_volume_aleatoric_5%,98,97.0,7.950479667550067,1.7844117491016462
lr_true,alpha_volume_aleatoric_5%,99,98.0,10.847176855539459,1.7844117491016462
lr_true,alpha_volume_aleatoric_5%,100,99.0,0.8895697649109945,1.7844117491016462
lr_true,alpha_volume_epistemic_5%,0,0.0,0.9157086282446677,1.8467354899877693
lr_true,alpha_volume_epistemic_5%,1,0.9499999999999953,0.9244766705402971,1.8467354899877693
lr_true,alpha_volume_epistemic_5%,2,1.9499999999999962,0.9338932593599422,1.8467354899877693
lr_true,alpha_volume_epistemic_5%,3,2.949999999999997,0.943509651554814,1.8467354899877693
lr_true,alpha_volume_epistemic_5%,4,3.949999999999998,0.9533195656223838,1.8467354899877693
lr_true,alpha_volume_epistemic_5%,5,4.949999999999999,0.9633383378364881,1.8467354899877693
lr_true,alpha_volume_epistemic_5%,6,5.900000000000006,0.9730573184446456,1.8467354899877693
lr_true,alpha_volume_epistemic_5%,7,6.899999999999995,0.9834991170276552,1.8467354899877693
lr_true,alpha_volume_epistemic_5%,8,7.899999999999996,0.9941689596607916,1.8467354899877693
lr_true,alpha_volume_epistemic_5%,9,8.899999999999997,1.00507349233358,1.8467354899877693
lr_true,alpha_volume_epistemic_5%,10,9.899999999999999,1.0162221817474768,1.8467354899877693
lr_true,alpha_volume_epistemic_5%,11,10.850000000000005,1.027044698279354,1.8467354899877693
lr_true,alpha_volume_epistemic_5%,12,11.850000000000005,1.0385433901509402,1.8467354899877693
lr_true,alpha_volume_epistemic_5%,13,12.849999999999994,1.0504523541454802,1.8467354899877693
lr_true,alpha_volume_epistemic_5%,14,13.849999999999996,1.0626314382093205,1.8467354899877693
lr_true,alpha_volume_epistemic_5%,15,14.849999999999996,1.0751004353688614,1.8467354899877693
lr_true,alpha_volume_epistemic_5%,16,15.800000000000002,1.0872226710470811,1.8467354899877693
lr_true,alpha_volume_epistemic_5%,17,16.800000000000004,1.1002766744982537,1.8467354899877693
lr_true,alpha_volume_epistemic_5%,18,17.800000000000004,1.1136515164833676,1.8467354899877693
lr_true,alpha_volume_epistemic_5%,19,18.799999999999994,1.1273502877507835,1.8467354899877693
lr_true,alpha_volume_epistemic_5%,20,19.799999999999997,1.141387296348098,1.8467354899877693
lr_true,alpha_volume_epistemic_5%,21,20.75,1.155058889789029,1.8467354899877693
lr_true,alpha_volume_epistemic_5%,22,21.750000000000004,1.1698080315466923,1.8467354899877693
lr_true,alpha_volume_epistemic_5%,23,22.750000000000004,1.1849427389238483,1.8467354899877693
lr_true,alpha_volume_epistemic_5%,24,23.750000000000004,1.2004717626205914,1.8467354899877693
lr_true,alpha_volume_epistemic_5%,25,24.750000000000007,1.2164165878086166,1.8467354899877693
lr_true,alpha_volume_epistemic_5%,26,25.7,1.2319604018703836,1.8467354899877693
lr_true,alpha_volume_epistemic_5%,27,26.700000000000003,1.2487509427251064,1.8467354899877693
lr_true,alpha_volume_epistemic_5%,28,27.700000000000003,1.2660117413719383,1.8467354899877693
lr_true,alpha_volume_epistemic_5%,29,28.700000000000003,1.28376018666564,1.8467354899877693
lr_true,alpha_volume_epistemic_5%,30,29.700000000000003,1.3020057110063354,1.8467354899877693
lr_true,alpha_volume_epistemic_5%,31,30.65,1.3198153564322705,1.8467354899877693
lr_true,alpha_volume_epistemic_5%,32,31.65,1.339114703558916,1.8467354899877693
lr_true,alpha_volume_epistemic_5%,33,32.65,1.3589877764726679,1.8467354899877693
lr_true,alpha_volume_epistemic_5%,34,33.650000000000006,1.3794528814560327,1.8467354899877693
lr_true,alpha_volume_epistemic_5%,35,34.650000000000006,1.400542817758239,1.8467354899877693
lr_true,alpha_volume_epistemic_5%,36,35.6,1.4211904197142318,1.8467354899877693
lr_true,alpha_volume_epistemic_5%,37,36.6,1.4435952819874118,1.8467354899877693
lr_true,alpha_volume_epistemic_5%,38,37.6,1.4667153924788887,1.8467354899877693
lr_true,alpha_volume_epistemic_5%,39,38.6,1.4905915102622136,1.8467354899877693
lr_true,alpha_volume_epistemic_5%,40,39.6,1.5152579115892864,1.8467354899877693
lr_true,alpha_volume_epistemic_5%,41,40.55,1.5394402504411429,1.8467354899877693
lr_true,alpha_volume_epistemic_5%,42,41.55,1.5657422077955057,1.8467354899877693
lr_true,alpha_volume_epistemic_5%,43,42.55,1.5929815881986216,1.8467354899877693
lr_true,alpha_volume_epistemic_5%,44,43.55,1.6211676793630212,1.8467354899877693
lr_true,alpha_volume_epistemic_5%,45,44.55,1.6503909379169763,1.8467354899877693
lr_true,alpha_volume_epistemic_5%,46,45.49999999999999,1.679144455470508,1.8467354899877693
lr_true,alpha_volume_epistemic_5%,47,46.5,1.7104902260986747,1.8467354899877693
lr_true,alpha_volume_epistemic_5%,48,47.5,1.7430586434663682,1.8467354899877693
lr_true,alpha_volume_epistemic_5%,49,48.5,1.776887832683908,1.8467354899877693
lr_true,alpha_volume_epistemic_5%,50,49.5,1.8120614644520898,1.8467354899877693
lr_true,alpha_volume_epistemic_5%,51,50.449999999999996,1.8467847323295021,1.8467354899877693
lr_true,alpha_volume_epistemic_5%,52,51.449999999999996,1.8848073269121464,1.8467354899877693
lr_true,alpha_volume_epistemic_5%,53,52.449999999999996,1.924425270158912,1.8467354899877693
lr_true,alpha_volume_epistemic_5%,54,53.449999999999996,1.9657559656166554,1.8467354899877693
lr_true,alpha_volume_epistemic_5%,55,54.449999999999996,2.0088865830703253,1.8467354899877693
lr_true,alpha_volume_epistemic_5%,56,55.400000000000006,2.0501557612310193,1.8467354899877693
lr_true,alpha_volume_epistemic_5%,57,56.400000000000006,2.0934844363610385,1.8467354899877693
lr_true,alpha_volume_epistemic_5%,58,57.400000000000006,2.1425885280724155,1.8467354899877693
lr_true,alpha_volume_epistemic_5%,59,58.400000000000006,2.1802054306701195,1.8467354899877693
lr_true,alpha_volume_epistemic_5%,60,59.4,2.2288151846731763,1.8467354899877693
lr_true,alpha_volume_epistemic_5%,61,60.349999999999994,2.2718260012252065,1.8467354899877693
lr_true,alpha_volume_epistemic_5%,62,61.349999999999994,2.3096814481092833,1.8467354899877693
lr_true,alpha_volume_epistemic_5%,63,62.349999999999994,2.3493890257985184,1.8467354899877693
lr_true,alpha_volume_epistemic_5%,64,63.349999999999994,2.3055344353977563,1.8467354899877693
lr_true,alpha_volume_epistemic_5%,65,64.35,2.28527550082942,1.8467354899877693
lr_true,alpha_volume_epistemic_5%,66,65.3,2.306792006914202,1.8467354899877693
lr_true,alpha_volume_epistemic_5%,67,66.3,2.3645155217258917,1.8467354899877693
lr_true,alpha_volume_epistemic_5%,68,67.30000000000001,2.387637496200963,1.8467354899877693
lr_true,alpha_volume_epistemic_5%,69,68.30000000000001,2.4385810378809976,1.8467354899877693
lr_true,alpha_volume_epistemic_5%,70,69.30000000000001,2.489852611063842,1.8467354899877693
lr_true,alpha_volume_epistemic_5%,71,70.25,2.5579257314289956,1.8467354899877693
lr_true,alpha_volume_epistemic_5%,72,71.25,2.616443734328381,1.8467354899877693
lr_true,alpha_volume_epistemic_5%,73,72.24999999999999,2.693448441878776,1.8467354899877693
lr_true,alpha_volume_epistemic_5%,74,73.25,2.7738883848458746,1.8467354899877693
lr_true,alpha_volume_epistemic_5%,75,74.25,2.8361510712979694,1.8467354899877693
lr_true,alpha_volume_epistemic_5%,76,75.2,2.888028065172577,1.8467354899877693
lr_true,alpha_volume_epistemic_5%,77,76.2,2.966210783080052,1.8467354899877693
lr_true,alpha_volume_epistemic_5%,78,77.2,2.998501690416549,1.8467354899877693
lr_true,alpha_volume_epistemic_5%,79,78.2,3.056291458880687,1.8467354899877693
lr_true,alpha_volume_epistemic_5%,80,79.2,3.105558200405881,1.8467354899877693
lr_true,alpha_volume_epistemic_5%,81,80.15,3.185468274154583,1.8467354899877693
lr_true,alpha_volume_epistemic_5%,82,81.15,3.2419479002645035,1.8467354899877693
lr_true,alpha_volume_epistemic_5%,83,82.15,3.290890663829064,1.8467354899877693
lr_true,alpha_volume_epistemic_5%,84,83.15,3.357496274475502,1.8467354899877693
lr_true,alpha_volume_epistemic_5%,85,84.15,3.4792072973547916,1.8467354899877693
lr_true,alpha_volume_epistemic_5%,86,85.1,3.595274163953628,1.8467354899877693
lr_true,alpha_volume_epistemic_5%,87,86.1,3.6049730281118846,1.8467354899877693
lr_true,alpha_volume_epistemic_5%,88,87.1,3.751750805398674,1.8467354899877693
lr_true,alpha_volume_epistemic_5%,89,88.1,2.1926822249122453,1.8467354899877693
lr_true,alpha_volume_epistemic_5%,90,89.1,2.2061622952991717,1.8467354899877693
lr_true,alpha_volume_epistemic_5%,91,90.05,2.271805885277584,1.8467354899877693
lr_true,alpha_volume_epistemic_5%,92,91.05,2.043121732275732,1.8467354899877693
lr_true,alpha_volume_epistemic_5%,93,92.05,1.861534772568374,1.8467354899877693
lr_true,alpha_volume_epistemic_5%,94,93.05,1.7735125646644314,1.8467354899877693
lr_true,alpha_volume_epistemic_5%,95,94.05,1.7891679743735824,1.8467354899877693
lr_true,alpha_volume_epistemic_5%,96,95.0,1.8424384448915316,1.8467354899877693
lr_true,alpha_volume_epistemic_5%,97,96.0,1.8937614135271488,1.8467354899877693
lr_true,alpha_volume_epistemic_5%,98,97.0,1.803875575161405,1.8467354899877693
lr_true,alpha_volume_epistemic_5%,99,98.0,1.824044892750002,1.8467354899877693
lr_true,alpha_volume_epistemic_5%,100,99.0,2.2388229355503486,1.8467354899877693
lr_true,integrated_volume_total,0,0.0,0.9157086282446677,0.6691775640978438
lr_true,integrated_volume_total,1,0.9499999999999953,0.9244868321018072,0.6691775640978438
lr_true,integrated_volume_total,2,1.9499999999999962,0.9339109217154604,0.6691775640978438
lr_true,integrated_volume_total,3,2.949999999999997,0.9435290439418134,0.6691775640978438
lr_true,integrated_volume_total,4,3.949999999999998,0.9533458460133193,0.6691775640978438
lr_true,integrated_volume_total,5,4.949999999999999,0.9633711600845677,0.6691775640978438
lr_true,integrated_volume_total,6,5.900000000000006,0.9730920532179166,0.6691775640978438
lr_true,integrated_volume_total,7,6.899999999999995,0.9835385562965946,0.6691775640978438
lr_true,integrated_volume_total,8,7.899999999999996,0.9942066084172889,0.6691775640978438
lr_true,integrated_volume_total,9,8.899999999999997,1.004977671912134,0.6691775640978438
lr_true,integrated_volume_total,10,9.899999999999999,1.0154352270690006,0.6691775640978438
lr_true,integrated_volume_total,11,10.850000000000005,1.0218647315742133,0.6691775640978438
lr_true,integrated_volume_total,12,11.850000000000005,1.028575907575123,0.6691775640978438
lr_true,integrated_volume_total,13,12.849999999999994,1.03681767688431,0.6691775640978438
lr_true,integrated_volume_total,14,13.849999999999996,1.0433164618485937,0.6691775640978438
lr_true,integrated_volume_total,15,14.849999999999996,1.051385014674516,0.6691775640978438
lr_true,integrated_volume_total,16,15.800000000000002,1.0632343869064687,0.6691775640978438
lr_true,integrated_volume_total,17,16.800000000000004,1.0732688014906102,0.6691775640978438
lr_true,integrated_volume_total,18,17.800000000000004,1.0765620260372102,0.6691775640978438
lr_true,integrated_volume_total,19,18.799999999999994,1.0865167036352208,0.6691775640978438
lr_true,integrated_volume_total,20,19.799999999999997,1.09568374419006,0.6691775640978438
lr_true,integrated_volume_total,21,20.75,1.1052683040415396,0.6691775640978438
lr_true,integrated_volume_total,22,21.750000000000004,1.112462312346773,0.6691775640978438
lr_true,integrated_volume_total,23,22.750000000000004,1.1255330815621492,0.6691775640978438
lr_true,integrated_volume_total,24,23.750000000000004,1.1332606546502255,0.6691775640978438
lr_true,integrated_volume_total,25,24.750000000000007,1.1297612325129012,0.6691775640978438
lr_true,integrated_volume_total,26,25.7,1.1416250782607111,0.6691775640978438
lr_true,integrated_volume_total,27,26.700000000000003,1.1518009098408455,0.6691775640978438
lr_true,integrated_volume_total,28,27.700000000000003,1.1606452775414235,0.6691775640978438
lr_true,integrated_volume_total,29,28.700000000000003,1.169448394495435,0.6691775640978438
lr_true,integrated_volume_total,30,29.700000000000003,1.1785299260181075,0.6691775640978438
lr_true,integrated_volume_total,31,30.65,1.1899182105132604,0.6691775640978438
lr_true,integrated_volume_total,32,31.65,1.2021621447161803,0.6691775640978438
lr_true,integrated_volume_total,33,32.65,1.214019840854617,0.6691775640978438
lr_true,integrated_volume_total,34,33.650000000000006,1.21091820315231,0.6691775640978438
lr_true,integrated_volume_total,35,34.650000000000006,1.2255633677309614,0.6691775640978438
lr_true,integrated_volume_total,36,35.6,1.1612806577223502,0.6691775640978438
lr_true,integrated_volume_total,37,36.6,1.176927836381989,0.6691775640978438
lr_true,integrated_volume_total,38,37.6,1.1930380441212782,0.6691775640978438
lr_true,integrated_volume_total,39,38.6,1.2074883366536207,0.6691775640978438
lr_true,integrated_volume_total,40,39.6,1.221026259887346,0.6691775640978438
lr_true,integrated_volume_total,41,40.55,1.2369443366232127,0.6691775640978438
lr_true,integrated_volume_total,42,41.55,1.251010967151828,0.6691775640978438
lr_true,integrated_volume_total,43,42.55,1.231667586235565,0.6691775640978438
lr_true,integrated_volume_total,44,43.55,1.2220432997008337,0.6691775640978438
lr_true,integrated_volume_total,45,44.55,1.2158691675246815,0.6691775640978438
lr_true,integrated_volume_total,46,45.49999999999999,1.207575869439346,0.6691775640978438
lr_true,integrated_volume_total,47,46.5,1.1963383757156283,0.6691775640978438
lr_true,integrated_volume_total,48,47.5,1.1860953747661687,0.6691775640978438
lr_true,integrated_volume_total,49,48.5,1.1846110017869365,0.6691775640978438
lr_true,integrated_volume_total,50,49.5,1.1708884418904846,0.6691775640978438
lr_true,integrated_volume_total,51,50.449999999999996,1.1583673620096526,0.6691775640978438
lr_true,integrated_volume_total,52,51.449999999999996,1.1370713858793713,0.6691775640978438
lr_true,integrated_volume_total,53,52.449999999999996,1.126952653124945,0.6691775640978438
lr_true,integrated_volume_total,54,53.449999999999996,1.110100088622376,0.6691775640978438
lr_true,integrated_volume_total,55,54.449999999999996,1.0856976005199888,0.6691775640978438
lr_true,integrated_volume_total,56,55.400000000000006,1.037946838389367,0.6691775640978438
lr_true,integrated_volume_total,57,56.400000000000006,0.9600943372633097,0.6691775640978438
lr_true,integrated_volume_total,58,57.400000000000006,0.9223803782490576,0.6691775640978438
lr_true,integrated_volume_total,59,58.400000000000006,0.42418016872392944,0.6691775640978438
lr_true,integrated_volume_total,60,59.4,0.3579677100702211,0.6691775640978438
lr_true,integrated_volume_total,61,60.349999999999994,0.3058147539926203,0.6691775640978438
lr_true,integrated_volume_total,62,61.349999999999994,0.25517625699101476,0.6691775640978438
lr_true,integrated_volume_total,63,62.349999999999994,0.21168541992077233,0.6691775640978438
lr_true,integrated_volume_total,64,63.349999999999994,0.17033774633768092,0.6691775640978438
lr_true,integrated_volume_total,65,64.35,0.14055854449510857,0.6691775640978438
lr_true,integrated_volume_total,66,65.3,0.1370969654958168,0.6691775640978438
lr_true,integrated_volume_total,67,66.3,0.12822423488933357,0.6691775640978438
lr_true,integrated_volume_total,68,67.30000000000001,0.12064671102774975,0.6691775640978438
lr_true,integrated_volume_total,69,68.30000000000001,0.109328064372524,0.6691775640978438
lr_true,integrated_volume_total,70,69.30000000000001,0.08772860307676555,0.6691775640978438
lr_true,integrated_volume_total,71,70.25,0.07780466489013962,0.6691775640978438
lr_true,integrated_volume_total,72,71.25,0.06904886066590041,0.6691775640978438
lr_true,integrated_volume_total,73,72.24999999999999,0.052906611886802166,0.6691775640978438
lr_true,integrated_volume_total,74,73.25,0.04638221842877788,0.6691775640978438
lr_true,integrated_volume_total,75,74.25,0.041180584561219244,0.6691775640978438
lr_true,integrated_volume_total,76,75.2,0.040300677239774776,0.6691775640978438
lr_true,integrated_volume_total,77,76.2,0.02862132922205176,0.6691775640978438
lr_true,integrated_volume_total,78,77.2,0.0012919283949880637,0.6691775640978438
lr_true,integrated_volume_total,79,78.2,0.0013047108880884122,0.6691775640978438
lr_true,integrated_volume_total,80,79.2,0.0012940087363171855,0.6691775640978438
lr_true,integrated_volume_total,81,80.15,0.001292517546692948,0.6691775640978438
lr_true,integrated_volume_total,82,81.15,0.0013211130291365882,0.6691775640978438
lr_true,integrated_volume_total,83,82.15,0.001324995055711606,0.6691775640978438
lr_true,integrated_volume_total,84,83.15,0.0013535689201784574,0.6691775640978438
lr_true,integrated_volume_total,85,84.15,0.0013196096010976398,0.6691775640978438
lr_true,integrated_volume_total,86,85.1,0.0012928860861375917,0.6691775640978438
lr_true,integrated_volume_total,87,86.1,0.0012448850168094612,0.6691775640978438
lr_true,integrated_volume_total,88,87.1,0.0012587658914631973,0.6691775640978438
lr_true,integrated_volume_total,89,88.1,0.0012108146885392167,0.6691775640978438
lr_true,integrated_volume_total,90,89.1,0.0012093370385685017,0.6691775640978438
lr_true,integrated_volume_total,91,90.05,0.0011842916966705167,0.6691775640978438
lr_true,integrated_volume_total,92,91.05,0.0012026281161112396,0.6691775640978438
lr_true,integrated_volume_total,93,92.05,0.0011815720943217838,0.6691775640978438
lr_true,integrated_volume_total,94,93.05,0.0011597344784262374,0.6691775640978438
lr_true,integrated_volume_total,95,94.05,0.0011805731995418645,0.6691775640978438
lr_true,integrated_volume_total,96,95.0,0.001139990235715777,0.6691775640978438
lr_true,integrated_volume_total,97,96.0,0.0011422900940826004,0.6691775640978438
lr_true,integrated_volume_total,98,97.0,0.0011939820866576673,0.6691775640978438
lr_true,integrated_volume_total,99,98.0,0.0010501189219341968,0.6691775640978438
lr_true,integrated_volume_total,100,99.0,0.001054775602773625,0.6691775640978438
lr_true,integrated_volume_aleatoric,0,0.0,0.9157086282446676,0.6432757639680533
lr_true,integrated_volume_aleatoric,1,0.9499999999999953,0.9234722092661489,0.6432757639680533
lr_true,integrated_volume_aleatoric,2,1.9499999999999962,0.930335708802863,0.6432757639680533
lr_true,integrated_volume_aleatoric,3,2.949999999999997,0.9352280333214115,0.6432757639680533
lr_true,integrated_volume_aleatoric,4,3.949999999999998,0.940864803605305,0.6432757639680533
lr_true,integrated_volume_aleatoric,5,4.949999999999999,0.9489101428896486,0.6432757639680533
lr_true,integrated_volume_aleatoric,6,5.900000000000006,0.9555622333322642,0.6432757639680533
lr_true,integrated_volume_aleatoric,7,6.899999999999995,0.9624708204762877,0.6432757639680533
lr_true,integrated_volume_aleatoric,8,7.899999999999996,0.9668973676403987,0.6432757639680533
lr_true,integrated_volume_aleatoric,9,8.899999999999997,0.9725151340313948,0.6432757639680533
lr_true,integrated_volume_aleatoric,10,9.899999999999999,0.9785943465700206,0.6432757639680533
lr_true,integrated_volume_aleatoric,11,10.850000000000005,0.9856812481541125,0.6432757639680533
lr_true,integrated_volume_aleatoric,12,11.850000000000005,0.9922985062217288,0.6432757639680533
lr_true,integrated_volume_aleatoric,13,12.849999999999994,0.9964271656353404,0.6432757639680533
lr_true,integrated_volume_aleatoric,14,13.849999999999996,1.0045772776819144,0.6432757639680533
lr_true,integrated_volume_aleatoric,15,14.849999999999996,1.0121021322824852,0.6432757639680533
lr_true,integrated_volume_aleatoric,16,15.800000000000002,1.0130525562501744,0.6432757639680533
lr_true,integrated_volume_aleatoric,17,16.800000000000004,1.0192342731830997,0.6432757639680533
lr_true,integrated_volume_aleatoric,18,17.800000000000004,1.028828064456615,0.6432757639680533
lr_true,integrated_volume_aleatoric,19,18.799999999999994,1.0385372541558593,0.6432757639680533
lr_true,integrated_volume_aleatoric,20,19.799999999999997,1.040023418014059,0.6432757639680533
lr_true,integrated_volume_aleatoric,21,20.75,1.0497250636147812,0.6432757639680533
lr_true,integrated_volume_aleatoric,22,21.750000000000004,1.0548109762933922,0.6432757639680533
lr_true,integrated_volume_aleatoric,23,22.750000000000004,1.0647403829709607,0.6432757639680533
lr_true,integrated_volume_aleatoric,24,23.750000000000004,1.0714456457440877,0.6432757639680533
lr_true,integrated_volume_aleatoric,25,24.750000000000007,1.0753862916389727,0.6432757639680533
lr_true,integrated_volume_aleatoric,26,25.7,1.082088452843655,0.6432757639680533
lr_true,integrated_volume_aleatoric,27,26.700000000000003,1.0886840927081316,0.6432757639680533
lr_true,integrated_volume_aleatoric,28,27.700000000000003,1.0990610134661511,0.6432757639680533
lr_true,integrated_volume_aleatoric,29,28.700000000000003,1.0935194028032402,0.6432757639680533
lr_true,integrated_volume_aleatoric,30,29.700000000000003,1.100416405608254,0.6432757639680533
lr_true,integrated_volume_aleatoric,31,30.65,1.0765276575699063,0.6432757639680533
lr_true,integrated_volume_aleatoric,32,31.65,1.0873862935626974,0.6432757639680533
lr_true,integrated_volume_aleatoric,33,32.65,1.0961884567675277,0.6432757639680533
lr_true,integrated_volume_aleatoric,34,33.650000000000006,1.1002959505429284,0.6432757639680533
lr_true,integrated_volume_aleatoric,35,34.650000000000006,1.1107779569421259,0.6432757639680533
lr_true,integrated_volume_aleatoric,36,35.6,1.1125638055968268,0.6432757639680533
lr_true,integrated_volume_aleatoric,37,36.6,1.1256540219073534,0.6432757639680533
lr_true,integrated_volume_aleatoric,38,37.6,1.0932827776963747,0.6432757639680533
lr_true,integrated_volume_aleatoric,39,38.6,1.1041100153711514,0.6432757639680533
lr_true,integrated_volume_aleatoric,40,39.6,1.118957968696066,0.6432757639680533
lr_true,integrated_volume_aleatoric,41,40.55,1.122753387117605,0.6432757639680533
lr_true,integrated_volume_aleatoric,42,41.55,1.134802273124022,0.6432757639680533
lr_true,integrated_volume_aleatoric,43,42.55,1.1403779625560129,0.6432757639680533
lr_true,integrated_volume_aleatoric,44,43.55,1.1517246522956737,0.6432757639680533
lr_true,integrated_volume_aleatoric,45,44.55,1.1634982267039287,0.6432757639680533
lr_true,integrated_volume_aleatoric,46,45.49999999999999,1.1700061571164577,0.6432757639680533
lr_true,integrated_volume_aleatoric,47,46.5,1.18635372324356,0.6432757639680533
lr_true,integrated_volume_aleatoric,48,47.5,1.18454189994721,0.6432757639680533
lr_true,integrated_volume_aleatoric,49,48.5,1.1787332793740402,0.6432757639680533
lr_true,integrated_volume_aleatoric,50,49.5,1.1263217791696403,0.6432757639680533
lr_true,integrated_volume_aleatoric,51,50.449999999999996,1.0907764142766188,0.6432757639680533
lr_true,integrated_volume_aleatoric,52,51.449999999999996,1.0674853726219269,0.6432757639680533
lr_true,integrated_volume_aleatoric,53,52.449999999999996,0.6411473996661637,0.6432757639680533
lr_true,integrated_volume_aleatoric,54,53.449999999999996,0.6106733580816295,0.6432757639680533
lr_true,integrated_volume_aleatoric,55,54.449999999999996,0.5704104105808167,0.6432757639680533
lr_true,integrated_volume_aleatoric,56,55.400000000000006,0.5442163300000764,0.6432757639680533
lr_true,integrated_volume_aleatoric,57,56.400000000000006,0.5117834252247093,0.6432757639680533
lr_true,integrated_volume_aleatoric,58,57.400000000000006,0.48396166388545164,0.6432757639680533
lr_true,integrated_volume_aleatoric,59,58.400000000000006,0.41967175176548077,0.6432757639680533
lr_true,integrated_volume_aleatoric,60,59.4,0.3900047212492276,0.6432757639680533
lr_true,integrated_volume_aleatoric,61,60.349999999999994,0.3170959256729914,0.6432757639680533
lr_true,integrated_volume_aleatoric,62,61.349999999999994,0.25318552978256326,0.6432757639680533
lr_true,integrated_volume_aleatoric,63,62.349999999999994,0.21304217972002853,0.6432757639680533
lr_true,integrated_volume_aleatoric,64,63.349999999999994,0.1766881388311719,0.6432757639680533
lr_true,integrated_volume_aleatoric,65,64.35,0.14367712653538195,0.6432757639680533
lr_true,integrated_volume_aleatoric,66,65.3,0.14753255035787977,0.6432757639680533
lr_true,integrated_volume_aleatoric,67,66.3,0.14315718921451093,0.6432757639680533
lr_true,integrated_volume_aleatoric,68,67.30000000000001,0.13700074014485852,0.6432757639680533
lr_true,integrated_volume_aleatoric,69,68.30000000000001,0.13625420512975445,0.6432757639680533
lr_true,integrated_volume_aleatoric,70,69.30000000000001,0.13876759323799104,0.6432757639680533
lr_true,integrated_volume_aleatoric,71,70.25,0.13474122005564265,0.6432757639680533
lr_true,integrated_volume_aleatoric,72,71.25,0.13934553939820218,0.6432757639680533
lr_true,integrated_volume_aleatoric,73,72.24999999999999,0.1377803202689635,0.6432757639680533
lr_true,integrated_volume_aleatoric,74,73.25,0.13679166203948664,0.6432757639680533
lr_true,integrated_volume_aleatoric,75,74.25,0.1394600959181357,0.6432757639680533
lr_true,integrated_volume_aleatoric,76,75.2,0.14227559860609676,0.6432757639680533
lr_true,integrated_volume_aleatoric,77,76.2,0.14568353132457085,0.6432757639680533
lr_true,integrated_volume_aleatoric,78,77.2,0.1498227437591027,0.6432757639680533
lr_true,integrated_volume_aleatoric,79,78.2,0.15365741115386272,0.6432757639680533
lr_true,integrated_volume_aleatoric,80,79.2,0.1307874795111384,0.6432757639680533
lr_true,integrated_volume_aleatoric,81,80.15,0.12050354045812375,0.6432757639680533
lr_true,integrated_volume_aleatoric,82,81.15,0.11976834541927664,0.6432757639680533
lr_true,integrated_volume_aleatoric,83,82.15,0.1263905977219819,0.6432757639680533
lr_true,integrated_volume_aleatoric,84,83.15,0.12230567056396555,0.6432757639680533
lr_true,integrated_volume_aleatoric,85,84.15,0.12566062854593846,0.6432757639680533
lr_true,integrated_volume_aleatoric,86,85.1,0.11712215739317708,0.6432757639680533
lr_true,integrated_volume_aleatoric,87,86.1,0.11744900653420838,0.6432757639680533
lr_true,integrated_volume_aleatoric,88,87.1,0.11254213194454096,0.6432757639680533
lr_true,integrated_volume_aleatoric,89,88.1,0.10540778000089113,0.6432757639680533
lr_true,integrated_volume_aleatoric,90,89.1,0.07442475234929893,0.6432757639680533
lr_true,integrated_volume_aleatoric,91,90.05,0.0813356937011672,0.6432757639680533
lr_true,integrated_volume_aleatoric,92,91.05,0.08461795348316169,0.6432757639680533
lr_true,integrated_volume_aleatoric,93,92.05,0.07837132425001951,0.6432757639680533
lr_true,integrated_volume_aleatoric,94,93.05,0.07455356194495019,0.6432757639680533
lr_true,integrated_volume_aleatoric,95,94.05,0.07409990707639082,0.6432757639680533
lr_true,integrated_volume_aleatoric,96,95.0,0.0611286915781631,0.6432757639680533
lr_true,integrated_volume_aleatoric,97,96.0,0.0761847567541265,0.6432757639680533
lr_true,integrated_volume_aleatoric,98,97.0,0.10106072335957834,0.6432757639680533
lr_true,integrated_volume_aleatoric,99,98.0,0.15055434974801624,0.6432757639680533
lr_true,integrated_volume_aleatoric,100,99.0,0.10933597099172612,0.6432757639680533
lr_true,integrated_volume_epistemic,0,0.0,0.9157086282446677,1.8158256183607566
lr_true,integrated_volume_epistemic,1,0.9499999999999953,0.9244821824473333,1.8158256183607566
lr_true,integrated_volume_epistemic,2,1.9499999999999962,0.9339024632179654,1.8158256183607566
lr_true,integrated_volume_epistemic,3,2.949999999999997,0.9435154680189382,1.8158256183607566
lr_true,integrated_volume_epistemic,4,3.949999999999998,0.9533253731450892,1.8158256183607566
lr_true,integrated_volume_epistemic,5,4.949999999999999,0.963344084060866,1.8158256183607566
lr_true,integrated_volume_epistemic,6,5.900000000000006,0.9730550949613971,1.8158256183607566
lr_true,integrated_volume_epistemic,7,6.899999999999995,0.9834930070483129,1.8158256183607566
lr_true,integrated_volume_epistemic,8,7.899999999999996,0.9941557018913316,1.8158256183607566
lr_true,integrated_volume_epistemic,9,8.899999999999997,1.0050582156611712,1.8158256183607566
lr_true,integrated_volume_epistemic,10,9.899999999999999,1.0162058264861888,1.8158256183607566
lr_true,integrated_volume_epistemic,11,10.850000000000005,1.0270270994011828,1.8158256183607566
lr_true,integrated_volume_epistemic,12,11.850000000000005,1.0386698064819984,1.8158256183607566
lr_true,integrated_volume_epistemic,13,12.849999999999994,1.0505813823445531,1.8158256183607566
lr_true,integrated_volume_epistemic,14,13.849999999999996,1.0627699386627643,1.8158256183607566
lr_true,integrated_volume_epistemic,15,14.849999999999996,1.0750977319175596,1.8158256183607566
lr_true,integrated_volume_epistemic,16,15.800000000000002,1.0872162626130248,1.8158256183607566
lr_true,integrated_volume_epistemic,17,16.800000000000004,1.1002734702049604,1.8158256183607566
lr_true,integrated_volume_epistemic,18,17.800000000000004,1.113651786326249,1.8158256183607566
lr_true,integrated_volume_epistemic,19,18.799999999999994,1.1273583117919457,1.8158256183607566
lr_true,integrated_volume_epistemic,20,19.799999999999997,1.1414085837826369,1.8158256183607566
lr_true,integrated_volume_epistemic,21,20.75,1.1550793700724094,1.8158256183607566
lr_true,integrated_volume_epistemic,22,21.750000000000004,1.1698287441349784,1.8158256183607566
lr_true,integrated_volume_epistemic,23,22.750000000000004,1.184963174521952,1.8158256183607566
lr_true,integrated_volume_epistemic,24,23.750000000000004,1.2004894813877285,1.8158256183607566
lr_true,integrated_volume_epistemic,25,24.750000000000007,1.216423625285863,1.8158256183607566
lr_true,integrated_volume_epistemic,26,25.7,1.2319660147735707,1.8158256183607566
lr_true,integrated_volume_epistemic,27,26.700000000000003,1.2487542663586262,1.8158256183607566
lr_true,integrated_volume_epistemic,28,27.700000000000003,1.2660035383935389,1.8158256183607566
lr_true,integrated_volume_epistemic,29,28.700000000000003,1.283738450603883,1.8158256183607566
lr_true,integrated_volume_epistemic,30,29.700000000000003,1.3019715043019677,1.8158256183607566
lr_true,integrated_volume_epistemic,31,30.65,1.3197974077019263,1.8158256183607566
lr_true,integrated_volume_epistemic,32,31.65,1.3390911812635147,1.8158256183607566
lr_true,integrated_volume_epistemic,33,32.65,1.3589633280901414,1.8158256183607566
lr_true,integrated_volume_epistemic,34,33.650000000000006,1.3794320461203253,1.8158256183607566
lr_true,integrated_volume_epistemic,35,34.650000000000006,1.4005253554390098,1.8158256183607566
lr_true,integrated_volume_epistemic,36,35.6,1.421173110459423,1.8158256183607566
lr_true,integrated_volume_epistemic,37,36.6,1.4435654266500786,1.8158256183607566
lr_true,integrated_volume_epistemic,38,37.6,1.4666865980414592,1.8158256183607566
lr_true,integrated_volume_epistemic,39,38.6,1.490560830331671,1.8158256183607566
lr_true,integrated_volume_epistemic,40,39.6,1.5152279084376103,1.8158256183607566
lr_true,integrated_volume_epistemic,41,40.55,1.5394288297883914,1.8158256183607566
lr_true,integrated_volume_epistemic,42,41.55,1.5657369891586277,1.8158256183607566
lr_true,integrated_volume_epistemic,43,42.55,1.5929807842456012,1.8158256183607566
lr_true,integrated_volume_epistemic,44,43.55,1.6211821616271234,1.8158256183607566
lr_true,integrated_volume_epistemic,45,44.55,1.6504069988267749,1.8158256183607566
lr_true,integrated_volume_epistemic,46,45.49999999999999,1.6791509769270423,1.8158256183607566
lr_true,integrated_volume_epistemic,47,46.5,1.7105203162949407,1.8158256183607566
lr_true,integrated_volume_epistemic,48,47.5,1.7430898324017439,1.8158256183607566
lr_true,integrated_volume_epistemic,49,48.5,1.7769108894335186,1.8158256183607566
lr_true,integrated_volume_epistemic,50,49.5,1.8120817110385832,1.8158256183607566
lr_true,integrated_volume_epistemic,51,50.449999999999996,1.846809732036083,1.8158256183607566
lr_true,integrated_volume_epistemic,52,51.449999999999996,1.8848353157267854,1.8158256183607566
lr_true,integrated_volume_epistemic,53,52.449999999999996,1.9244603749755895,1.8158256183607566
lr_true,integrated_volume_epistemic,54,53.449999999999996,1.9657433924210383,1.8158256183607566
lr_true,integrated_volume_epistemic,55,54.449999999999996,2.007343168659864,1.8158256183607566
lr_true,integrated_volume_epistemic,56,55.400000000000006,2.048911464645241,1.8158256183607566
lr_true,integrated_volume_epistemic,57,56.400000000000006,2.094740824361785,1.8158256183607566
lr_true,integrated_volume_epistemic,58,57.400000000000006,2.1382993792991525,1.8158256183607566
lr_true,integrated_volume_epistemic,59,58.400000000000006,2.1854404264289,1.8158256183607566
lr_true,integrated_volume_epistemic,60,59.4,2.2277125526928465,1.8158256183607566
lr_true,integrated_volume_epistemic,61,60.349999999999994,2.266956146473259,1.8158256183607566
lr_true,integrated_volume_epistemic,62,61.349999999999994,2.291060893164278,1.8158256183607566
lr_true,integrated_volume_epistemic,63,62.349999999999994,2.275876412961136,1.8158256183607566
lr_true,integrated_volume_epistemic,64,63.349999999999994,2.3209346031480425,1.8158256183607566
lr_true,integrated_volume_epistemic,65,64.35,2.3406256777260883,1.8158256183607566
lr_true,integrated_volume_epistemic,66,65.3,2.389005366947359,1.8158256183607566
lr_true,integrated_volume_epistemic,67,66.3,2.4219184413304395,1.8158256183607566
lr_true,integrated_volume_epistemic,68,67.30000000000001,2.386877147237022,1.8158256183607566
lr_true,integrated_volume_epistemic,69,68.30000000000001,2.44870003208441,1.8158256183607566
lr_true,integrated_volume_epistemic,70,69.30000000000001,2.5043711601328624,1.8158256183607566
lr_true,integrated_volume_epistemic,71,70.25,2.563986082070062,1.8158256183607566
lr_true,integrated_volume_epistemic,72,71.25,2.6319506612090438,1.8158256183607566
lr_true,integrated_volume_epistemic,73,72.24999999999999,2.715536050164637,1.8158256183607566
lr_true,integrated_volume_epistemic,74,73.25,2.7659744532495663,1.8158256183607566
lr_true,integrated_volume_epistemic,75,74.25,2.83006034241881,1.8158256183607566
lr_true,integrated_volume_epistemic,76,75.2,2.8943994715345847,1.8158256183607566
lr_true,integrated_volume_epistemic,77,76.2,2.96560436621841,1.8158256183607566
lr_true,integrated_volume_epistemic,78,77.2,3.0250113004693673,1.8158256183607566
lr_true,integrated_volume_epistemic,79,78.2,3.0652406215000805,1.8158256183607566
lr_true,integrated_volume_epistemic,80,79.2,3.1290105944982254,1.8158256183607566
lr_true,integrated_volume_epistemic,81,80.15,3.1621503596882263,1.8158256183607566
lr_true,integrated_volume_epistemic,82,81.15,3.2061003351457993,1.8158256183607566
lr_true,integrated_volume_epistemic,83,82.15,3.2849704837326543,1.8158256183607566
lr_true,integrated_volume_epistemic,84,83.15,3.3867454215169817,1.8158256183607566
lr_true,integrated_volume_epistemic,85,84.15,3.4933555010655,1.8158256183607566
lr_true,integrated_volume_epistemic,86,85.1,3.536587348403306,1.8158256183607566
lr_true,integrated_volume_epistemic,87,86.1,2.2227045687590214,1.8158256183607566
lr_true,integrated_volume_epistemic,88,87.1,2.280839692754576,1.8158256183607566
lr_true,integrated_volume_epistemic,89,88.1,2.199395399068267,1.8158256183607566
lr_true,integrated_volume_epistemic,90,89.1,2.0753850692406166,1.8158256183607566
lr_true,integrated_volume_epistemic,91,90.05,1.9926450474450808,1.8158256183607566
lr_true,integrated_volume_epistemic,92,91.05,2.0687888636454046,1.8158256183607566
lr_true,integrated_volume_epistemic,93,92.05,1.8899917918581661,1.8158256183607566
lr_true,integrated_volume_epistemic,94,93.05,1.876558697268689,1.8158256183607566
lr_true,integrated_volume_epistemic,95,94.05,1.800112047117216,1.8158256183607566
lr_true,integrated_volume_epistemic,96,95.0,1.8052628721346096,1.8158256183607566
lr_true,integrated_volume_epistemic,97,96.0,1.8305566459312914,1.8158256183607566
lr_true,integrated_volume_epistemic,98,97.0,1.8132684628902969,1.8158256183607566
lr_true,integrated_volume_epistemic,99,98.0,1.7797797915679812,1.8158256183607566
lr_true,integrated_volume_epistemic,100,99.0,2.1876534643092134,1.8158256183607566
