metric,measure,point_index,abstention,risk,aurc
coverage_true,differential_entropy_total,0,0.0,0.6868710036082712,0.7615518642439614
coverage_true,differential_entropy_total,1,0.9499999999999953,0.6838682447953699,0.7615518642439614
coverage_true,differential_entropy_total,2,1.9499999999999962,0.6806445846725524,0.7615518642439614
coverage_true,differential_entropy_total,3,2.949999999999997,0.6773544915745093,0.7615518642439614
coverage_true,differential_entropy_total,4,3.949999999999998,0.6739958905514679,0.7615518642439614
coverage_true,differential_entropy_total,5,4.949999999999999,0.6705666193333074,0.7615518642439614
coverage_true,differential_entropy_total,6,5.900000000000006,0.6672413013154637,0.7615518642439614
coverage_true,differential_entropy_total,7,6.899999999999995,0.6636676512776314,0.7615518642439614
coverage_true,differential_entropy_total,8,7.899999999999996,0.6600163975473382,0.7615518642439614
coverage_true,differential_entropy_total,9,8.899999999999997,0.6562849845693988,0.7615518642439614
coverage_true,differential_entropy_total,10,9.899999999999999,0.6524707433344574,0.7615518642439614
coverage_true,differential_entropy_total,11,10.850000000000005,0.6487679558114285,0.7615518642439614
coverage_true,differential_entropy_total,12,11.850000000000005,0.6447840628559413,0.7615518642439614
coverage_true,differential_entropy_total,13,12.849999999999994,0.6407087437855835,0.7615518642439614
coverage_true,differential_entropy_total,14,13.849999999999996,0.6365388148702956,0.7615518642439614
coverage_true,differential_entropy_total,15,14.849999999999996,0.6322709428213545,0.7615518642439614
coverage_true,differential_entropy_total,16,15.800000000000002,0.628122566121052,0.7615518642439614
coverage_true,differential_entropy_total,17,16.800000000000004,0.6236535089850356,0.7615518642439614
coverage_true,differential_entropy_total,18,17.800000000000004,0.6190757156656608,0.7615518642439614
coverage_true,differential_entropy_total,19,18.799999999999994,0.6143851688162523,0.7615518642439614
coverage_true,differential_entropy_total,20,19.799999999999997,0.6095776507237166,0.7615518642439614
coverage_true,differential_entropy_total,21,20.75,0.6048981309046855,0.7615518642439614
coverage_true,differential_entropy_total,22,21.750000000000004,0.5998495687457979,0.7615518642439614
coverage_true,differential_entropy_total,23,22.750000000000004,0.5946702994760009,0.7615518642439614
coverage_true,differential_entropy_total,24,23.750000000000004,0.5893551805204386,0.7615518642439614
coverage_true,differential_entropy_total,25,24.750000000000007,0.5838987959447948,0.7615518642439614
coverage_true,differential_entropy_total,26,25.7,0.5785791881695835,0.7615518642439614
coverage_true,differential_entropy_total,27,26.700000000000003,0.5728306352136754,0.7615518642439614
coverage_true,differential_entropy_total,28,27.700000000000003,0.5669230628122379,0.7615518642439614
coverage_true,differential_entropy_total,29,28.700000000000003,0.5608497801050093,0.7615518642439614
coverage_true,differential_entropy_total,30,29.700000000000003,0.5546037155284429,0.7615518642439614
coverage_true,differential_entropy_total,31,30.65,0.5485031072502349,0.7615518642439614
coverage_true,differential_entropy_total,32,31.65,0.541898205822475,0.7615518642439614
coverage_true,differential_entropy_total,33,32.65,0.535097167752465,0.7615518642439614
coverage_true,differential_entropy_total,34,33.650000000000006,0.5280911247670066,0.7615518642439614
coverage_true,differential_entropy_total,35,34.650000000000006,0.5274120528406602,0.7615518642439614
coverage_true,differential_entropy_total,36,35.6,0.5344547199838099,0.7615518642439614
coverage_true,differential_entropy_total,37,36.6,0.5420960664524277,0.7615518642439614
coverage_true,differential_entropy_total,38,37.6,0.5499823278719627,0.7615518642439614
coverage_true,differential_entropy_total,39,38.6,0.5581254707709611,0.7615518642439614
coverage_true,differential_entropy_total,40,39.6,0.5665382541633042,0.7615518642439614
coverage_true,differential_entropy_total,41,40.55,0.5747925460939242,0.7615518642439614
coverage_true,differential_entropy_total,42,41.55,0.583771146474086,0.7615518642439614
coverage_true,differential_entropy_total,43,42.55,0.5930623177987273,0.7615518642439614
coverage_true,differential_entropy_total,44,43.55,0.602682671455508,0.7615518642439614
coverage_true,differential_entropy_total,45,44.55,0.6126500171287643,0.7615518642439614
coverage_true,differential_entropy_total,46,45.49999999999999,0.6224577938277102,0.7615518642439614
coverage_true,differential_entropy_total,47,46.5,0.6331580637333972,0.7615518642439614
coverage_true,differential_entropy_total,48,47.5,0.6442659629688248,0.7615518642439614
coverage_true,differential_entropy_total,49,48.5,0.6558052369318419,0.7615518642439614
coverage_true,differential_entropy_total,50,49.5,0.6678015118438891,0.7615518642439614
coverage_true,differential_entropy_total,51,50.449999999999996,0.6796464714820711,0.7615518642439614
coverage_true,differential_entropy_total,52,51.449999999999996,0.6926156397129387,0.7615518642439614
coverage_true,differential_entropy_total,53,52.449999999999996,0.7061303039787534,0.7615518642439614
coverage_true,differential_entropy_total,54,53.449999999999996,0.7202256197704894,0.7615518642439614
coverage_true,differential_entropy_total,55,54.449999999999996,0.7349398297792059,0.7615518642439614
coverage_true,differential_entropy_total,56,55.400000000000006,0.7495294968668845,0.7615518642439614
coverage_true,differential_entropy_total,57,56.400000000000006,0.7655739038162751,0.7615518642439614
coverage_true,differential_entropy_total,58,57.400000000000006,0.7823715693078908,0.7615518642439614
coverage_true,differential_entropy_total,59,58.400000000000006,0.7999768148712186,0.7615518642439614
coverage_true,differential_entropy_total,60,59.4,0.8184493139105726,0.7615518642439614
coverage_true,differential_entropy_total,61,60.349999999999994,0.8374494880573655,0.7615518642439614
coverage_true,differential_entropy_total,62,61.349999999999994,0.858685601042537,0.7615518642439614
coverage_true,differential_entropy_total,63,62.349999999999994,0.8810497943987669,0.7615518642439614
coverage_true,differential_entropy_total,64,63.349999999999994,0.9046344075834402,0.7615518642439614
coverage_true,differential_entropy_total,65,64.35,0.9295421407223727,0.7615518642439614
coverage_true,differential_entropy_total,66,65.3,0.9432024253460642,0.7615518642439614
coverage_true,differential_entropy_total,67,66.3,0.9546522965996805,0.7615518642439614
coverage_true,differential_entropy_total,68,67.30000000000001,0.9637931778362804,0.7615518642439614
coverage_true,differential_entropy_total,69,68.30000000000001,0.9704089288854758,0.7615518642439614
coverage_true,differential_entropy_total,70,69.30000000000001,0.9774556734883649,0.7615518642439614
coverage_true,differential_entropy_total,71,70.25,0.9949166071202236,0.7615518642439614
coverage_true,differential_entropy_total,72,71.25,0.9998739190422155,0.7615518642439614
coverage_true,differential_entropy_total,73,72.24999999999999,0.9998739190422155,0.7615518642439614
coverage_true,differential_entropy_total,74,73.25,0.9998739190422155,0.7615518642439614
coverage_true,differential_entropy_total,75,74.25,0.9998739190422155,0.7615518642439614
coverage_true,differential_entropy_total,76,75.2,0.9998739190422155,0.7615518642439614
coverage_true,differential_entropy_total,77,76.2,0.9998739190422155,0.7615518642439614
coverage_true,differential_entropy_total,78,77.2,0.9998739190422155,0.7615518642439614
coverage_true,differential_entropy_total,79,78.2,0.9998739190422155,0.7615518642439614
coverage_true,differential_entropy_total,80,79.2,0.9998739190422155,0.7615518642439614
coverage_true,differential_entropy_total,81,80.15,0.9998739190422155,0.7615518642439614
coverage_true,differential_entropy_total,82,81.15,0.9998739190422155,0.7615518642439614
coverage_true,differential_entropy_total,83,82.15,0.9998739190422155,0.7615518642439614
coverage_true,differential_entropy_total,84,83.15,0.9998739190422155,0.7615518642439614
coverage_true,differential_entropy_total,85,84.15,0.9998739190422155,0.7615518642439614
coverage_true,differential_entropy_total,86,85.1,0.9998739190422155,0.7615518642439614
coverage_true,differential_entropy_total,87,86.1,0.9998739190422155,0.7615518642439614
coverage_true,differential_entropy_total,88,87.1,0.9998739190422155,0.7615518642439614
coverage_true,differential_entropy_total,89,88.1,0.9998739190422155,0.7615518642439614
coverage_true,differential_entropy_total,90,89.1,0.9998739190422155,0.7615518642439614
coverage_true,differential_entropy_total,91,90.05,0.9998739190422155,0.7615518642439614
coverage_true,differential_entropy_total,92,91.05,0.9998739190422155,0.7615518642439614
coverage_true,differential_entropy_total,93,92.05,0.9998739190422155,0.7615518642439614
coverage_true,differential_entropy_total,94,93.05,0.9998739190422155,0.7615518642439614
coverage_true,differential_entropy_total,95,94.05,0.9998739190422155,0.7615518642439614
coverage_true,differential_entropy_total,96,95.0,0.9998739190422155,0.7615518642439614
coverage_true,differential_entropy_total,97,96.0,0.9998739190422155,0.7615518642439614
coverage_true,differential_entropy_total,98,97.0,0.9998739190422155,0.7615518642439614
coverage_true,differential_entropy_total,99,98.0,0.9998739190422155,0.7615518642439614
coverage_true,differential_entropy_total,100,99.0,0.9998739190422155,0.7615518642439614
coverage_true,differential_entropy_aleatoric,0,0.0,0.6868710036082712,0.7628558421398821
coverage_true,differential_entropy_aleatoric,1,0.9499999999999953,0.6838682447953699,0.7628558421398821
coverage_true,differential_entropy_aleatoric,2,1.9499999999999962,0.6806445846725524,0.7628558421398821
coverage_true,differential_entropy_aleatoric,3,2.949999999999997,0.6773544915745094,0.7628558421398821
coverage_true,differential_entropy_aleatoric,4,3.949999999999998,0.6739958905514679,0.7628558421398821
coverage_true,differential_entropy_aleatoric,5,4.949999999999999,0.6705666193333075,0.7628558421398821
coverage_true,differential_entropy_aleatoric,6,5.900000000000006,0.6672413013154637,0.7628558421398821
coverage_true,differential_entropy_aleatoric,7,6.899999999999995,0.6636676512776314,0.7628558421398821
coverage_true,differential_entropy_aleatoric,8,7.899999999999996,0.6600163975473382,0.7628558421398821
coverage_true,differential_entropy_aleatoric,9,8.899999999999997,0.6562849845693988,0.7628558421398821
coverage_true,differential_entropy_aleatoric,10,9.899999999999999,0.6524707433344573,0.7628558421398821
coverage_true,differential_entropy_aleatoric,11,10.850000000000005,0.6487679558114287,0.7628558421398821
coverage_true,differential_entropy_aleatoric,12,11.850000000000005,0.6447840628559413,0.7628558421398821
coverage_true,differential_entropy_aleatoric,13,12.849999999999994,0.6407087437855835,0.7628558421398821
coverage_true,differential_entropy_aleatoric,14,13.849999999999996,0.6365388148702956,0.7628558421398821
coverage_true,differential_entropy_aleatoric,15,14.849999999999996,0.6322709428213547,0.7628558421398821
coverage_true,differential_entropy_aleatoric,16,15.800000000000002,0.628122566121052,0.7628558421398821
coverage_true,differential_entropy_aleatoric,17,16.800000000000004,0.6236535089850356,0.7628558421398821
coverage_true,differential_entropy_aleatoric,18,17.800000000000004,0.6190757156656608,0.7628558421398821
coverage_true,differential_entropy_aleatoric,19,18.799999999999994,0.6143851688162523,0.7628558421398821
coverage_true,differential_entropy_aleatoric,20,19.799999999999997,0.6095776507237166,0.7628558421398821
coverage_true,differential_entropy_aleatoric,21,20.75,0.6048981309046855,0.7628558421398821
coverage_true,differential_entropy_aleatoric,22,21.750000000000004,0.599849568745798,0.7628558421398821
coverage_true,differential_entropy_aleatoric,23,22.750000000000004,0.5946702994760006,0.7628558421398821
coverage_true,differential_entropy_aleatoric,24,23.750000000000004,0.5893551805204386,0.7628558421398821
coverage_true,differential_entropy_aleatoric,25,24.750000000000007,0.5838987959447948,0.7628558421398821
coverage_true,differential_entropy_aleatoric,26,25.7,0.5785791881695835,0.7628558421398821
coverage_true,differential_entropy_aleatoric,27,26.700000000000003,0.5728306352136754,0.7628558421398821
coverage_true,differential_entropy_aleatoric,28,27.700000000000003,0.5669230628122379,0.7628558421398821
coverage_true,differential_entropy_aleatoric,29,28.700000000000003,0.5608497801050093,0.7628558421398821
coverage_true,differential_entropy_aleatoric,30,29.700000000000003,0.554603715528443,0.7628558421398821
coverage_true,differential_entropy_aleatoric,31,30.65,0.5485031072502349,0.7628558421398821
coverage_true,differential_entropy_aleatoric,32,31.65,0.541898205822475,0.7628558421398821
coverage_true,differential_entropy_aleatoric,33,32.65,0.535097167752465,0.7628558421398821
coverage_true,differential_entropy_aleatoric,34,33.650000000000006,0.5280911247670069,0.7628558421398821
coverage_true,differential_entropy_aleatoric,35,34.650000000000006,0.5274120528406602,0.7628558421398821
coverage_true,differential_entropy_aleatoric,36,35.6,0.5344547199838099,0.7628558421398821
coverage_true,differential_entropy_aleatoric,37,36.6,0.5420960664524277,0.7628558421398821
coverage_true,differential_entropy_aleatoric,38,37.6,0.5499823278719626,0.7628558421398821
coverage_true,differential_entropy_aleatoric,39,38.6,0.5581254707709613,0.7628558421398821
coverage_true,differential_entropy_aleatoric,40,39.6,0.566538254163304,0.7628558421398821
coverage_true,differential_entropy_aleatoric,41,40.55,0.5747925460939242,0.7628558421398821
coverage_true,differential_entropy_aleatoric,42,41.55,0.583771146474086,0.7628558421398821
coverage_true,differential_entropy_aleatoric,43,42.55,0.5930623177987273,0.7628558421398821
coverage_true,differential_entropy_aleatoric,44,43.55,0.602682671455508,0.7628558421398821
coverage_true,differential_entropy_aleatoric,45,44.55,0.6126500171287643,0.7628558421398821
coverage_true,differential_entropy_aleatoric,46,45.49999999999999,0.6224577938277103,0.7628558421398821
coverage_true,differential_entropy_aleatoric,47,46.5,0.6331580637333973,0.7628558421398821
coverage_true,differential_entropy_aleatoric,48,47.5,0.6442659629688248,0.7628558421398821
coverage_true,differential_entropy_aleatoric,49,48.5,0.6558052369318419,0.7628558421398821
coverage_true,differential_entropy_aleatoric,50,49.5,0.6678015118438893,0.7628558421398821
coverage_true,differential_entropy_aleatoric,51,50.449999999999996,0.6796464714820712,0.7628558421398821
coverage_true,differential_entropy_aleatoric,52,51.449999999999996,0.6926156397129388,0.7628558421398821
coverage_true,differential_entropy_aleatoric,53,52.449999999999996,0.7061303039787534,0.7628558421398821
coverage_true,differential_entropy_aleatoric,54,53.449999999999996,0.7202256197704893,0.7628558421398821
coverage_true,differential_entropy_aleatoric,55,54.449999999999996,0.7349398297792059,0.7628558421398821
coverage_true,differential_entropy_aleatoric,56,55.400000000000006,0.7495294968668845,0.7628558421398821
coverage_true,differential_entropy_aleatoric,57,56.400000000000006,0.7655739038162751,0.7628558421398821
coverage_true,differential_entropy_aleatoric,58,57.400000000000006,0.7823715693078908,0.7628558421398821
coverage_true,differential_entropy_aleatoric,59,58.400000000000006,0.7999768148712185,0.7628558421398821
coverage_true,differential_entropy_aleatoric,60,59.4,0.8184493139105726,0.7628558421398821
coverage_true,differential_entropy_aleatoric,61,60.349999999999994,0.8374494880573655,0.7628558421398821
coverage_true,differential_entropy_aleatoric,62,61.349999999999994,0.858685601042537,0.7628558421398821
coverage_true,differential_entropy_aleatoric,63,62.349999999999994,0.8810497943987666,0.7628558421398821
coverage_true,differential_entropy_aleatoric,64,63.349999999999994,0.9046344075834403,0.7628558421398821
coverage_true,differential_entropy_aleatoric,65,64.35,0.9295421407223727,0.7628558421398821
coverage_true,differential_entropy_aleatoric,66,65.3,0.9545342156089666,0.7628558421398821
coverage_true,differential_entropy_aleatoric,67,66.3,0.982363903870939,0.7628558421398821
coverage_true,differential_entropy_aleatoric,68,67.30000000000001,0.999868800003837,0.7628558421398821
coverage_true,differential_entropy_aleatoric,69,68.30000000000001,0.9998686385199764,0.7628558421398821
coverage_true,differential_entropy_aleatoric,70,69.30000000000001,0.9998684665159949,0.7628558421398821
coverage_true,differential_entropy_aleatoric,71,70.25,0.9998682924017122,0.7628558421398821
coverage_true,differential_entropy_aleatoric,72,71.25,0.9998680966924771,0.7628558421398821
coverage_true,differential_entropy_aleatoric,73,72.24999999999999,0.999867886878072,0.7628558421398821
coverage_true,differential_entropy_aleatoric,74,73.25,0.9998676613766089,0.7628558421398821
coverage_true,differential_entropy_aleatoric,75,74.25,0.9998674183604692,0.7628558421398821
coverage_true,differential_entropy_aleatoric,76,75.2,0.999867169342418,0.7628558421398821
coverage_true,differential_entropy_aleatoric,77,76.2,0.9998668857415863,0.7628558421398821
coverage_true,differential_entropy_aleatoric,78,77.2,0.9998665772634883,0.7628558421398821
coverage_true,differential_entropy_aleatoric,79,78.2,0.9998662404846478,0.7628558421398821
coverage_true,differential_entropy_aleatoric,80,79.2,0.9998658713232261,0.7628558421398821
coverage_true,differential_entropy_aleatoric,81,80.15,0.9998654861679095,0.7628558421398821
coverage_true,differential_entropy_aleatoric,82,81.15,0.999865038800572,0.7628558421398821
coverage_true,differential_entropy_aleatoric,83,82.15,0.9998645413080431,0.7628558421398821
coverage_true,differential_entropy_aleatoric,84,83.15,0.9998639847659556,0.7628558421398821
coverage_true,differential_entropy_aleatoric,85,84.15,0.9998633579977376,0.7628558421398821
coverage_true,differential_entropy_aleatoric,86,85.1,0.9998626846425525,0.7628558421398821
coverage_true,differential_entropy_aleatoric,87,86.1,0.9998618764123611,0.7628558421398821
coverage_true,differential_entropy_aleatoric,88,87.1,0.9998609428751631,0.7628558421398821
coverage_true,differential_entropy_aleatoric,89,88.1,0.9998598524409571,0.7628558421398821
coverage_true,differential_entropy_aleatoric,90,89.1,0.99985856192708,0.7628558421398821
coverage_true,differential_entropy_aleatoric,91,90.05,0.9998570956698563,0.7628558421398821
coverage_true,differential_entropy_aleatoric,92,91.05,0.999855215963447,0.7628558421398821
coverage_true,differential_entropy_aleatoric,93,92.05,0.999852863374923,0.7628558421398821
coverage_true,differential_entropy_aleatoric,94,93.05,0.9998498337825069,0.7628558421398821
coverage_true,differential_entropy_aleatoric,95,94.05,0.9998457858396985,0.7628558421398821
coverage_true,differential_entropy_aleatoric,96,95.0,0.99984044053122,0.7628558421398821
coverage_true,differential_entropy_aleatoric,97,96.0,0.9998320709034711,0.7628558421398821
coverage_true,differential_entropy_aleatoric,98,97.0,0.9998181215238896,0.7628558421398821
coverage_true,differential_entropy_aleatoric,99,98.0,0.9997902227647266,0.7628558421398821
coverage_true,differential_entropy_aleatoric,100,99.0,0.9997065264872381,0.7628558421398821
coverage_true,differential_entropy_epistemic,0,0.0,0.6868710036082712,0.7863740391487255
coverage_true,differential_entropy_epistemic,1,0.9499999999999953,0.6838705619451214,0.7863740391487255
coverage_true,differential_entropy_epistemic,2,1.9499999999999962,0.6806473135213926,0.7863740391487255
coverage_true,differential_entropy_epistemic,3,2.949999999999997,0.6773575543663377,0.7863740391487255
coverage_true,differential_entropy_epistemic,4,3.949999999999998,0.6739992942398088,0.7863740391487255
coverage_true,differential_entropy_epistemic,5,4.949999999999999,0.6705705662536878,0.7863740391487255
coverage_true,differential_entropy_epistemic,6,5.900000000000006,0.667245603495063,0.7863740391487255
coverage_true,differential_entropy_epistemic,7,6.899999999999995,0.6636722387678455,0.7863740391487255
coverage_true,differential_entropy_epistemic,8,7.899999999999996,0.6600213571093045,0.7863740391487255
coverage_true,differential_entropy_epistemic,9,8.899999999999997,0.6562903650964573,0.7863740391487255
coverage_true,differential_entropy_epistemic,10,9.899999999999999,0.6524765129940933,0.7863740391487255
coverage_true,differential_entropy_epistemic,11,10.850000000000005,0.6487742031107098,0.7863740391487255
coverage_true,differential_entropy_epistemic,12,11.850000000000005,0.64479063355327,0.7863740391487255
coverage_true,differential_entropy_epistemic,13,12.849999999999994,0.6407157304440767,0.7863740391487255
coverage_true,differential_entropy_epistemic,14,13.849999999999996,0.6365460979519735,0.7863740391487255
coverage_true,differential_entropy_epistemic,15,14.849999999999996,0.6322786600005055,0.7863740391487255
coverage_true,differential_entropy_epistemic,16,15.800000000000002,0.6281307669305847,0.7863740391487255
coverage_true,differential_entropy_epistemic,17,16.800000000000004,0.6236623434638805,0.7863740391487255
coverage_true,differential_entropy_epistemic,18,17.800000000000004,0.6190851540972593,0.7863740391487255
coverage_true,differential_entropy_epistemic,19,18.799999999999994,0.6143952260762876,0.7863740391487255
coverage_true,differential_entropy_epistemic,20,19.799999999999997,0.6095882034647768,0.7863740391487255
coverage_true,differential_entropy_epistemic,21,20.75,0.6049092782893003,0.7863740391487255
coverage_true,differential_entropy_epistemic,22,21.750000000000004,0.5998612378901927,0.7863740391487255
coverage_true,differential_entropy_epistemic,23,22.750000000000004,0.594682599941329,0.7863740391487255
coverage_true,differential_entropy_epistemic,24,23.750000000000004,0.589368031553419,0.7863740391487255
coverage_true,differential_entropy_epistemic,25,24.750000000000007,0.5839123107841633,0.7863740391487255
coverage_true,differential_entropy_epistemic,26,25.7,0.5785935748750919,0.7863740391487255
coverage_true,differential_entropy_epistemic,27,26.700000000000003,0.5728457749497837,0.7863740391487255
coverage_true,differential_entropy_epistemic,28,27.700000000000003,0.5774496680048806,0.7863740391487255
coverage_true,differential_entropy_epistemic,29,28.700000000000003,0.5841812568670546,0.7863740391487255
coverage_true,differential_entropy_epistemic,30,29.700000000000003,0.591104303306534,0.7863740391487255
coverage_true,differential_entropy_epistemic,31,30.65,0.5978319366692302,0.7863740391487255
coverage_true,differential_entropy_epistemic,32,31.65,0.6037623736538851,0.7863740391487255
coverage_true,differential_entropy_epistemic,33,32.65,0.6105742662041977,0.7863740391487255
coverage_true,differential_entropy_epistemic,34,33.650000000000006,0.6154440033707205,0.7863740391487255
coverage_true,differential_entropy_epistemic,35,34.650000000000006,0.6219162473591276,0.7863740391487255
coverage_true,differential_entropy_epistemic,36,35.6,0.6288779130767514,0.7863740391487255
coverage_true,differential_entropy_epistemic,37,36.6,0.6350119401437899,0.7863740391487255
coverage_true,differential_entropy_epistemic,38,37.6,0.6421305102253587,0.7863740391487255
coverage_true,differential_entropy_epistemic,39,38.6,0.6518015711046188,0.7863740391487255
coverage_true,differential_entropy_epistemic,40,39.6,0.6617928657878276,0.7863740391487255
coverage_true,differential_entropy_epistemic,41,40.55,0.6707704184885881,0.7863740391487255
coverage_true,differential_entropy_epistemic,42,41.55,0.680607014177063,0.7863740391487255
coverage_true,differential_entropy_epistemic,43,42.55,0.6915837532598064,0.7863740391487255
coverage_true,differential_entropy_epistemic,44,43.55,0.7029493936386613,0.7863740391487255
coverage_true,differential_entropy_epistemic,45,44.55,0.7138984339110086,0.7863740391487255
coverage_true,differential_entropy_epistemic,46,45.49999999999999,0.7221074287635034,0.7863740391487255
coverage_true,differential_entropy_epistemic,47,46.5,0.7321626526552498,0.7863740391487255
coverage_true,differential_entropy_epistemic,48,47.5,0.7426008620278293,0.7863740391487255
coverage_true,differential_entropy_epistemic,49,48.5,0.7535093531894137,0.7863740391487255
coverage_true,differential_entropy_epistemic,50,49.5,0.7629027857857993,0.7863740391487255
coverage_true,differential_entropy_epistemic,51,50.449999999999996,0.769962096931158,0.7863740391487255
coverage_true,differential_entropy_epistemic,52,51.449999999999996,0.7771711096322703,0.7863740391487255
coverage_true,differential_entropy_epistemic,53,52.449999999999996,0.7857171998369645,0.7863740391487255
coverage_true,differential_entropy_epistemic,54,53.449999999999996,0.7967426866095498,0.7863740391487255
coverage_true,differential_entropy_epistemic,55,54.449999999999996,0.806093770610653,0.7863740391487255
coverage_true,differential_entropy_epistemic,56,55.400000000000006,0.8138290229920958,0.7863740391487255
coverage_true,differential_entropy_epistemic,57,56.400000000000006,0.8251558691875263,0.7863740391487255
coverage_true,differential_entropy_epistemic,58,57.400000000000006,0.8358213067168385,0.7863740391487255
coverage_true,differential_entropy_epistemic,59,58.400000000000006,0.845817685475135,0.7863740391487255
coverage_true,differential_entropy_epistemic,60,59.4,0.8551368757934739,0.7863740391487255
coverage_true,differential_entropy_epistemic,61,60.349999999999994,0.8663787714033869,0.7863740391487255
coverage_true,differential_entropy_epistemic,62,61.349999999999994,0.8778857455155945,0.7863740391487255
coverage_true,differential_entropy_epistemic,63,62.349999999999994,0.8927041953621764,0.7863740391487255
coverage_true,differential_entropy_epistemic,64,63.349999999999994,0.90162420073587,0.7863740391487255
coverage_true,differential_entropy_epistemic,65,64.35,0.9083802696234567,0.7863740391487255
coverage_true,differential_entropy_epistemic,66,65.3,0.9196578205936937,0.7863740391487255
coverage_true,differential_entropy_epistemic,67,66.3,0.9272902856971387,0.7863740391487255
coverage_true,differential_entropy_epistemic,68,67.30000000000001,0.9486655627648195,0.7863740391487255
coverage_true,differential_entropy_epistemic,69,68.30000000000001,0.9638455944435018,0.7863740391487255
coverage_true,differential_entropy_epistemic,70,69.30000000000001,0.9782508130498601,0.7863740391487255
coverage_true,differential_entropy_epistemic,71,70.25,0.988734893955986,0.7863740391487255
coverage_true,differential_entropy_epistemic,72,71.25,0.9966066353823203,0.7863740391487255
coverage_true,differential_entropy_epistemic,73,72.24999999999999,0.9999108188972325,0.7863740391487255
coverage_true,differential_entropy_epistemic,74,73.25,0.9999109500933848,0.7863740391487255
coverage_true,differential_entropy_epistemic,75,74.25,0.9999113796379586,0.7863740391487255
coverage_true,differential_entropy_epistemic,76,75.2,0.999911767431812,0.7863740391487255
coverage_true,differential_entropy_epistemic,77,76.2,0.9999116429760185,0.7863740391487255
coverage_true,differential_entropy_epistemic,78,77.2,0.9999115076030505,0.7863740391487255
coverage_true,differential_entropy_epistemic,79,78.2,0.9999110194399228,0.7863740391487255
coverage_true,differential_entropy_epistemic,80,79.2,0.999910841072626,0.7863740391487255
coverage_true,differential_entropy_epistemic,81,80.15,0.9999109259880393,0.7863740391487255
coverage_true,differential_entropy_epistemic,82,81.15,0.9999109210303796,0.7863740391487255
coverage_true,differential_entropy_epistemic,83,82.15,0.9999098762904136,0.7863740391487255
coverage_true,differential_entropy_epistemic,84,83.15,0.9999098084477127,0.7863740391487255
coverage_true,differential_entropy_epistemic,85,84.15,0.9999092639005994,0.7863740391487255
coverage_true,differential_entropy_epistemic,86,85.1,0.9999087784763029,0.7863740391487255
coverage_true,differential_entropy_epistemic,87,86.1,0.9999083503465626,0.7863740391487255
coverage_true,differential_entropy_epistemic,88,87.1,0.9999075682401362,0.7863740391487255
coverage_true,differential_entropy_epistemic,89,88.1,0.9999063429192032,0.7863740391487255
coverage_true,differential_entropy_epistemic,90,89.1,0.9999048927687418,0.7863740391487255
coverage_true,differential_entropy_epistemic,91,90.05,0.9999041213760276,0.7863740391487255
coverage_true,differential_entropy_epistemic,92,91.05,0.9999033506426314,0.7863740391487255
coverage_true,differential_entropy_epistemic,93,92.05,0.9999023860140414,0.7863740391487255
coverage_true,differential_entropy_epistemic,94,93.05,0.999900076157146,0.7863740391487255
coverage_true,differential_entropy_epistemic,95,94.05,0.9998951192694768,0.7863740391487255
coverage_true,differential_entropy_epistemic,96,95.0,0.9998872751853902,0.7863740391487255
coverage_true,differential_entropy_epistemic,97,96.0,0.9998776290819862,0.7863740391487255
coverage_true,differential_entropy_epistemic,98,97.0,0.9998739190422155,0.7863740391487255
coverage_true,differential_entropy_epistemic,99,98.0,0.9998739190422155,0.7863740391487255
coverage_true,differential_entropy_epistemic,100,99.0,0.9998739190422155,0.7863740391487255
coverage_true,variance_total,0,0.0,0.6868710036082712,0.7615518642439614
coverage_true,variance_total,1,0.9499999999999953,0.6838682447953699,0.7615518642439614
coverage_true,variance_total,2,1.9499999999999962,0.6806445846725524,0.7615518642439614
coverage_true,variance_total,3,2.949999999999997,0.6773544915745093,0.7615518642439614
coverage_true,variance_total,4,3.949999999999998,0.6739958905514679,0.7615518642439614
coverage_true,variance_total,5,4.949999999999999,0.6705666193333074,0.7615518642439614
coverage_true,variance_total,6,5.900000000000006,0.6672413013154637,0.7615518642439614
coverage_true,variance_total,7,6.899999999999995,0.6636676512776314,0.7615518642439614
coverage_true,variance_total,8,7.899999999999996,0.6600163975473382,0.7615518642439614
coverage_true,variance_total,9,8.899999999999997,0.6562849845693988,0.7615518642439614
coverage_true,variance_total,10,9.899999999999999,0.6524707433344574,0.7615518642439614
coverage_true,variance_total,11,10.850000000000005,0.6487679558114285,0.7615518642439614
coverage_true,variance_total,12,11.850000000000005,0.6447840628559413,0.7615518642439614
coverage_true,variance_total,13,12.849999999999994,0.6407087437855835,0.7615518642439614
coverage_true,variance_total,14,13.849999999999996,0.6365388148702956,0.7615518642439614
coverage_true,variance_total,15,14.849999999999996,0.6322709428213545,0.7615518642439614
coverage_true,variance_total,16,15.800000000000002,0.628122566121052,0.7615518642439614
coverage_true,variance_total,17,16.800000000000004,0.6236535089850356,0.7615518642439614
coverage_true,variance_total,18,17.800000000000004,0.6190757156656608,0.7615518642439614
coverage_true,variance_total,19,18.799999999999994,0.6143851688162523,0.7615518642439614
coverage_true,variance_total,20,19.799999999999997,0.6095776507237166,0.7615518642439614
coverage_true,variance_total,21,20.75,0.6048981309046855,0.7615518642439614
coverage_true,variance_total,22,21.750000000000004,0.5998495687457979,0.7615518642439614
coverage_true,variance_total,23,22.750000000000004,0.5946702994760009,0.7615518642439614
coverage_true,variance_total,24,23.750000000000004,0.5893551805204386,0.7615518642439614
coverage_true,variance_total,25,24.750000000000007,0.5838987959447948,0.7615518642439614
coverage_true,variance_total,26,25.7,0.5785791881695835,0.7615518642439614
coverage_true,variance_total,27,26.700000000000003,0.5728306352136754,0.7615518642439614
coverage_true,variance_total,28,27.700000000000003,0.5669230628122379,0.7615518642439614
coverage_true,variance_total,29,28.700000000000003,0.5608497801050093,0.7615518642439614
coverage_true,variance_total,30,29.700000000000003,0.5546037155284429,0.7615518642439614
coverage_true,variance_total,31,30.65,0.5485031072502349,0.7615518642439614
coverage_true,variance_total,32,31.65,0.541898205822475,0.7615518642439614
coverage_true,variance_total,33,32.65,0.535097167752465,0.7615518642439614
coverage_true,variance_total,34,33.650000000000006,0.5280911247670066,0.7615518642439614
coverage_true,variance_total,35,34.650000000000006,0.5274120528406602,0.7615518642439614
coverage_true,variance_total,36,35.6,0.5344547199838099,0.7615518642439614
coverage_true,variance_total,37,36.6,0.5420960664524277,0.7615518642439614
coverage_true,variance_total,38,37.6,0.5499823278719627,0.7615518642439614
coverage_true,variance_total,39,38.6,0.5581254707709611,0.7615518642439614
coverage_true,variance_total,40,39.6,0.5665382541633042,0.7615518642439614
coverage_true,variance_total,41,40.55,0.5747925460939242,0.7615518642439614
coverage_true,variance_total,42,41.55,0.583771146474086,0.7615518642439614
coverage_true,variance_total,43,42.55,0.5930623177987273,0.7615518642439614
coverage_true,variance_total,44,43.55,0.602682671455508,0.7615518642439614
coverage_true,variance_total,45,44.55,0.6126500171287643,0.7615518642439614
coverage_true,variance_total,46,45.49999999999999,0.6224577938277102,0.7615518642439614
coverage_true,variance_total,47,46.5,0.6331580637333972,0.7615518642439614
coverage_true,variance_total,48,47.5,0.6442659629688248,0.7615518642439614
coverage_true,variance_total,49,48.5,0.6558052369318419,0.7615518642439614
coverage_true,variance_total,50,49.5,0.6678015118438891,0.7615518642439614
coverage_true,variance_total,51,50.449999999999996,0.6796464714820711,0.7615518642439614
coverage_true,variance_total,52,51.449999999999996,0.6926156397129387,0.7615518642439614
coverage_true,variance_total,53,52.449999999999996,0.7061303039787534,0.7615518642439614
coverage_true,variance_total,54,53.449999999999996,0.7202256197704894,0.7615518642439614
coverage_true,variance_total,55,54.449999999999996,0.7349398297792059,0.7615518642439614
coverage_true,variance_total,56,55.400000000000006,0.7495294968668845,0.7615518642439614
coverage_true,variance_total,57,56.400000000000006,0.7655739038162751,0.7615518642439614
coverage_true,variance_total,58,57.400000000000006,0.7823715693078908,0.7615518642439614
coverage_true,variance_total,59,58.400000000000006,0.7999768148712186,0.7615518642439614
coverage_true,variance_total,60,59.4,0.8184493139105726,0.7615518642439614
coverage_true,variance_total,61,60.349999999999994,0.8374494880573655,0.7615518642439614
coverage_true,variance_total,62,61.349999999999994,0.858685601042537,0.7615518642439614
coverage_true,variance_total,63,62.349999999999994,0.8810497943987669,0.7615518642439614
coverage_true,variance_total,64,63.349999999999994,0.9046344075834402,0.7615518642439614
coverage_true,variance_total,65,64.35,0.9295421407223727,0.7615518642439614
coverage_true,variance_total,66,65.3,0.9432024253460642,0.7615518642439614
coverage_true,variance_total,67,66.3,0.9546522965996805,0.7615518642439614
coverage_true,variance_total,68,67.30000000000001,0.9637931778362804,0.7615518642439614
coverage_true,variance_total,69,68.30000000000001,0.9704089288854758,0.7615518642439614
coverage_true,variance_total,70,69.30000000000001,0.9774556734883649,0.7615518642439614
coverage_true,variance_total,71,70.25,0.9949166071202236,0.7615518642439614
coverage_true,variance_total,72,71.25,0.9998739190422155,0.7615518642439614
coverage_true,variance_total,73,72.24999999999999,0.9998739190422155,0.7615518642439614
coverage_true,variance_total,74,73.25,0.9998739190422155,0.7615518642439614
coverage_true,variance_total,75,74.25,0.9998739190422155,0.7615518642439614
coverage_true,variance_total,76,75.2,0.9998739190422155,0.7615518642439614
coverage_true,variance_total,77,76.2,0.9998739190422155,0.7615518642439614
coverage_true,variance_total,78,77.2,0.9998739190422155,0.7615518642439614
coverage_true,variance_total,79,78.2,0.9998739190422155,0.7615518642439614
coverage_true,variance_total,80,79.2,0.9998739190422155,0.7615518642439614
coverage_true,variance_total,81,80.15,0.9998739190422155,0.7615518642439614
coverage_true,variance_total,82,81.15,0.9998739190422155,0.7615518642439614
coverage_true,variance_total,83,82.15,0.9998739190422155,0.7615518642439614
coverage_true,variance_total,84,83.15,0.9998739190422155,0.7615518642439614
coverage_true,variance_total,85,84.15,0.9998739190422155,0.7615518642439614
coverage_true,variance_total,86,85.1,0.9998739190422155,0.7615518642439614
coverage_true,variance_total,87,86.1,0.9998739190422155,0.7615518642439614
coverage_true,variance_total,88,87.1,0.9998739190422155,0.7615518642439614
coverage_true,variance_total,89,88.1,0.9998739190422155,0.7615518642439614
coverage_true,variance_total,90,89.1,0.9998739190422155,0.7615518642439614
coverage_true,variance_total,91,90.05,0.9998739190422155,0.7615518642439614
coverage_true,variance_total,92,91.05,0.9998739190422155,0.7615518642439614
coverage_true,variance_total,93,92.05,0.9998739190422155,0.7615518642439614
coverage_true,variance_total,94,93.05,0.9998739190422155,0.7615518642439614
coverage_true,variance_total,95,94.05,0.9998739190422155,0.7615518642439614
coverage_true,variance_total,96,95.0,0.9998739190422155,0.7615518642439614
coverage_true,variance_total,97,96.0,0.9998739190422155,0.7615518642439614
coverage_true,variance_total,98,97.0,0.9998739190422155,0.7615518642439614
coverage_true,variance_total,99,98.0,0.9998739190422155,0.7615518642439614
coverage_true,variance_total,100,99.0,0.9998739190422155,0.7615518642439614
coverage_true,variance_aleatoric,0,0.0,0.6868710036082712,0.7628558421398821
coverage_true,variance_aleatoric,1,0.9499999999999953,0.6838682447953699,0.7628558421398821
coverage_true,variance_aleatoric,2,1.9499999999999962,0.6806445846725524,0.7628558421398821
coverage_true,variance_aleatoric,3,2.949999999999997,0.6773544915745094,0.7628558421398821
coverage_true,variance_aleatoric,4,3.949999999999998,0.6739958905514679,0.7628558421398821
coverage_true,variance_aleatoric,5,4.949999999999999,0.6705666193333075,0.7628558421398821
coverage_true,variance_aleatoric,6,5.900000000000006,0.6672413013154637,0.7628558421398821
coverage_true,variance_aleatoric,7,6.899999999999995,0.6636676512776314,0.7628558421398821
coverage_true,variance_aleatoric,8,7.899999999999996,0.6600163975473382,0.7628558421398821
coverage_true,variance_aleatoric,9,8.899999999999997,0.6562849845693988,0.7628558421398821
coverage_true,variance_aleatoric,10,9.899999999999999,0.6524707433344573,0.7628558421398821
coverage_true,variance_aleatoric,11,10.850000000000005,0.6487679558114287,0.7628558421398821
coverage_true,variance_aleatoric,12,11.850000000000005,0.6447840628559413,0.7628558421398821
coverage_true,variance_aleatoric,13,12.849999999999994,0.6407087437855835,0.7628558421398821
coverage_true,variance_aleatoric,14,13.849999999999996,0.6365388148702956,0.7628558421398821
coverage_true,variance_aleatoric,15,14.849999999999996,0.6322709428213547,0.7628558421398821
coverage_true,variance_aleatoric,16,15.800000000000002,0.628122566121052,0.7628558421398821
coverage_true,variance_aleatoric,17,16.800000000000004,0.6236535089850356,0.7628558421398821
coverage_true,variance_aleatoric,18,17.800000000000004,0.6190757156656608,0.7628558421398821
coverage_true,variance_aleatoric,19,18.799999999999994,0.6143851688162523,0.7628558421398821
coverage_true,variance_aleatoric,20,19.799999999999997,0.6095776507237166,0.7628558421398821
coverage_true,variance_aleatoric,21,20.75,0.6048981309046855,0.7628558421398821
coverage_true,variance_aleatoric,22,21.750000000000004,0.599849568745798,0.7628558421398821
coverage_true,variance_aleatoric,23,22.750000000000004,0.5946702994760006,0.7628558421398821
coverage_true,variance_aleatoric,24,23.750000000000004,0.5893551805204386,0.7628558421398821
coverage_true,variance_aleatoric,25,24.750000000000007,0.5838987959447948,0.7628558421398821
coverage_true,variance_aleatoric,26,25.7,0.5785791881695835,0.7628558421398821
coverage_true,variance_aleatoric,27,26.700000000000003,0.5728306352136754,0.7628558421398821
coverage_true,variance_aleatoric,28,27.700000000000003,0.5669230628122379,0.7628558421398821
coverage_true,variance_aleatoric,29,28.700000000000003,0.5608497801050093,0.7628558421398821
coverage_true,variance_aleatoric,30,29.700000000000003,0.554603715528443,0.7628558421398821
coverage_true,variance_aleatoric,31,30.65,0.5485031072502349,0.7628558421398821
coverage_true,variance_aleatoric,32,31.65,0.541898205822475,0.7628558421398821
coverage_true,variance_aleatoric,33,32.65,0.535097167752465,0.7628558421398821
coverage_true,variance_aleatoric,34,33.650000000000006,0.5280911247670069,0.7628558421398821
coverage_true,variance_aleatoric,35,34.650000000000006,0.5274120528406602,0.7628558421398821
coverage_true,variance_aleatoric,36,35.6,0.5344547199838099,0.7628558421398821
coverage_true,variance_aleatoric,37,36.6,0.5420960664524277,0.7628558421398821
coverage_true,variance_aleatoric,38,37.6,0.5499823278719626,0.7628558421398821
coverage_true,variance_aleatoric,39,38.6,0.5581254707709613,0.7628558421398821
coverage_true,variance_aleatoric,40,39.6,0.566538254163304,0.7628558421398821
coverage_true,variance_aleatoric,41,40.55,0.5747925460939242,0.7628558421398821
coverage_true,variance_aleatoric,42,41.55,0.583771146474086,0.7628558421398821
coverage_true,variance_aleatoric,43,42.55,0.5930623177987273,0.7628558421398821
coverage_true,variance_aleatoric,44,43.55,0.602682671455508,0.7628558421398821
coverage_true,variance_aleatoric,45,44.55,0.6126500171287643,0.7628558421398821
coverage_true,variance_aleatoric,46,45.49999999999999,0.6224577938277103,0.7628558421398821
coverage_true,variance_aleatoric,47,46.5,0.6331580637333973,0.7628558421398821
coverage_true,variance_aleatoric,48,47.5,0.6442659629688248,0.7628558421398821
coverage_true,variance_aleatoric,49,48.5,0.6558052369318419,0.7628558421398821
coverage_true,variance_aleatoric,50,49.5,0.6678015118438893,0.7628558421398821
coverage_true,variance_aleatoric,51,50.449999999999996,0.6796464714820712,0.7628558421398821
coverage_true,variance_aleatoric,52,51.449999999999996,0.6926156397129388,0.7628558421398821
coverage_true,variance_aleatoric,53,52.449999999999996,0.7061303039787534,0.7628558421398821
coverage_true,variance_aleatoric,54,53.449999999999996,0.7202256197704893,0.7628558421398821
coverage_true,variance_aleatoric,55,54.449999999999996,0.7349398297792059,0.7628558421398821
coverage_true,variance_aleatoric,56,55.400000000000006,0.7495294968668845,0.7628558421398821
coverage_true,variance_aleatoric,57,56.400000000000006,0.7655739038162751,0.7628558421398821
coverage_true,variance_aleatoric,58,57.400000000000006,0.7823715693078908,0.7628558421398821
coverage_true,variance_aleatoric,59,58.400000000000006,0.7999768148712185,0.7628558421398821
coverage_true,variance_aleatoric,60,59.4,0.8184493139105726,0.7628558421398821
coverage_true,variance_aleatoric,61,60.349999999999994,0.8374494880573655,0.7628558421398821
coverage_true,variance_aleatoric,62,61.349999999999994,0.858685601042537,0.7628558421398821
coverage_true,variance_aleatoric,63,62.349999999999994,0.8810497943987666,0.7628558421398821
coverage_true,variance_aleatoric,64,63.349999999999994,0.9046344075834403,0.7628558421398821
coverage_true,variance_aleatoric,65,64.35,0.9295421407223727,0.7628558421398821
coverage_true,variance_aleatoric,66,65.3,0.9545342156089666,0.7628558421398821
coverage_true,variance_aleatoric,67,66.3,0.982363903870939,0.7628558421398821
coverage_true,variance_aleatoric,68,67.30000000000001,0.999868800003837,0.7628558421398821
coverage_true,variance_aleatoric,69,68.30000000000001,0.9998686385199764,0.7628558421398821
coverage_true,variance_aleatoric,70,69.30000000000001,0.9998684665159949,0.7628558421398821
coverage_true,variance_aleatoric,71,70.25,0.9998682924017122,0.7628558421398821
coverage_true,variance_aleatoric,72,71.25,0.9998680966924771,0.7628558421398821
coverage_true,variance_aleatoric,73,72.24999999999999,0.999867886878072,0.7628558421398821
coverage_true,variance_aleatoric,74,73.25,0.9998676613766089,0.7628558421398821
coverage_true,variance_aleatoric,75,74.25,0.9998674183604692,0.7628558421398821
coverage_true,variance_aleatoric,76,75.2,0.999867169342418,0.7628558421398821
coverage_true,variance_aleatoric,77,76.2,0.9998668857415863,0.7628558421398821
coverage_true,variance_aleatoric,78,77.2,0.9998665772634883,0.7628558421398821
coverage_true,variance_aleatoric,79,78.2,0.9998662404846478,0.7628558421398821
coverage_true,variance_aleatoric,80,79.2,0.9998658713232261,0.7628558421398821
coverage_true,variance_aleatoric,81,80.15,0.9998654861679095,0.7628558421398821
coverage_true,variance_aleatoric,82,81.15,0.999865038800572,0.7628558421398821
coverage_true,variance_aleatoric,83,82.15,0.9998645413080431,0.7628558421398821
coverage_true,variance_aleatoric,84,83.15,0.9998639847659556,0.7628558421398821
coverage_true,variance_aleatoric,85,84.15,0.9998633579977376,0.7628558421398821
coverage_true,variance_aleatoric,86,85.1,0.9998626846425525,0.7628558421398821
coverage_true,variance_aleatoric,87,86.1,0.9998618764123611,0.7628558421398821
coverage_true,variance_aleatoric,88,87.1,0.9998609428751631,0.7628558421398821
coverage_true,variance_aleatoric,89,88.1,0.9998598524409571,0.7628558421398821
coverage_true,variance_aleatoric,90,89.1,0.99985856192708,0.7628558421398821
coverage_true,variance_aleatoric,91,90.05,0.9998570956698563,0.7628558421398821
coverage_true,variance_aleatoric,92,91.05,0.999855215963447,0.7628558421398821
coverage_true,variance_aleatoric,93,92.05,0.999852863374923,0.7628558421398821
coverage_true,variance_aleatoric,94,93.05,0.9998498337825069,0.7628558421398821
coverage_true,variance_aleatoric,95,94.05,0.9998457858396985,0.7628558421398821
coverage_true,variance_aleatoric,96,95.0,0.99984044053122,0.7628558421398821
coverage_true,variance_aleatoric,97,96.0,0.9998320709034711,0.7628558421398821
coverage_true,variance_aleatoric,98,97.0,0.9998181215238896,0.7628558421398821
coverage_true,variance_aleatoric,99,98.0,0.9997902227647266,0.7628558421398821
coverage_true,variance_aleatoric,100,99.0,0.9997065264872381,0.7628558421398821
coverage_true,variance_epistemic,0,0.0,0.6868710036082712,0.7934509654744234
coverage_true,variance_epistemic,1,0.9499999999999953,0.6838698302136208,0.7934509654744234
coverage_true,variance_epistemic,2,1.9499999999999962,0.680647086491932,0.7934509654744234
coverage_true,variance_epistemic,3,2.949999999999997,0.6773573632257006,0.7934509654744234
coverage_true,variance_epistemic,4,3.949999999999998,0.6739991011091594,0.7934509654744234
coverage_true,variance_epistemic,5,4.949999999999999,0.6705703320586469,0.7934509654744234
coverage_true,variance_epistemic,6,5.900000000000006,0.6672454063622377,0.7934509654744234
coverage_true,variance_epistemic,7,6.899999999999995,0.6636720395175894,0.7934509654744234
coverage_true,variance_epistemic,8,7.899999999999996,0.6600211154129028,0.7934509654744234
coverage_true,variance_epistemic,9,8.899999999999997,0.6562901614718815,0.7934509654744234
coverage_true,variance_epistemic,10,9.899999999999999,0.6524763071095332,0.7934509654744234
coverage_true,variance_epistemic,11,10.850000000000005,0.6487738701850992,0.7934509654744234
coverage_true,variance_epistemic,12,11.850000000000005,0.6447904231142586,0.7934509654744234
coverage_true,variance_epistemic,13,12.849999999999994,0.6407155175903894,0.7934509654744234
coverage_true,variance_epistemic,14,13.849999999999996,0.6365458826275525,0.7934509654744234
coverage_true,variance_epistemic,15,14.849999999999996,0.6322783114354068,0.7934509654744234
coverage_true,variance_epistemic,16,15.800000000000002,0.6281305025572044,0.7934509654744234
coverage_true,variance_epistemic,17,16.800000000000004,0.6236620313211112,0.7934509654744234
coverage_true,variance_epistemic,18,17.800000000000004,0.6190848381571328,0.7934509654744234
coverage_true,variance_epistemic,19,18.799999999999994,0.614394906245273,0.7934509654744234
coverage_true,variance_epistemic,20,19.799999999999997,0.6095878796458439,0.7934509654744234
coverage_true,variance_epistemic,21,20.75,0.6049088569598624,0.7934509654744234
coverage_true,variance_epistemic,22,21.750000000000004,0.5998608111763534,0.7934509654744234
coverage_true,variance_epistemic,23,22.750000000000004,0.5946820716508762,0.7934509654744234
coverage_true,variance_epistemic,24,23.750000000000004,0.5893676423033447,0.7934509654744234
coverage_true,variance_epistemic,25,24.750000000000007,0.5839119163613303,0.7934509654744234
coverage_true,variance_epistemic,26,25.7,0.5824284440432301,0.7934509654744234
coverage_true,variance_epistemic,27,26.700000000000003,0.5890442332911372,0.7934509654744234
coverage_true,variance_epistemic,28,27.700000000000003,0.5958430319234951,0.7934509654744234
coverage_true,variance_epistemic,29,28.700000000000003,0.6028325401949093,0.7934509654744234
coverage_true,variance_epistemic,30,29.700000000000003,0.6106965400003354,0.7934509654744234
coverage_true,variance_epistemic,31,30.65,0.6170076612730664,0.7934509654744234
coverage_true,variance_epistemic,32,31.65,0.6253034082723292,0.7934509654744234
coverage_true,variance_epistemic,33,32.65,0.6331403203159883,0.7934509654744234
coverage_true,variance_epistemic,34,33.650000000000006,0.6412134058946519,0.7934509654744234
coverage_true,variance_epistemic,35,34.650000000000006,0.6495336204893383,0.7934509654744234
coverage_true,variance_epistemic,36,35.6,0.6583777703850696,0.7934509654744234
coverage_true,variance_epistemic,37,36.6,0.6679737390997641,0.7934509654744234
coverage_true,variance_epistemic,38,37.6,0.6778772709142882,0.7934509654744234
coverage_true,variance_epistemic,39,38.6,0.6865562961664738,0.7934509654744234
coverage_true,variance_epistemic,40,39.6,0.6939499949939527,0.7934509654744234
coverage_true,variance_epistemic,41,40.55,0.7034414126694116,0.7934509654744234
coverage_true,variance_epistemic,42,41.55,0.7105581655772647,0.7934509654744234
coverage_true,variance_epistemic,43,42.55,0.7179226085769528,0.7934509654744234
coverage_true,variance_epistemic,44,43.55,0.7263892518285104,0.7934509654744234
coverage_true,variance_epistemic,45,44.55,0.732591714768577,0.7934509654744234
coverage_true,variance_epistemic,46,45.49999999999999,0.7401327637858037,0.7934509654744234
coverage_true,variance_epistemic,47,46.5,0.7477059247249145,0.7934509654744234
coverage_true,variance_epistemic,48,47.5,0.7574404199821992,0.7934509654744234
coverage_true,variance_epistemic,49,48.5,0.7649478411383812,0.7934509654744234
coverage_true,variance_epistemic,50,49.5,0.7717791938284054,0.7934509654744234
coverage_true,variance_epistemic,51,50.449999999999996,0.7781509730715686,0.7934509654744234
coverage_true,variance_epistemic,52,51.449999999999996,0.7885321864784395,0.7934509654744234
coverage_true,variance_epistemic,53,52.449999999999996,0.7962833464402961,0.7934509654744234
coverage_true,variance_epistemic,54,53.449999999999996,0.8043672924344708,0.7934509654744234
coverage_true,variance_epistemic,55,54.449999999999996,0.8138857662451224,0.7934509654744234
coverage_true,variance_epistemic,56,55.400000000000006,0.8208715184950158,0.7934509654744234
coverage_true,variance_epistemic,57,56.400000000000006,0.8289772352359484,0.7934509654744234
coverage_true,variance_epistemic,58,57.400000000000006,0.8397325503738979,0.7934509654744234
coverage_true,variance_epistemic,59,58.400000000000006,0.8486413075890156,0.7934509654744234
coverage_true,variance_epistemic,60,59.4,0.8616624669160577,0.7934509654744234
coverage_true,variance_epistemic,61,60.349999999999994,0.870538998343011,0.7934509654744234
coverage_true,variance_epistemic,62,61.349999999999994,0.8796094673332039,0.7934509654744234
coverage_true,variance_epistemic,63,62.349999999999994,0.8944734043430872,0.7934509654744234
coverage_true,variance_epistemic,64,63.349999999999994,0.9086253069078977,0.7934509654744234
coverage_true,variance_epistemic,65,64.35,0.9168630513274978,0.7934509654744234
coverage_true,variance_epistemic,66,65.3,0.9328154564474691,0.7934509654744234
coverage_true,variance_epistemic,67,66.3,0.95221221429126,0.7934509654744234
coverage_true,variance_epistemic,68,67.30000000000001,0.9654820599846289,0.7934509654744234
coverage_true,variance_epistemic,69,68.30000000000001,0.9719922538365594,0.7934509654744234
coverage_true,variance_epistemic,70,69.30000000000001,0.9758868784005876,0.7934509654744234
coverage_true,variance_epistemic,71,70.25,0.988339406475108,0.7934509654744234
coverage_true,variance_epistemic,72,71.25,0.999906567392198,0.7934509654744234
coverage_true,variance_epistemic,73,72.24999999999999,0.9999064069580456,0.7934509654744234
coverage_true,variance_epistemic,74,73.25,0.9999058184495903,0.7934509654744234
coverage_true,variance_epistemic,75,74.25,0.9999051842317396,0.7934509654744234
coverage_true,variance_epistemic,76,75.2,0.9999045867096751,0.7934509654744234
coverage_true,variance_epistemic,77,76.2,0.9999044723109158,0.7934509654744234
coverage_true,variance_epistemic,78,77.2,0.9999035342719644,0.7934509654744234
coverage_true,variance_epistemic,79,78.2,0.9999019996184618,0.7934509654744234
coverage_true,variance_epistemic,80,79.2,0.9999008525040125,0.7934509654744234
coverage_true,variance_epistemic,81,80.15,0.999899898665799,0.7934509654744234
coverage_true,variance_epistemic,82,81.15,0.999899505523393,0.7934509654744234
coverage_true,variance_epistemic,83,82.15,0.9998976134138605,0.7934509654744234
coverage_true,variance_epistemic,84,83.15,0.9998954967215943,0.7934509654744234
coverage_true,variance_epistemic,85,84.15,0.9998933470107311,0.7934509654744234
coverage_true,variance_epistemic,86,85.1,0.9998915977552171,0.7934509654744234
coverage_true,variance_epistemic,87,86.1,0.999888865965033,0.7934509654744234
coverage_true,variance_epistemic,88,87.1,0.9998851354415225,0.7934509654744234
coverage_true,variance_epistemic,89,88.1,0.999880154403175,0.7934509654744234
coverage_true,variance_epistemic,90,89.1,0.999874599783458,0.7934509654744234
coverage_true,variance_epistemic,91,90.05,0.9998739190422155,0.7934509654744234
coverage_true,variance_epistemic,92,91.05,0.9998739190422155,0.7934509654744234
coverage_true,variance_epistemic,93,92.05,0.9998739190422155,0.7934509654744234
coverage_true,variance_epistemic,94,93.05,0.9998739190422155,0.7934509654744234
coverage_true,variance_epistemic,95,94.05,0.9998739190422155,0.7934509654744234
coverage_true,variance_epistemic,96,95.0,0.9998739190422155,0.7934509654744234
coverage_true,variance_epistemic,97,96.0,0.9998739190422155,0.7934509654744234
coverage_true,variance_epistemic,98,97.0,0.9998739190422155,0.7934509654744234
coverage_true,variance_epistemic,99,98.0,0.9998739190422155,0.7934509654744234
coverage_true,variance_epistemic,100,99.0,0.9998739190422155,0.7934509654744234
coverage_true,alpha_volume_total_5%,0,0.0,0.6868710036082712,0.593621879340007
coverage_true,alpha_volume_total_5%,1,0.9499999999999953,0.6857863765792451,0.593621879340007
coverage_true,alpha_volume_total_5%,2,1.9499999999999962,0.6854888211129613,0.593621879340007
coverage_true,alpha_volume_total_5%,3,2.949999999999997,0.6866533790311397,0.593621879340007
coverage_true,alpha_volume_total_5%,4,3.949999999999998,0.685369633194454,0.593621879340007
coverage_true,alpha_volume_total_5%,5,4.949999999999999,0.6850583017178217,0.593621879340007
coverage_true,alpha_volume_total_5%,6,5.900000000000006,0.6833935608855242,0.593621879340007
coverage_true,alpha_volume_total_5%,7,6.899999999999995,0.6840748428128449,0.593621879340007
coverage_true,alpha_volume_total_5%,8,7.899999999999996,0.6858023575355083,0.593621879340007
coverage_true,alpha_volume_total_5%,9,8.899999999999997,0.6865250374925175,0.593621879340007
coverage_true,alpha_volume_total_5%,10,9.899999999999999,0.6851550915529806,0.593621879340007
coverage_true,alpha_volume_total_5%,11,10.850000000000005,0.6860628709081716,0.593621879340007
coverage_true,alpha_volume_total_5%,12,11.850000000000005,0.6846573769122937,0.593621879340007
coverage_true,alpha_volume_total_5%,13,12.849999999999994,0.6853996736817756,0.593621879340007
coverage_true,alpha_volume_total_5%,14,13.849999999999996,0.6834025148743323,0.593621879340007
coverage_true,alpha_volume_total_5%,15,14.849999999999996,0.6813584468758747,0.593621879340007
coverage_true,alpha_volume_total_5%,16,15.800000000000002,0.6794562262770738,0.593621879340007
coverage_true,alpha_volume_total_5%,17,16.800000000000004,0.6801712504696831,0.593621879340007
coverage_true,alpha_volume_total_5%,18,17.800000000000004,0.6832149973092277,0.593621879340007
coverage_true,alpha_volume_total_5%,19,18.799999999999994,0.6834089757028124,0.593621879340007
coverage_true,alpha_volume_total_5%,20,19.799999999999997,0.6830155503369076,0.593621879340007
coverage_true,alpha_volume_total_5%,21,20.75,0.6810143802910896,0.593621879340007
coverage_true,alpha_volume_total_5%,22,21.750000000000004,0.6799735490060356,0.593621879340007
coverage_true,alpha_volume_total_5%,23,22.750000000000004,0.678905770632695,0.593621879340007
coverage_true,alpha_volume_total_5%,24,23.750000000000004,0.6778099849577588,0.593621879340007
coverage_true,alpha_volume_total_5%,25,24.750000000000007,0.6779474737711488,0.593621879340007
coverage_true,alpha_volume_total_5%,26,25.7,0.6770267211160732,0.593621879340007
coverage_true,alpha_volume_total_5%,27,26.700000000000003,0.6771571818168358,0.593621879340007
coverage_true,alpha_volume_total_5%,28,27.700000000000003,0.677948204892422,0.593621879340007
coverage_true,alpha_volume_total_5%,29,28.700000000000003,0.6774290816784535,0.593621879340007
coverage_true,alpha_volume_total_5%,30,29.700000000000003,0.6741926156533787,0.593621879340007
coverage_true,alpha_volume_total_5%,31,30.65,0.6765792004263715,0.593621879340007
coverage_true,alpha_volume_total_5%,32,31.65,0.6774074811428956,0.593621879340007
coverage_true,alpha_volume_total_5%,33,32.65,0.6768498833863184,0.593621879340007
coverage_true,alpha_volume_total_5%,34,33.650000000000006,0.6769913443002016,0.593621879340007
coverage_true,alpha_volume_total_5%,35,34.650000000000006,0.674229851405897,0.593621879340007
coverage_true,alpha_volume_total_5%,36,35.6,0.6745877988139297,0.593621879340007
coverage_true,alpha_volume_total_5%,37,36.6,0.6739509866493485,0.593621879340007
coverage_true,alpha_volume_total_5%,38,37.6,0.6763384906524543,0.593621879340007
coverage_true,alpha_volume_total_5%,39,38.6,0.6741622907177256,0.593621879340007
coverage_true,alpha_volume_total_5%,40,39.6,0.6742731903695065,0.593621879340007
coverage_true,alpha_volume_total_5%,41,40.55,0.6738626814846376,0.593621879340007
coverage_true,alpha_volume_total_5%,42,41.55,0.6747847767461035,0.593621879340007
coverage_true,alpha_volume_total_5%,43,42.55,0.6740854396999367,0.593621879340007
coverage_true,alpha_volume_total_5%,44,43.55,0.6725199128860015,0.593621879340007
coverage_true,alpha_volume_total_5%,45,44.55,0.6700413330165913,0.593621879340007
coverage_true,alpha_volume_total_5%,46,45.49999999999999,0.669519773058963,0.593621879340007
coverage_true,alpha_volume_total_5%,47,46.5,0.6677825832405029,0.593621879340007
coverage_true,alpha_volume_total_5%,48,47.5,0.6714075277106586,0.593621879340007
coverage_true,alpha_volume_total_5%,49,48.5,0.6724063881817013,0.593621879340007
coverage_true,alpha_volume_total_5%,50,49.5,0.6725042582100486,0.593621879340007
coverage_true,alpha_volume_total_5%,51,50.449999999999996,0.6700614001887434,0.593621879340007
coverage_true,alpha_volume_total_5%,52,51.449999999999996,0.6632683178154022,0.593621879340007
coverage_true,alpha_volume_total_5%,53,52.449999999999996,0.6561893356655217,0.593621879340007
coverage_true,alpha_volume_total_5%,54,53.449999999999996,0.6488063880017421,0.593621879340007
coverage_true,alpha_volume_total_5%,55,54.449999999999996,0.6410990876495913,0.593621879340007
coverage_true,alpha_volume_total_5%,56,55.400000000000006,0.6334572105151686,0.593621879340007
coverage_true,alpha_volume_total_5%,57,56.400000000000006,0.6250533495312399,0.593621879340007
coverage_true,alpha_volume_total_5%,58,57.400000000000006,0.6162549410832768,0.593621879340007
coverage_true,alpha_volume_total_5%,59,58.400000000000006,0.6070337334221364,0.593621879340007
coverage_true,alpha_volume_total_5%,60,59.4,0.5973580729297144,0.593621879340007
coverage_true,alpha_volume_total_5%,61,60.349999999999994,0.5877139353809911,0.593621879340007
coverage_true,alpha_volume_total_5%,62,61.349999999999994,0.5770504620457848,0.593621879340007
coverage_true,alpha_volume_total_5%,63,62.349999999999994,0.5658200913420284,0.593621879340007
coverage_true,alpha_volume_total_5%,64,63.349999999999994,0.5539768763979576,0.593621879340007
coverage_true,alpha_volume_total_5%,65,64.35,0.5414701845569125,0.593621879340007
coverage_true,alpha_volume_total_5%,66,65.3,0.5289202264081795,0.593621879340007
coverage_true,alpha_volume_total_5%,67,66.3,0.5149455877433045,0.593621879340007
coverage_true,alpha_volume_total_5%,68,67.30000000000001,0.5001162311172751,0.593621879340007
coverage_true,alpha_volume_total_5%,69,68.30000000000001,0.4843520604733021,0.593621879340007
coverage_true,alpha_volume_total_5%,70,69.30000000000001,0.4722551942791994,0.593621879340007
coverage_true,alpha_volume_total_5%,71,70.25,0.4684023661810895,0.593621879340007
coverage_true,alpha_volume_total_5%,72,71.25,0.4667257970644461,0.593621879340007
coverage_true,alpha_volume_total_5%,73,72.24999999999999,0.47183441556708594,0.593621879340007
coverage_true,alpha_volume_total_5%,74,73.25,0.471873994404704,0.593621879340007
coverage_true,alpha_volume_total_5%,75,74.25,0.46829248907894366,0.593621879340007
coverage_true,alpha_volume_total_5%,76,75.2,0.471179178884377,0.593621879340007
coverage_true,alpha_volume_total_5%,77,76.2,0.47532722581755954,0.593621879340007
coverage_true,alpha_volume_total_5%,78,77.2,0.48184913856171396,0.593621879340007
coverage_true,alpha_volume_total_5%,79,78.2,0.4825863588279919,0.593621879340007
coverage_true,alpha_volume_total_5%,80,79.2,0.4831541798456452,0.593621879340007
coverage_true,alpha_volume_total_5%,81,80.15,0.4826027680195287,0.593621879340007
coverage_true,alpha_volume_total_5%,82,81.15,0.4859265387296857,0.593621879340007
coverage_true,alpha_volume_total_5%,83,82.15,0.48677532624054753,0.593621879340007
coverage_true,alpha_volume_total_5%,84,83.15,0.47635144196228907,0.593621879340007
coverage_true,alpha_volume_total_5%,85,84.15,0.47370675628677167,0.593621879340007
coverage_true,alpha_volume_total_5%,86,85.1,0.48534350119775854,0.593621879340007
coverage_true,alpha_volume_total_5%,87,86.1,0.47943801784419265,0.593621879340007
coverage_true,alpha_volume_total_5%,88,87.1,0.4689352480591869,0.593621879340007
coverage_true,alpha_volume_total_5%,89,88.1,0.46506949187508984,0.593621879340007
coverage_true,alpha_volume_total_5%,90,89.1,0.4693617655793714,0.593621879340007
coverage_true,alpha_volume_total_5%,91,90.05,0.4769936935310747,0.593621879340007
coverage_true,alpha_volume_total_5%,92,91.05,0.47200956172577146,0.593621879340007
coverage_true,alpha_volume_total_5%,93,92.05,0.4610548133090025,0.593621879340007
coverage_true,alpha_volume_total_5%,94,93.05,0.4457490713660782,0.593621879340007
coverage_true,alpha_volume_total_5%,95,94.05,0.434120722578874,0.593621879340007
coverage_true,alpha_volume_total_5%,96,95.0,0.4521112666843564,0.593621879340007
coverage_true,alpha_volume_total_5%,97,96.0,0.4720251678867881,0.593621879340007
coverage_true,alpha_volume_total_5%,98,97.0,0.48827300604826285,0.593621879340007
coverage_true,alpha_volume_total_5%,99,98.0,0.49702166824199334,0.593621879340007
coverage_true,alpha_volume_total_5%,100,99.0,0.5690957014469749,0.593621879340007
coverage_true,alpha_volume_aleatoric_5%,0,0.0,0.6868710036082712,0.593621879340007
coverage_true,alpha_volume_aleatoric_5%,1,0.9499999999999953,0.6857863765792451,0.593621879340007
coverage_true,alpha_volume_aleatoric_5%,2,1.9499999999999962,0.6854888211129613,0.593621879340007
coverage_true,alpha_volume_aleatoric_5%,3,2.949999999999997,0.6866533790311397,0.593621879340007
coverage_true,alpha_volume_aleatoric_5%,4,3.949999999999998,0.685369633194454,0.593621879340007
coverage_true,alpha_volume_aleatoric_5%,5,4.949999999999999,0.6850583017178217,0.593621879340007
coverage_true,alpha_volume_aleatoric_5%,6,5.900000000000006,0.6833935608855242,0.593621879340007
coverage_true,alpha_volume_aleatoric_5%,7,6.899999999999995,0.6840748428128449,0.593621879340007
coverage_true,alpha_volume_aleatoric_5%,8,7.899999999999996,0.6858023575355083,0.593621879340007
coverage_true,alpha_volume_aleatoric_5%,9,8.899999999999997,0.6865250374925175,0.593621879340007
coverage_true,alpha_volume_aleatoric_5%,10,9.899999999999999,0.6851550915529806,0.593621879340007
coverage_true,alpha_volume_aleatoric_5%,11,10.850000000000005,0.6860628709081716,0.593621879340007
coverage_true,alpha_volume_aleatoric_5%,12,11.850000000000005,0.6846573769122937,0.593621879340007
coverage_true,alpha_volume_aleatoric_5%,13,12.849999999999994,0.6853996736817756,0.593621879340007
coverage_true,alpha_volume_aleatoric_5%,14,13.849999999999996,0.6834025148743323,0.593621879340007
coverage_true,alpha_volume_aleatoric_5%,15,14.849999999999996,0.6813584468758747,0.593621879340007
coverage_true,alpha_volume_aleatoric_5%,16,15.800000000000002,0.6794562262770738,0.593621879340007
coverage_true,alpha_volume_aleatoric_5%,17,16.800000000000004,0.6801712504696831,0.593621879340007
coverage_true,alpha_volume_aleatoric_5%,18,17.800000000000004,0.6832149973092277,0.593621879340007
coverage_true,alpha_volume_aleatoric_5%,19,18.799999999999994,0.6834089757028124,0.593621879340007
coverage_true,alpha_volume_aleatoric_5%,20,19.799999999999997,0.6830155503369076,0.593621879340007
coverage_true,alpha_volume_aleatoric_5%,21,20.75,0.6810143802910896,0.593621879340007
coverage_true,alpha_volume_aleatoric_5%,22,21.750000000000004,0.6799735490060356,0.593621879340007
coverage_true,alpha_volume_aleatoric_5%,23,22.750000000000004,0.678905770632695,0.593621879340007
coverage_true,alpha_volume_aleatoric_5%,24,23.750000000000004,0.6778099849577588,0.593621879340007
coverage_true,alpha_volume_aleatoric_5%,25,24.750000000000007,0.6779474737711488,0.593621879340007
coverage_true,alpha_volume_aleatoric_5%,26,25.7,0.6770267211160732,0.593621879340007
coverage_true,alpha_volume_aleatoric_5%,27,26.700000000000003,0.6771571818168358,0.593621879340007
coverage_true,alpha_volume_aleatoric_5%,28,27.700000000000003,0.677948204892422,0.593621879340007
coverage_true,alpha_volume_aleatoric_5%,29,28.700000000000003,0.6774290816784535,0.593621879340007
coverage_true,alpha_volume_aleatoric_5%,30,29.700000000000003,0.6741926156533787,0.593621879340007
coverage_true,alpha_volume_aleatoric_5%,31,30.65,0.6765792004263715,0.593621879340007
coverage_true,alpha_volume_aleatoric_5%,32,31.65,0.6774074811428956,0.593621879340007
coverage_true,alpha_volume_aleatoric_5%,33,32.65,0.6768498833863184,0.593621879340007
coverage_true,alpha_volume_aleatoric_5%,34,33.650000000000006,0.6769913443002016,0.593621879340007
coverage_true,alpha_volume_aleatoric_5%,35,34.650000000000006,0.674229851405897,0.593621879340007
coverage_true,alpha_volume_aleatoric_5%,36,35.6,0.6745877988139297,0.593621879340007
coverage_true,alpha_volume_aleatoric_5%,37,36.6,0.6739509866493485,0.593621879340007
coverage_true,alpha_volume_aleatoric_5%,38,37.6,0.6763384906524543,0.593621879340007
coverage_true,alpha_volume_aleatoric_5%,39,38.6,0.6741622907177256,0.593621879340007
coverage_true,alpha_volume_aleatoric_5%,40,39.6,0.6742731903695065,0.593621879340007
coverage_true,alpha_volume_aleatoric_5%,41,40.55,0.6738626814846376,0.593621879340007
coverage_true,alpha_volume_aleatoric_5%,42,41.55,0.6747847767461035,0.593621879340007
coverage_true,alpha_volume_aleatoric_5%,43,42.55,0.6740854396999367,0.593621879340007
coverage_true,alpha_volume_aleatoric_5%,44,43.55,0.6725199128860015,0.593621879340007
coverage_true,alpha_volume_aleatoric_5%,45,44.55,0.6700413330165913,0.593621879340007
coverage_true,alpha_volume_aleatoric_5%,46,45.49999999999999,0.669519773058963,0.593621879340007
coverage_true,alpha_volume_aleatoric_5%,47,46.5,0.6677825832405029,0.593621879340007
coverage_true,alpha_volume_aleatoric_5%,48,47.5,0.6714075277106586,0.593621879340007
coverage_true,alpha_volume_aleatoric_5%,49,48.5,0.6724063881817013,0.593621879340007
coverage_true,alpha_volume_aleatoric_5%,50,49.5,0.6725042582100486,0.593621879340007
coverage_true,alpha_volume_aleatoric_5%,51,50.449999999999996,0.6700614001887434,0.593621879340007
coverage_true,alpha_volume_aleatoric_5%,52,51.449999999999996,0.6632683178154022,0.593621879340007
coverage_true,alpha_volume_aleatoric_5%,53,52.449999999999996,0.6561893356655217,0.593621879340007
coverage_true,alpha_volume_aleatoric_5%,54,53.449999999999996,0.6488063880017421,0.593621879340007
coverage_true,alpha_volume_aleatoric_5%,55,54.449999999999996,0.6410990876495913,0.593621879340007
coverage_true,alpha_volume_aleatoric_5%,56,55.400000000000006,0.6334572105151686,0.593621879340007
coverage_true,alpha_volume_aleatoric_5%,57,56.400000000000006,0.6250533495312399,0.593621879340007
coverage_true,alpha_volume_aleatoric_5%,58,57.400000000000006,0.6162549410832768,0.593621879340007
coverage_true,alpha_volume_aleatoric_5%,59,58.400000000000006,0.6070337334221364,0.593621879340007
coverage_true,alpha_volume_aleatoric_5%,60,59.4,0.5973580729297144,0.593621879340007
coverage_true,alpha_volume_aleatoric_5%,61,60.349999999999994,0.5877139353809911,0.593621879340007
coverage_true,alpha_volume_aleatoric_5%,62,61.349999999999994,0.5770504620457848,0.593621879340007
coverage_true,alpha_volume_aleatoric_5%,63,62.349999999999994,0.5658200913420284,0.593621879340007
coverage_true,alpha_volume_aleatoric_5%,64,63.349999999999994,0.5539768763979576,0.593621879340007
coverage_true,alpha_volume_aleatoric_5%,65,64.35,0.5414701845569125,0.593621879340007
coverage_true,alpha_volume_aleatoric_5%,66,65.3,0.5289202264081795,0.593621879340007
coverage_true,alpha_volume_aleatoric_5%,67,66.3,0.5149455877433045,0.593621879340007
coverage_true,alpha_volume_aleatoric_5%,68,67.30000000000001,0.5001162311172751,0.593621879340007
coverage_true,alpha_volume_aleatoric_5%,69,68.30000000000001,0.4843520604733021,0.593621879340007
coverage_true,alpha_volume_aleatoric_5%,70,69.30000000000001,0.4722551942791994,0.593621879340007
coverage_true,alpha_volume_aleatoric_5%,71,70.25,0.4684023661810895,0.593621879340007
coverage_true,alpha_volume_aleatoric_5%,72,71.25,0.4667257970644461,0.593621879340007
coverage_true,alpha_volume_aleatoric_5%,73,72.24999999999999,0.47183441556708594,0.593621879340007
coverage_true,alpha_volume_aleatoric_5%,74,73.25,0.471873994404704,0.593621879340007
coverage_true,alpha_volume_aleatoric_5%,75,74.25,0.46829248907894366,0.593621879340007
coverage_true,alpha_volume_aleatoric_5%,76,75.2,0.471179178884377,0.593621879340007
coverage_true,alpha_volume_aleatoric_5%,77,76.2,0.47532722581755954,0.593621879340007
coverage_true,alpha_volume_aleatoric_5%,78,77.2,0.48184913856171396,0.593621879340007
coverage_true,alpha_volume_aleatoric_5%,79,78.2,0.4825863588279919,0.593621879340007
coverage_true,alpha_volume_aleatoric_5%,80,79.2,0.4831541798456452,0.593621879340007
coverage_true,alpha_volume_aleatoric_5%,81,80.15,0.4826027680195287,0.593621879340007
coverage_true,alpha_volume_aleatoric_5%,82,81.15,0.4859265387296857,0.593621879340007
coverage_true,alpha_volume_aleatoric_5%,83,82.15,0.48677532624054753,0.593621879340007
coverage_true,alpha_volume_aleatoric_5%,84,83.15,0.47635144196228907,0.593621879340007
coverage_true,alpha_volume_aleatoric_5%,85,84.15,0.47370675628677167,0.593621879340007
coverage_true,alpha_volume_aleatoric_5%,86,85.1,0.48534350119775854,0.593621879340007
coverage_true,alpha_volume_aleatoric_5%,87,86.1,0.47943801784419265,0.593621879340007
coverage_true,alpha_volume_aleatoric_5%,88,87.1,0.4689352480591869,0.593621879340007
coverage_true,alpha_volume_aleatoric_5%,89,88.1,0.46506949187508984,0.593621879340007
coverage_true,alpha_volume_aleatoric_5%,90,89.1,0.4693617655793714,0.593621879340007
coverage_true,alpha_volume_aleatoric_5%,91,90.05,0.4769936935310747,0.593621879340007
coverage_true,alpha_volume_aleatoric_5%,92,91.05,0.47200956172577146,0.593621879340007
coverage_true,alpha_volume_aleatoric_5%,93,92.05,0.4610548133090025,0.593621879340007
coverage_true,alpha_volume_aleatoric_5%,94,93.05,0.4457490713660782,0.593621879340007
coverage_true,alpha_volume_aleatoric_5%,95,94.05,0.434120722578874,0.593621879340007
coverage_true,alpha_volume_aleatoric_5%,96,95.0,0.4521112666843564,0.593621879340007
coverage_true,alpha_volume_aleatoric_5%,97,96.0,0.4720251678867881,0.593621879340007
coverage_true,alpha_volume_aleatoric_5%,98,97.0,0.48827300604826285,0.593621879340007
coverage_true,alpha_volume_aleatoric_5%,99,98.0,0.49702166824199334,0.593621879340007
coverage_true,alpha_volume_aleatoric_5%,100,99.0,0.5690957014469749,0.593621879340007
coverage_true,alpha_volume_epistemic_5%,0,0.0,0.6868710036082712,0.34813140033079687
coverage_true,alpha_volume_epistemic_5%,1,0.9499999999999953,0.683869689085262,0.34813140033079687
coverage_true,alpha_volume_epistemic_5%,2,1.9499999999999962,0.6806469245555693,0.34813140033079687
coverage_true,alpha_volume_epistemic_5%,3,2.949999999999997,0.6773573240892469,0.34813140033079687
coverage_true,alpha_volume_epistemic_5%,4,3.949999999999998,0.6739991585894627,0.34813140033079687
coverage_true,alpha_volume_epistemic_5%,5,4.949999999999999,0.6705702830361535,0.34813140033079687
coverage_true,alpha_volume_epistemic_5%,6,5.900000000000006,0.667245317418266,0.34813140033079687
coverage_true,alpha_volume_epistemic_5%,7,6.899999999999995,0.6636720691684117,0.34813140033079687
coverage_true,alpha_volume_epistemic_5%,8,7.899999999999996,0.6600212362611035,0.34813140033079687
coverage_true,alpha_volume_epistemic_5%,9,8.899999999999997,0.6562902429217117,0.34813140033079687
coverage_true,alpha_volume_epistemic_5%,10,9.899999999999999,0.6524763894633574,0.34813140033079687
coverage_true,alpha_volume_epistemic_5%,11,10.850000000000005,0.6487738701850991,0.34813140033079687
coverage_true,alpha_volume_epistemic_5%,12,11.850000000000005,0.6447903389386539,0.34813140033079687
coverage_true,alpha_volume_epistemic_5%,13,12.849999999999994,0.6407153898781769,0.34813140033079687
coverage_true,alpha_volume_epistemic_5%,14,13.849999999999996,0.636545710368016,0.34813140033079687
coverage_true,alpha_volume_epistemic_5%,15,14.849999999999996,0.632278224294132,0.34813140033079687
coverage_true,alpha_volume_epistemic_5%,16,15.800000000000002,0.6281301500593639,0.34813140033079687
coverage_true,alpha_volume_epistemic_5%,17,16.800000000000004,0.6236614962192213,0.34813140033079687
coverage_true,alpha_volume_epistemic_5%,18,17.800000000000004,0.6190842965454875,0.34813140033079687
coverage_true,alpha_volume_epistemic_5%,19,18.799999999999994,0.6143940838226636,0.34813140033079687
coverage_true,alpha_volume_epistemic_5%,20,19.799999999999997,0.6095870469685887,0.34813140033079687
coverage_true,alpha_volume_epistemic_5%,21,20.75,0.6049079206722234,0.34813140033079687
coverage_true,alpha_volume_epistemic_5%,22,21.750000000000004,0.5998599577486744,0.34813140033079687
coverage_true,alpha_volume_epistemic_5%,23,22.750000000000004,0.5946810150699705,0.34813140033079687
coverage_true,alpha_volume_epistemic_5%,24,23.750000000000004,0.589366523209381,0.34813140033079687
coverage_true,alpha_volume_epistemic_5%,25,24.750000000000007,0.5839106344871239,0.34813140033079687
coverage_true,alpha_volume_epistemic_5%,26,25.7,0.5785915276122304,0.34813140033079687
coverage_true,alpha_volume_epistemic_5%,27,26.700000000000003,0.5728433960702584,0.34813140033079687
coverage_true,alpha_volume_epistemic_5%,28,27.700000000000003,0.566936513312725,0.34813140033079687
coverage_true,alpha_volume_epistemic_5%,29,28.700000000000003,0.5608638355258142,0.34813140033079687
coverage_true,alpha_volume_epistemic_5%,30,29.700000000000003,0.5546184458536396,0.34813140033079687
coverage_true,alpha_volume_epistemic_5%,31,30.65,0.5485185208366697,0.34813140033079687
coverage_true,alpha_volume_epistemic_5%,32,31.65,0.5419145505589238,0.34813140033079687
coverage_true,alpha_volume_epistemic_5%,33,32.65,0.5351141958601777,0.34813140033079687
coverage_true,alpha_volume_epistemic_5%,34,33.650000000000006,0.5281089686773633,0.34813140033079687
coverage_true,alpha_volume_epistemic_5%,35,34.650000000000006,0.5208891801405329,0.34813140033079687
coverage_true,alpha_volume_epistemic_5%,36,35.6,0.5138226625555387,0.34813140033079687
coverage_true,alpha_volume_epistemic_5%,37,36.6,0.5061555367359184,0.34813140033079687
coverage_true,alpha_volume_epistemic_5%,38,37.6,0.4982426102483652,0.34813140033079687
coverage_true,alpha_volume_epistemic_5%,39,38.6,0.4900718732882571,0.34813140033079687
coverage_true,alpha_volume_epistemic_5%,40,39.6,0.48163064354867136,0.34813140033079687
coverage_true,alpha_volume_epistemic_5%,41,40.55,0.4733487126481325,0.34813140033079687
coverage_true,alpha_volume_epistemic_5%,42,41.55,0.4643399477757323,0.34813140033079687
coverage_true,alpha_volume_epistemic_5%,43,42.55,0.4550174326888093,0.34813140033079687
coverage_true,alpha_volume_epistemic_5%,44,43.55,0.4453647562184619,0.34813140033079687
coverage_true,alpha_volume_epistemic_5%,45,44.55,0.43536385498742075,0.34813140033079687
coverage_true,alpha_volume_epistemic_5%,46,45.49999999999999,0.42552295441257104,0.34813140033079687
coverage_true,alpha_volume_epistemic_5%,47,46.5,0.4147864515118901,0.34813140033079687
coverage_true,alpha_volume_epistemic_5%,48,47.5,0.40364115097916997,0.34813140033079687
coverage_true,alpha_volume_epistemic_5%,49,48.5,0.3920631673205102,0.34813140033079687
coverage_true,alpha_volume_epistemic_5%,50,49.5,0.3800265027232986,0.34813140033079687
coverage_true,alpha_volume_epistemic_5%,51,50.449999999999996,0.3681417714243903,0.34813140033079687
coverage_true,alpha_volume_epistemic_5%,52,51.449999999999996,0.3551287873227457,0.34813140033079687
coverage_true,alpha_volume_epistemic_5%,53,52.449999999999996,0.34156838622335,0.34813140033079687
coverage_true,alpha_volume_epistemic_5%,54,53.449999999999996,0.32742544823546865,0.34813140033079687
coverage_true,alpha_volume_epistemic_5%,55,54.449999999999996,0.3126617693945365,0.34813140033079687
coverage_true,alpha_volume_epistemic_5%,56,55.400000000000006,0.2990878159339011,0.34813140033079687
coverage_true,alpha_volume_epistemic_5%,57,56.400000000000006,0.28410328691537334,0.34813140033079687
coverage_true,alpha_volume_epistemic_5%,58,57.400000000000006,0.26730037558943964,0.34813140033079687
coverage_true,alpha_volume_epistemic_5%,59,58.400000000000006,0.2553986731317444,0.34813140033079687
coverage_true,alpha_volume_epistemic_5%,60,59.4,0.24057061570776522,0.34813140033079687
coverage_true,alpha_volume_epistemic_5%,61,60.349999999999994,0.23076270523113393,0.34813140033079687
coverage_true,alpha_volume_epistemic_5%,62,61.349999999999994,0.22438028316106845,0.34813140033079687
coverage_true,alpha_volume_epistemic_5%,63,62.349999999999994,0.2163974583723097,0.34813140033079687
coverage_true,alpha_volume_epistemic_5%,64,63.349999999999994,0.20668312804914574,0.34813140033079687
coverage_true,alpha_volume_epistemic_5%,65,64.35,0.20042050667770644,0.34813140033079687
coverage_true,alpha_volume_epistemic_5%,66,65.3,0.19358919742976805,0.34813140033079687
coverage_true,alpha_volume_epistemic_5%,67,66.3,0.17952906319227901,0.34813140033079687
coverage_true,alpha_volume_epistemic_5%,68,67.30000000000001,0.16606139867293862,0.34813140033079687
coverage_true,alpha_volume_epistemic_5%,69,68.30000000000001,0.15623874222099993,0.34813140033079687
coverage_true,alpha_volume_epistemic_5%,70,69.30000000000001,0.14577617329662226,0.34813140033079687
coverage_true,alpha_volume_epistemic_5%,71,70.25,0.12808109131653206,0.34813140033079687
coverage_true,alpha_volume_epistemic_5%,72,71.25,0.11262555832871501,0.34813140033079687
coverage_true,alpha_volume_epistemic_5%,73,72.24999999999999,0.090921623512035,0.34813140033079687
coverage_true,alpha_volume_epistemic_5%,74,73.25,0.06937044228881581,0.34813140033079687
coverage_true,alpha_volume_epistemic_5%,75,74.25,0.051808064389797535,0.34813140033079687
coverage_true,alpha_volume_epistemic_5%,76,75.2,0.0447546658024573,0.34813140033079687
coverage_true,alpha_volume_epistemic_5%,77,76.2,0.04096345341674383,0.34813140033079687
coverage_true,alpha_volume_epistemic_5%,78,77.2,0.041590376330268755,0.34813140033079687
coverage_true,alpha_volume_epistemic_5%,79,78.2,0.042274815107419816,0.34813140033079687
coverage_true,alpha_volume_epistemic_5%,80,79.2,0.0430250653054508,0.34813140033079687
coverage_true,alpha_volume_epistemic_5%,81,80.15,0.04378264148231865,0.34813140033079687
coverage_true,alpha_volume_epistemic_5%,82,81.15,0.0446904945589204,0.34813140033079687
coverage_true,alpha_volume_epistemic_5%,83,82.15,0.045420070954808364,0.34813140033079687
coverage_true,alpha_volume_epistemic_5%,84,83.15,0.04673060052369437,0.34813140033079687
coverage_true,alpha_volume_epistemic_5%,85,84.15,0.04820649659969533,0.34813140033079687
coverage_true,alpha_volume_epistemic_5%,86,85.1,0.04921067793770974,0.34813140033079687
coverage_true,alpha_volume_epistemic_5%,87,86.1,0.049993353873450504,0.34813140033079687
coverage_true,alpha_volume_epistemic_5%,88,87.1,0.04999335387345051,0.34813140033079687
coverage_true,alpha_volume_epistemic_5%,89,88.1,0.0499933538734505,0.34813140033079687
coverage_true,alpha_volume_epistemic_5%,90,89.1,0.049993353873450504,0.34813140033079687
coverage_true,alpha_volume_epistemic_5%,91,90.05,0.0499933538734505,0.34813140033079687
coverage_true,alpha_volume_epistemic_5%,92,91.05,0.049993353873450504,0.34813140033079687
coverage_true,alpha_volume_epistemic_5%,93,92.05,0.0499933538734505,0.34813140033079687
coverage_true,alpha_volume_epistemic_5%,94,93.05,0.049993353873450504,0.34813140033079687
coverage_true,alpha_volume_epistemic_5%,95,94.05,0.04999335387345049,0.34813140033079687
coverage_true,alpha_volume_epistemic_5%,96,95.0,0.0499933538734505,0.34813140033079687
coverage_true,alpha_volume_epistemic_5%,97,96.0,0.049993353873450504,0.34813140033079687
coverage_true,alpha_volume_epistemic_5%,98,97.0,0.04999335387345051,0.34813140033079687
coverage_true,alpha_volume_epistemic_5%,99,98.0,0.04999335387345051,0.34813140033079687
coverage_true,alpha_volume_epistemic_5%,100,99.0,0.04999335387345051,0.34813140033079687
coverage_true,integrated_volume_total,0,0.0,0.6868710036082712,0.7697918613070855
coverage_true,integrated_volume_total,1,0.9499999999999953,0.6838682447953699,0.7697918613070855
coverage_true,integrated_volume_total,2,1.9499999999999962,0.6806445846725524,0.7697918613070855
coverage_true,integrated_volume_total,3,2.949999999999997,0.6773544915745094,0.7697918613070855
coverage_true,integrated_volume_total,4,3.949999999999998,0.673995890551468,0.7697918613070855
coverage_true,integrated_volume_total,5,4.949999999999999,0.6705666193333075,0.7697918613070855
coverage_true,integrated_volume_total,6,5.900000000000006,0.6672413013154638,0.7697918613070855
coverage_true,integrated_volume_total,7,6.899999999999995,0.6636676512776314,0.7697918613070855
coverage_true,integrated_volume_total,8,7.899999999999996,0.6600163975473382,0.7697918613070855
coverage_true,integrated_volume_total,9,8.899999999999997,0.656284984569399,0.7697918613070855
coverage_true,integrated_volume_total,10,9.899999999999999,0.6529979102412077,0.7697918613070855
coverage_true,integrated_volume_total,11,10.850000000000005,0.6514318783183388,0.7697918613070855
coverage_true,integrated_volume_total,12,11.850000000000005,0.6512500056758903,0.7697918613070855
coverage_true,integrated_volume_total,13,12.849999999999994,0.6499739365689404,0.7697918613070855
coverage_true,integrated_volume_total,14,13.849999999999996,0.647565567812422,0.7697918613070855
coverage_true,integrated_volume_total,15,14.849999999999996,0.6456584439271327,0.7697918613070855
coverage_true,integrated_volume_total,16,15.800000000000002,0.6416611138545086,0.7697918613070855
coverage_true,integrated_volume_total,17,16.800000000000004,0.6390674384808487,0.7697918613070855
coverage_true,integrated_volume_total,18,17.800000000000004,0.6392998134812001,0.7697918613070855
coverage_true,integrated_volume_total,19,18.799999999999994,0.6377830694557642,0.7697918613070855
coverage_true,integrated_volume_total,20,19.799999999999997,0.6356362602638812,0.7697918613070855
coverage_true,integrated_volume_total,21,20.75,0.6336664771294682,0.7697918613070855
coverage_true,integrated_volume_total,22,21.750000000000004,0.6320205608199843,0.7697918613070855
coverage_true,integrated_volume_total,23,22.750000000000004,0.6284874594294181,0.7697918613070855
coverage_true,integrated_volume_total,24,23.750000000000004,0.6273533711590058,0.7697918613070855
coverage_true,integrated_volume_total,25,24.750000000000007,0.6261891410076519,0.7697918613070855
coverage_true,integrated_volume_total,26,25.7,0.6233280667816243,0.7697918613070855
coverage_true,integrated_volume_total,27,26.700000000000003,0.6207819671927679,0.7697918613070855
coverage_true,integrated_volume_total,28,27.700000000000003,0.6181654360800152,0.7697918613070855
coverage_true,integrated_volume_total,29,28.700000000000003,0.6161416774226999,0.7697918613070855
coverage_true,integrated_volume_total,30,29.700000000000003,0.6140603438391455,0.7697918613070855
coverage_true,integrated_volume_total,31,30.65,0.6121987043913082,0.7697918613070855
coverage_true,integrated_volume_total,32,31.65,0.6106952225236115,0.7697918613070855
coverage_true,integrated_volume_total,33,32.65,0.609147093829851,0.7697918613070855
coverage_true,integrated_volume_total,34,33.650000000000006,0.6082681660541116,0.7697918613070855
coverage_true,integrated_volume_total,35,34.650000000000006,0.605181876833137,0.7697918613070855
coverage_true,integrated_volume_total,36,35.6,0.6030461743585527,0.7697918613070855
coverage_true,integrated_volume_total,37,36.6,0.5990334183556436,0.7697918613070855
coverage_true,integrated_volume_total,38,37.6,0.5948920483782821,0.7697918613070855
coverage_true,integrated_volume_total,39,38.6,0.5913893591557005,0.7697918613070855
coverage_true,integrated_volume_total,40,39.6,0.5901298460332755,0.7697918613070855
coverage_true,integrated_volume_total,41,40.55,0.5867768366653812,0.7697918613070855
coverage_true,integrated_volume_total,42,41.55,0.5837711464740863,0.7697918613070855
coverage_true,integrated_volume_total,43,42.55,0.5930623177987273,0.7697918613070855
coverage_true,integrated_volume_total,44,43.55,0.602682671455508,0.7697918613070855
coverage_true,integrated_volume_total,45,44.55,0.6126500171287643,0.7697918613070855
coverage_true,integrated_volume_total,46,45.49999999999999,0.6224577938277102,0.7697918613070855
coverage_true,integrated_volume_total,47,46.5,0.6331580637333972,0.7697918613070855
coverage_true,integrated_volume_total,48,47.5,0.6442659629688248,0.7697918613070855
coverage_true,integrated_volume_total,49,48.5,0.6558052369318419,0.7697918613070855
coverage_true,integrated_volume_total,50,49.5,0.6678015118438891,0.7697918613070855
coverage_true,integrated_volume_total,51,50.449999999999996,0.6796464714820712,0.7697918613070855
coverage_true,integrated_volume_total,52,51.449999999999996,0.6926156397129388,0.7697918613070855
coverage_true,integrated_volume_total,53,52.449999999999996,0.7061303039787534,0.7697918613070855
coverage_true,integrated_volume_total,54,53.449999999999996,0.7202256197704894,0.7697918613070855
coverage_true,integrated_volume_total,55,54.449999999999996,0.7349398297792059,0.7697918613070855
coverage_true,integrated_volume_total,56,55.400000000000006,0.7495294968668846,0.7697918613070855
coverage_true,integrated_volume_total,57,56.400000000000006,0.7655739038162752,0.7697918613070855
coverage_true,integrated_volume_total,58,57.400000000000006,0.7823715693078908,0.7697918613070855
coverage_true,integrated_volume_total,59,58.400000000000006,0.7999768148712186,0.7697918613070855
coverage_true,integrated_volume_total,60,59.4,0.8186134500322126,0.7697918613070855
coverage_true,integrated_volume_total,61,60.349999999999994,0.8374494880573655,0.7697918613070855
coverage_true,integrated_volume_total,62,61.349999999999994,0.858685601042537,0.7697918613070855
coverage_true,integrated_volume_total,63,62.349999999999994,0.8810497943987669,0.7697918613070855
coverage_true,integrated_volume_total,64,63.349999999999994,0.9046344075834402,0.7697918613070855
coverage_true,integrated_volume_total,65,64.35,0.9240269954015006,0.7697918613070855
coverage_true,integrated_volume_total,66,65.3,0.927617354540223,0.7697918613070855
coverage_true,integrated_volume_total,67,66.3,0.9313082588449813,0.7697918613070855
coverage_true,integrated_volume_total,68,67.30000000000001,0.9352249065322937,0.7697918613070855
coverage_true,integrated_volume_total,69,68.30000000000001,0.9409394502848333,0.7697918613070855
coverage_true,integrated_volume_total,70,69.30000000000001,0.9438236705103018,0.7697918613070855
coverage_true,integrated_volume_total,71,70.25,0.9486435798705382,0.7697918613070855
coverage_true,integrated_volume_total,72,71.25,0.9554112219677119,0.7697918613070855
coverage_true,integrated_volume_total,73,72.24999999999999,0.9662096858299499,0.7697918613070855
coverage_true,integrated_volume_total,74,73.25,0.9723022393387378,0.7697918613070855
coverage_true,integrated_volume_total,75,74.25,0.9769588742892538,0.7697918613070855
coverage_true,integrated_volume_total,76,75.2,0.9780633386996479,0.7697918613070855
coverage_true,integrated_volume_total,77,76.2,0.9854091142975376,0.7697918613070855
coverage_true,integrated_volume_total,78,77.2,0.9998676785302975,0.7697918613070855
coverage_true,integrated_volume_total,79,78.2,0.9998677761961614,0.7697918613070855
coverage_true,integrated_volume_total,80,79.2,0.9998678832529736,0.7697918613070855
coverage_true,integrated_volume_total,81,80.15,0.9998692809613472,0.7697918613070855
coverage_true,integrated_volume_total,82,81.15,0.9998690349093117,0.7697918613070855
coverage_true,integrated_volume_total,83,82.15,0.9998687612884206,0.7697918613070855
coverage_true,integrated_volume_total,84,83.15,0.9998684551902727,0.7697918613070855
coverage_true,integrated_volume_total,85,84.15,0.9998686385199764,0.7697918613070855
coverage_true,integrated_volume_total,86,85.1,0.9998688635623673,0.7697918613070855
coverage_true,integrated_volume_total,87,86.1,0.9998691019902738,0.7697918613070855
coverage_true,integrated_volume_total,88,87.1,0.9998687285753945,0.7697918613070855
coverage_true,integrated_volume_total,89,88.1,0.9998696990618379,0.7697918613070855
coverage_true,integrated_volume_total,90,89.1,0.9998693119076749,0.7697918613070855
coverage_true,integrated_volume_total,91,90.05,0.9998713955363618,0.7697918613070855
coverage_true,integrated_volume_total,92,91.05,0.9998729838882772,0.7697918613070855
coverage_true,integrated_volume_total,93,92.05,0.9998728662588509,0.7697918613070855
coverage_true,integrated_volume_total,94,93.05,0.99987271477923,0.7697918613070855
coverage_true,integrated_volume_total,95,94.05,0.9998725123820897,0.7697918613070855
coverage_true,integrated_volume_total,96,95.0,0.9998739190422155,0.7697918613070855
coverage_true,integrated_volume_total,97,96.0,0.9998739190422155,0.7697918613070855
coverage_true,integrated_volume_total,98,97.0,0.9998739190422155,0.7697918613070855
coverage_true,integrated_volume_total,99,98.0,0.9998739190422155,0.7697918613070855
coverage_true,integrated_volume_total,100,99.0,0.9998739190422155,0.7697918613070855
coverage_true,integrated_volume_aleatoric,0,0.0,0.6868710036082712,0.764198930572906
coverage_true,integrated_volume_aleatoric,1,0.9499999999999953,0.6848273106873075,0.764198930572906
coverage_true,integrated_volume_aleatoric,2,1.9499999999999962,0.6835511265367977,0.764198930572906
coverage_true,integrated_volume_aleatoric,3,2.949999999999997,0.6822486428674728,0.764198930572906
coverage_true,integrated_volume_aleatoric,4,3.949999999999998,0.6814135487968935,0.764198930572906
coverage_true,integrated_volume_aleatoric,5,4.949999999999999,0.6795614566754197,0.764198930572906
coverage_true,integrated_volume_aleatoric,6,5.900000000000006,0.6783459797698803,0.764198930572906
coverage_true,integrated_volume_aleatoric,7,6.899999999999995,0.6774425055639004,0.764198930572906
coverage_true,integrated_volume_aleatoric,8,7.899999999999996,0.6780665695390573,0.764198930572906
coverage_true,integrated_volume_aleatoric,9,8.899999999999997,0.6781829539275195,0.764198930572906
coverage_true,integrated_volume_aleatoric,10,9.899999999999999,0.6761932541382245,0.764198930572906
coverage_true,integrated_volume_aleatoric,11,10.850000000000005,0.6748743963791487,0.764198930572906
coverage_true,integrated_volume_aleatoric,12,11.850000000000005,0.6744196341140409,0.764198930572906
coverage_true,integrated_volume_aleatoric,13,12.849999999999994,0.6755894695582212,0.764198930572906
coverage_true,integrated_volume_aleatoric,14,13.849999999999996,0.6740297748735248,0.764198930572906
coverage_true,integrated_volume_aleatoric,15,14.849999999999996,0.6735490712308374,0.764198930572906
coverage_true,integrated_volume_aleatoric,16,15.800000000000002,0.6732510585659063,0.764198930572906
coverage_true,integrated_volume_aleatoric,17,16.800000000000004,0.6721788425829656,0.764198930572906
coverage_true,integrated_volume_aleatoric,18,17.800000000000004,0.6705027072537463,0.764198930572906
coverage_true,integrated_volume_aleatoric,19,18.799999999999994,0.6687852878031176,0.764198930572906
coverage_true,integrated_volume_aleatoric,20,19.799999999999997,0.6676172810631741,0.764198930572906
coverage_true,integrated_volume_aleatoric,21,20.75,0.6660308666323488,0.764198930572906
coverage_true,integrated_volume_aleatoric,22,21.750000000000004,0.6666195522959961,0.764198930572906
coverage_true,integrated_volume_aleatoric,23,22.750000000000004,0.665378906651328,0.764198930572906
coverage_true,integrated_volume_aleatoric,24,23.750000000000004,0.663482798323545,0.764198930572906
coverage_true,integrated_volume_aleatoric,25,24.750000000000007,0.6621674942700826,0.764198930572906
coverage_true,integrated_volume_aleatoric,26,25.7,0.66104497875463,0.764198930572906
coverage_true,integrated_volume_aleatoric,27,26.700000000000003,0.6590134345815037,0.764198930572906
coverage_true,integrated_volume_aleatoric,28,27.700000000000003,0.6575826462859976,0.764198930572906
coverage_true,integrated_volume_aleatoric,29,28.700000000000003,0.6594425608642649,0.764198930572906
coverage_true,integrated_volume_aleatoric,30,29.700000000000003,0.6579771715686416,0.764198930572906
coverage_true,integrated_volume_aleatoric,31,30.65,0.6553473347126804,0.764198930572906
coverage_true,integrated_volume_aleatoric,32,31.65,0.653780222881899,0.764198930572906
coverage_true,integrated_volume_aleatoric,33,32.65,0.6528718120850694,0.764198930572906
coverage_true,integrated_volume_aleatoric,34,33.650000000000006,0.6526518853380445,0.764198930572906
coverage_true,integrated_volume_aleatoric,35,34.650000000000006,0.6502447655016751,0.764198930572906
coverage_true,integrated_volume_aleatoric,36,35.6,0.650986438168857,0.764198930572906
coverage_true,integrated_volume_aleatoric,37,36.6,0.6492281891124259,0.764198930572906
coverage_true,integrated_volume_aleatoric,38,37.6,0.6474135859195709,0.764198930572906
coverage_true,integrated_volume_aleatoric,39,38.6,0.6455398751308572,0.764198930572906
coverage_true,integrated_volume_aleatoric,40,39.6,0.6420313481472124,0.764198930572906
coverage_true,integrated_volume_aleatoric,41,40.55,0.6427035259988487,0.764198930572906
coverage_true,integrated_volume_aleatoric,42,41.55,0.6414672870929543,0.764198930572906
coverage_true,integrated_volume_aleatoric,43,42.55,0.6401880111494308,0.764198930572906
coverage_true,integrated_volume_aleatoric,44,43.55,0.639704823539143,0.764198930572906
coverage_true,integrated_volume_aleatoric,45,44.55,0.639204208061938,0.764198930572906
coverage_true,integrated_volume_aleatoric,46,45.49999999999999,0.6398881565059521,0.764198930572906
coverage_true,integrated_volume_aleatoric,47,46.5,0.6375971046958469,0.764198930572906
coverage_true,integrated_volume_aleatoric,48,47.5,0.6443928949028932,0.764198930572906
coverage_true,integrated_volume_aleatoric,49,48.5,0.6561610776693395,0.764198930572906
coverage_true,integrated_volume_aleatoric,50,49.5,0.6682963578739828,0.764198930572906
coverage_true,integrated_volume_aleatoric,51,50.449999999999996,0.6803525383706204,0.764198930572906
coverage_true,integrated_volume_aleatoric,52,51.449999999999996,0.6936450825355844,0.764198930572906
coverage_true,integrated_volume_aleatoric,53,52.449999999999996,0.7073565785783894,0.764198930572906
coverage_true,integrated_volume_aleatoric,54,53.449999999999996,0.7215140266200561,0.764198930572906
coverage_true,integrated_volume_aleatoric,55,54.449999999999996,0.7365491204910504,0.764198930572906
coverage_true,integrated_volume_aleatoric,56,55.400000000000006,0.7513224815857883,0.764198930572906
coverage_true,integrated_volume_aleatoric,57,56.400000000000006,0.7675226438017582,0.764198930572906
coverage_true,integrated_volume_aleatoric,58,57.400000000000006,0.7846006996641102,0.764198930572906
coverage_true,integrated_volume_aleatoric,59,58.400000000000006,0.802379672998115,0.764198930572906
coverage_true,integrated_volume_aleatoric,60,59.4,0.8211575599176362,0.764198930572906
coverage_true,integrated_volume_aleatoric,61,60.349999999999994,0.8398864851521852,0.764198930572906
coverage_true,integrated_volume_aleatoric,62,61.349999999999994,0.860539086431667,0.764198930572906
coverage_true,integrated_volume_aleatoric,63,62.349999999999994,0.8821560239038455,0.764198930572906
coverage_true,integrated_volume_aleatoric,64,63.349999999999994,0.9051344293564586,0.764198930572906
coverage_true,integrated_volume_aleatoric,65,64.35,0.921269305354981,0.764198930572906
coverage_true,integrated_volume_aleatoric,66,65.3,0.9191173058448114,0.764198930572906
coverage_true,integrated_volume_aleatoric,67,66.3,0.91963847517979,0.764198930572906
coverage_true,integrated_volume_aleatoric,68,67.30000000000001,0.9201917762669918,0.764198930572906
coverage_true,integrated_volume_aleatoric,69,68.30000000000001,0.9223305108696428,0.764198930572906
coverage_true,integrated_volume_aleatoric,70,69.30000000000001,0.9214062428353843,0.764198930572906
coverage_true,integrated_volume_aleatoric,71,70.25,0.9255105828960097,0.764198930572906
coverage_true,integrated_volume_aleatoric,72,71.25,0.9229243231910196,0.764198930572906
coverage_true,integrated_volume_aleatoric,73,72.24999999999999,0.9219234998864213,0.764198930572906
coverage_true,integrated_volume_aleatoric,74,73.25,0.9245227376629993,0.764198930572906
coverage_true,integrated_volume_aleatoric,75,74.25,0.9235056047897515,0.764198930572906
coverage_true,integrated_volume_aleatoric,76,75.2,0.9225628016035013,0.764198930572906
coverage_true,integrated_volume_aleatoric,77,76.2,0.9213799819587273,0.764198930572906
coverage_true,integrated_volume_aleatoric,78,77.2,0.9200937732936986,0.764198930572906
coverage_true,integrated_volume_aleatoric,79,78.2,0.9186891799058345,0.764198930572906
coverage_true,integrated_volume_aleatoric,80,79.2,0.9171499318473948,0.764198930572906
coverage_true,integrated_volume_aleatoric,81,80.15,0.9206205737539028,0.764198930572906
coverage_true,integrated_volume_aleatoric,82,81.15,0.9190241103377105,0.764198930572906
coverage_true,integrated_volume_aleatoric,83,82.15,0.9144956470632563,0.764198930572906
coverage_true,integrated_volume_aleatoric,84,83.15,0.9152637033129423,0.764198930572906
coverage_true,integrated_volume_aleatoric,85,84.15,0.9130270972664952,0.764198930572906
coverage_true,integrated_volume_aleatoric,86,85.1,0.9206872018896775,0.764198930572906
coverage_true,integrated_volume_aleatoric,87,86.1,0.9220636984820253,0.764198930572906
coverage_true,integrated_volume_aleatoric,88,87.1,0.9274644588788522,0.764198930572906
coverage_true,integrated_volume_aleatoric,89,88.1,0.9337736134287382,0.764198930572906
coverage_true,integrated_volume_aleatoric,90,89.1,0.9412396431595441,0.764198930572906
coverage_true,integrated_volume_aleatoric,91,90.05,0.93564139571346,0.764198930572906
coverage_true,integrated_volume_aleatoric,92,91.05,0.9339573159999771,0.764198930572906
coverage_true,integrated_volume_aleatoric,93,92.05,0.9380332174772017,0.764198930572906
coverage_true,integrated_volume_aleatoric,94,93.05,0.9432820402428362,0.764198930572906
coverage_true,integrated_volume_aleatoric,95,94.05,0.9420329866451398,0.764198930572906
coverage_true,integrated_volume_aleatoric,96,95.0,0.9507088873724798,0.764198930572906
coverage_true,integrated_volume_aleatoric,97,96.0,0.9384197218619829,0.764198930572906
coverage_true,integrated_volume_aleatoric,98,97.0,0.9179377793444884,0.764198930572906
coverage_true,integrated_volume_aleatoric,99,98.0,0.8769738943094992,0.764198930572906
coverage_true,integrated_volume_aleatoric,100,99.0,0.9015538992560425,0.764198930572906
coverage_true,integrated_volume_epistemic,0,0.0,0.6868710036082712,0.34865337956327197
coverage_true,integrated_volume_epistemic,1,0.9499999999999953,0.6838689103109755,0.34865337956327197
coverage_true,integrated_volume_epistemic,2,1.9499999999999962,0.6806460049552754,0.34865337956327197
coverage_true,integrated_volume_epistemic,3,2.949999999999997,0.6773563950134217,0.34865337956327197
coverage_true,integrated_volume_epistemic,4,3.949999999999998,0.6739981812146726,0.34865337956327197
coverage_true,integrated_volume_epistemic,5,4.949999999999999,0.6705694614986334,0.34865337956327197
coverage_true,integrated_volume_epistemic,6,5.900000000000006,0.6672449222158136,0.34865337956327197
coverage_true,integrated_volume_epistemic,7,6.899999999999995,0.6636719894683092,0.34865337956327197
coverage_true,integrated_volume_epistemic,8,7.899999999999996,0.660021316826571,0.34865337956327197
coverage_true,integrated_volume_epistemic,9,8.899999999999997,0.6562903243715422,0.34865337956327197
coverage_true,integrated_volume_epistemic,10,9.899999999999999,0.6524763894633574,0.34865337956327197
coverage_true,integrated_volume_epistemic,11,10.850000000000005,0.6487739118008005,0.34865337956327197
coverage_true,integrated_volume_epistemic,12,11.850000000000005,0.6447902968508518,0.34865337956327197
coverage_true,integrated_volume_epistemic,13,12.849999999999994,0.6407153047367019,0.34865337956327197
coverage_true,integrated_volume_epistemic,14,13.849999999999996,0.6365457964977843,0.34865337956327197
coverage_true,integrated_volume_epistemic,15,14.849999999999996,0.6322783114354068,0.34865337956327197
coverage_true,integrated_volume_epistemic,16,15.800000000000002,0.6281302822460543,0.34865337956327197
coverage_true,integrated_volume_epistemic,17,16.800000000000004,0.6236618083619906,0.34865337956327197
coverage_true,integrated_volume_epistemic,18,17.800000000000004,0.6190844770827024,0.34865337956327197
coverage_true,integrated_volume_epistemic,19,18.799999999999994,0.6143944493438234,0.34865337956327197
coverage_true,integrated_volume_epistemic,20,19.799999999999997,0.6095871394882837,0.34865337956327197
coverage_true,integrated_volume_epistemic,21,20.75,0.6049081547441331,0.34865337956327197
coverage_true,integrated_volume_epistemic,22,21.750000000000004,0.5998599577486744,0.34865337956327197
coverage_true,integrated_volume_epistemic,23,22.750000000000004,0.5946812071755898,0.34865337956327197
coverage_true,integrated_volume_epistemic,24,23.750000000000004,0.5893666205218996,0.34865337956327197
coverage_true,integrated_volume_epistemic,25,24.750000000000007,0.5839106837899779,0.34865337956327197
coverage_true,integrated_volume_epistemic,26,25.7,0.5785916274787113,0.34865337956327197
coverage_true,integrated_volume_epistemic,27,26.700000000000003,0.5728438009859221,0.34865337956327197
coverage_true,integrated_volume_epistemic,28,27.700000000000003,0.5669369238288822,0.34865337956327197
coverage_true,integrated_volume_epistemic,29,28.700000000000003,0.5608643038337797,0.34865337956327197
coverage_true,integrated_volume_epistemic,30,29.700000000000003,0.5546189208231693,0.34865337956327197
coverage_true,integrated_volume_epistemic,31,30.65,0.5485189488153023,0.34865337956327197
coverage_true,integrated_volume_epistemic,32,31.65,0.5419146048389496,0.34865337956327197
coverage_true,integrated_volume_epistemic,33,32.65,0.535114361118074,0.34865337956327197
coverage_true,integrated_volume_epistemic,34,33.650000000000006,0.5281089127611648,0.34865337956327197
coverage_true,integrated_volume_epistemic,35,34.650000000000006,0.520889236912373,0.34865337956327197
coverage_true,integrated_volume_epistemic,36,35.6,0.5138228929927917,0.34865337956327197
coverage_true,integrated_volume_epistemic,37,36.6,0.5061557122898508,0.34865337956327197
coverage_true,integrated_volume_epistemic,38,37.6,0.4982429669829586,0.34865337956327197
coverage_true,integrated_volume_epistemic,39,38.6,0.49007223583286014,0.34865337956327197
coverage_true,integrated_volume_epistemic,40,39.6,0.48163113494466747,0.34865337956327197
coverage_true,integrated_volume_epistemic,41,40.55,0.47334908708444245,0.34865337956327197
coverage_true,integrated_volume_epistemic,42,41.55,0.46434020167066964,0.34865337956327197
coverage_true,integrated_volume_epistemic,43,42.55,0.45501762642456745,0.34865337956327197
coverage_true,integrated_volume_epistemic,44,43.55,0.4453646247732973,0.34865337956327197
coverage_true,integrated_volume_epistemic,45,44.55,0.43536352044821686,0.34865337956327197
coverage_true,integrated_volume_epistemic,46,45.49999999999999,0.42552268211607414,0.34865337956327197
coverage_true,integrated_volume_epistemic,47,46.5,0.4147863821653523,0.34865337956327197
coverage_true,integrated_volume_epistemic,48,47.5,0.40364115097916997,0.34865337956327197
coverage_true,integrated_volume_epistemic,49,48.5,0.39206323936011733,0.34865337956327197
coverage_true,integrated_volume_epistemic,50,49.5,0.38002664965556676,0.34865337956327197
coverage_true,integrated_volume_epistemic,51,50.449999999999996,0.36814177142439025,0.34865337956327197
coverage_true,integrated_volume_epistemic,52,51.449999999999996,0.3551288637396307,0.34865337956327197
coverage_true,integrated_volume_epistemic,53,52.449999999999996,0.34156854227128985,0.34865337956327197
coverage_true,integrated_volume_epistemic,54,53.449999999999996,0.3274256076356735,0.34865337956327197
coverage_true,integrated_volume_epistemic,55,54.449999999999996,0.3137046112899916,0.34865337956327197
coverage_true,integrated_volume_epistemic,56,55.400000000000006,0.3001532867531127,0.34865337956327197
coverage_true,integrated_volume_epistemic,57,56.400000000000006,0.28519311004604,0.34865337956327197
coverage_true,integrated_volume_epistemic,58,57.400000000000006,0.271760257119788,0.34865337956327197
coverage_true,integrated_volume_epistemic,59,58.400000000000006,0.2576820398749385,0.34865337956327197
coverage_true,integrated_volume_epistemic,60,59.4,0.24758980313903894,0.34865337956327197
coverage_true,integrated_volume_epistemic,61,60.349999999999994,0.23914771450953515,0.34865337956327197
coverage_true,integrated_volume_epistemic,62,61.349999999999994,0.23298223963942827,0.34865337956327197
coverage_true,integrated_volume_epistemic,63,62.349999999999994,0.22144350174849287,0.34865337956327197
coverage_true,integrated_volume_epistemic,64,63.349999999999994,0.21186665091500526,0.34865337956327197
coverage_true,integrated_volume_epistemic,65,64.35,0.20308496829108308,0.34865337956327197
coverage_true,integrated_volume_epistemic,66,65.3,0.19358919742976805,0.34865337956327197
coverage_true,integrated_volume_epistemic,67,66.3,0.18657565492201764,0.34865337956327197
coverage_true,integrated_volume_epistemic,68,67.30000000000001,0.171871065738191,0.34865337956327197
coverage_true,integrated_volume_epistemic,69,68.30000000000001,0.15773697655091914,0.34865337956327197
coverage_true,integrated_volume_epistemic,70,69.30000000000001,0.14268209979444385,0.34865337956327197
coverage_true,integrated_volume_epistemic,71,70.25,0.12488821546722526,0.34865337956327197
coverage_true,integrated_volume_epistemic,72,71.25,0.10601769352754102,0.34865337956327197
coverage_true,integrated_volume_epistemic,73,72.24999999999999,0.08071267980335098,0.34865337956327197
coverage_true,integrated_volume_epistemic,74,73.25,0.07127047935527321,0.34865337956327197
coverage_true,integrated_volume_epistemic,75,74.25,0.0576001424990755,0.34865337956327197
coverage_true,integrated_volume_epistemic,76,75.2,0.05063426451393356,0.34865337956327197
coverage_true,integrated_volume_epistemic,77,76.2,0.04323899773594682,0.34865337956327197
coverage_true,integrated_volume_epistemic,78,77.2,0.04173651507015018,0.34865337956327197
coverage_true,integrated_volume_epistemic,79,78.2,0.04235123628332112,0.34865337956327197
coverage_true,integrated_volume_epistemic,80,79.2,0.043185255847243885,0.34865337956327197
coverage_true,integrated_volume_epistemic,81,80.15,0.04395049857397086,0.34865337956327197
coverage_true,integrated_volume_epistemic,82,81.15,0.0448672565360714,0.34865337956327197
coverage_true,integrated_volume_epistemic,83,82.15,0.045700067868194624,0.34865337956327197
coverage_true,integrated_volume_epistemic,84,83.15,0.04653285789643642,0.34865337956327197
coverage_true,integrated_volume_epistemic,85,84.15,0.047680950342708514,0.34865337956327197
coverage_true,integrated_volume_epistemic,86,85.1,0.0486516236978949,0.34865337956327197
coverage_true,integrated_volume_epistemic,87,86.1,0.04927422511029301,0.34865337956327197
coverage_true,integrated_volume_epistemic,88,87.1,0.04986420801029949,0.34865337956327197
coverage_true,integrated_volume_epistemic,89,88.1,0.0499933538734505,0.34865337956327197
coverage_true,integrated_volume_epistemic,90,89.1,0.049993353873450504,0.34865337956327197
coverage_true,integrated_volume_epistemic,91,90.05,0.0499933538734505,0.34865337956327197
coverage_true,integrated_volume_epistemic,92,91.05,0.049993353873450504,0.34865337956327197
coverage_true,integrated_volume_epistemic,93,92.05,0.0499933538734505,0.34865337956327197
coverage_true,integrated_volume_epistemic,94,93.05,0.049993353873450504,0.34865337956327197
coverage_true,integrated_volume_epistemic,95,94.05,0.04999335387345049,0.34865337956327197
coverage_true,integrated_volume_epistemic,96,95.0,0.0499933538734505,0.34865337956327197
coverage_true,integrated_volume_epistemic,97,96.0,0.049993353873450504,0.34865337956327197
coverage_true,integrated_volume_epistemic,98,97.0,0.04999335387345051,0.34865337956327197
coverage_true,integrated_volume_epistemic,99,98.0,0.04999335387345051,0.34865337956327197
coverage_true,integrated_volume_epistemic,100,99.0,0.04999335387345051,0.34865337956327197
