metric,measure,point_index,abstention,risk,aurc
coverage_est,differential_entropy_total,0,0.0,0.590103477532506,0.5927414410997498
coverage_est,differential_entropy_total,1,0.9499999999999953,0.5893407133724233,0.5927414410997498
coverage_est,differential_entropy_total,2,1.9499999999999962,0.5885198805518869,0.5927414410997498
coverage_est,differential_entropy_total,3,2.949999999999997,0.5883839797063453,0.5927414410997498
coverage_est,differential_entropy_total,4,3.949999999999998,0.5876618833248057,0.5927414410997498
coverage_est,differential_entropy_total,5,4.949999999999999,0.5872779144454265,0.5927414410997498
coverage_est,differential_entropy_total,6,5.900000000000006,0.5867031761118755,0.5927414410997498
coverage_est,differential_entropy_total,7,6.899999999999995,0.5860402496479705,0.5927414410997498
coverage_est,differential_entropy_total,8,7.899999999999996,0.5853729121261211,0.5927414410997498
coverage_est,differential_entropy_total,9,8.899999999999997,0.5852993691648201,0.5927414410997498
coverage_est,differential_entropy_total,10,9.899999999999999,0.5848081327880174,0.5927414410997498
coverage_est,differential_entropy_total,11,10.850000000000005,0.584577221187019,0.5927414410997498
coverage_est,differential_entropy_total,12,11.850000000000005,0.583080467061228,0.5927414410997498
coverage_est,differential_entropy_total,13,12.849999999999994,0.5826645903415665,0.5927414410997498
coverage_est,differential_entropy_total,14,13.849999999999996,0.5828157680076669,0.5927414410997498
coverage_est,differential_entropy_total,15,14.849999999999996,0.5820922155532972,0.5927414410997498
coverage_est,differential_entropy_total,16,15.800000000000002,0.5814962435102516,0.5927414410997498
coverage_est,differential_entropy_total,17,16.800000000000004,0.580964489334559,0.5927414410997498
coverage_est,differential_entropy_total,18,17.800000000000004,0.5802952813152478,0.5927414410997498
coverage_est,differential_entropy_total,19,18.799999999999994,0.5784909888966508,0.5927414410997498
coverage_est,differential_entropy_total,20,19.799999999999997,0.5773985887493878,0.5927414410997498
coverage_est,differential_entropy_total,21,20.75,0.5765823465050206,0.5927414410997498
coverage_est,differential_entropy_total,22,21.750000000000004,0.5756902750947759,0.5927414410997498
coverage_est,differential_entropy_total,23,22.750000000000004,0.5747860177722972,0.5927414410997498
coverage_est,differential_entropy_total,24,23.750000000000004,0.5736279127427533,0.5927414410997498
coverage_est,differential_entropy_total,25,24.750000000000007,0.5729935438047774,0.5927414410997498
coverage_est,differential_entropy_total,26,25.7,0.5717902823511498,0.5927414410997498
coverage_est,differential_entropy_total,27,26.700000000000003,0.5707307365316707,0.5927414410997498
coverage_est,differential_entropy_total,28,27.700000000000003,0.5693460366467855,0.5927414410997498
coverage_est,differential_entropy_total,29,28.700000000000003,0.5688442323154211,0.5927414410997498
coverage_est,differential_entropy_total,30,29.700000000000003,0.5680421187063919,0.5927414410997498
coverage_est,differential_entropy_total,31,30.65,0.5670424574398965,0.5927414410997498
coverage_est,differential_entropy_total,32,31.65,0.5654179497868121,0.5927414410997498
coverage_est,differential_entropy_total,33,32.65,0.5651646125203349,0.5927414410997498
coverage_est,differential_entropy_total,34,33.650000000000006,0.5638182909972622,0.5927414410997498
coverage_est,differential_entropy_total,35,34.650000000000006,0.5626533609385187,0.5927414410997498
coverage_est,differential_entropy_total,36,35.6,0.5651323678012103,0.5927414410997498
coverage_est,differential_entropy_total,37,36.6,0.5651322106843113,0.5927414410997498
coverage_est,differential_entropy_total,38,37.6,0.5665153058974683,0.5927414410997498
coverage_est,differential_entropy_total,39,38.6,0.5706377642999528,0.5927414410997498
coverage_est,differential_entropy_total,40,39.6,0.5713416240650968,0.5927414410997498
coverage_est,differential_entropy_total,41,40.55,0.5746130322538827,0.5927414410997498
coverage_est,differential_entropy_total,42,41.55,0.5756289985907956,0.5927414410997498
coverage_est,differential_entropy_total,43,42.55,0.5765381090542128,0.5927414410997498
coverage_est,differential_entropy_total,44,43.55,0.5774431077485348,0.5927414410997498
coverage_est,differential_entropy_total,45,44.55,0.5796598029205132,0.5927414410997498
coverage_est,differential_entropy_total,46,45.49999999999999,0.580626095063583,0.5927414410997498
coverage_est,differential_entropy_total,47,46.5,0.5805054622184276,0.5927414410997498
coverage_est,differential_entropy_total,48,47.5,0.5827560019180777,0.5927414410997498
coverage_est,differential_entropy_total,49,48.5,0.5854394762858874,0.5927414410997498
coverage_est,differential_entropy_total,50,49.5,0.5865576506885875,0.5927414410997498
coverage_est,differential_entropy_total,51,50.449999999999996,0.5887064690569644,0.5927414410997498
coverage_est,differential_entropy_total,52,51.449999999999996,0.5901114511320296,0.5927414410997498
coverage_est,differential_entropy_total,53,52.449999999999996,0.5931192212316059,0.5927414410997498
coverage_est,differential_entropy_total,54,53.449999999999996,0.5934850469428408,0.5927414410997498
coverage_est,differential_entropy_total,55,54.449999999999996,0.5955435449467721,0.5927414410997498
coverage_est,differential_entropy_total,56,55.400000000000006,0.5972448880909693,0.5927414410997498
coverage_est,differential_entropy_total,57,56.400000000000006,0.5997906093418189,0.5927414410997498
coverage_est,differential_entropy_total,58,57.400000000000006,0.6036899674269074,0.5927414410997498
coverage_est,differential_entropy_total,59,58.400000000000006,0.6063243399814616,0.5927414410997498
coverage_est,differential_entropy_total,60,59.4,0.6074339638563582,0.5927414410997498
coverage_est,differential_entropy_total,61,60.349999999999994,0.6105671591028363,0.5927414410997498
coverage_est,differential_entropy_total,62,61.349999999999994,0.6126222726368982,0.5927414410997498
coverage_est,differential_entropy_total,63,62.349999999999994,0.6134592127092664,0.5927414410997498
coverage_est,differential_entropy_total,64,63.349999999999994,0.614254507309073,0.5927414410997498
coverage_est,differential_entropy_total,65,64.35,0.6196439525326032,0.5927414410997498
coverage_est,differential_entropy_total,66,65.3,0.6218646203244833,0.5927414410997498
coverage_est,differential_entropy_total,67,66.3,0.6237445294308774,0.5927414410997498
coverage_est,differential_entropy_total,68,67.30000000000001,0.6255230316760889,0.5927414410997498
coverage_est,differential_entropy_total,69,68.30000000000001,0.6243808148713378,0.5927414410997498
coverage_est,differential_entropy_total,70,69.30000000000001,0.6275852696499609,0.5927414410997498
coverage_est,differential_entropy_total,71,70.25,0.6319565753685892,0.5927414410997498
coverage_est,differential_entropy_total,72,71.25,0.6306033382774836,0.5927414410997498
coverage_est,differential_entropy_total,73,72.24999999999999,0.6331666263478699,0.5927414410997498
coverage_est,differential_entropy_total,74,73.25,0.6333087327563538,0.5927414410997498
coverage_est,differential_entropy_total,75,74.25,0.6342647784879871,0.5927414410997498
coverage_est,differential_entropy_total,76,75.2,0.6322238050239217,0.5927414410997498
coverage_est,differential_entropy_total,77,76.2,0.6320217848804426,0.5927414410997498
coverage_est,differential_entropy_total,78,77.2,0.6319306103347915,0.5927414410997498
coverage_est,differential_entropy_total,79,78.2,0.631186528395171,0.5927414410997498
coverage_est,differential_entropy_total,80,79.2,0.6313794850654952,0.5927414410997498
coverage_est,differential_entropy_total,81,80.15,0.6291134015981628,0.5927414410997498
coverage_est,differential_entropy_total,82,81.15,0.6284373721546761,0.5927414410997498
coverage_est,differential_entropy_total,83,82.15,0.6276092282082583,0.5927414410997498
coverage_est,differential_entropy_total,84,83.15,0.6269660368004379,0.5927414410997498
coverage_est,differential_entropy_total,85,84.15,0.6303014609673758,0.5927414410997498
coverage_est,differential_entropy_total,86,85.1,0.6310489751110347,0.5927414410997498
coverage_est,differential_entropy_total,87,86.1,0.6281278783264878,0.5927414410997498
coverage_est,differential_entropy_total,88,87.1,0.6285780122932163,0.5927414410997498
coverage_est,differential_entropy_total,89,88.1,0.627246292232631,0.5927414410997498
coverage_est,differential_entropy_total,90,89.1,0.6250930647649681,0.5927414410997498
coverage_est,differential_entropy_total,91,90.05,0.6227503085013251,0.5927414410997498
coverage_est,differential_entropy_total,92,91.05,0.6264270963455376,0.5927414410997498
coverage_est,differential_entropy_total,93,92.05,0.6250443005334818,0.5927414410997498
coverage_est,differential_entropy_total,94,93.05,0.6239203715815342,0.5927414410997498
coverage_est,differential_entropy_total,95,94.05,0.6227358106282896,0.5927414410997498
coverage_est,differential_entropy_total,96,95.0,0.6300586198658434,0.5927414410997498
coverage_est,differential_entropy_total,97,96.0,0.6223483735864653,0.5927414410997498
coverage_est,differential_entropy_total,98,97.0,0.6196252262147783,0.5927414410997498
coverage_est,differential_entropy_total,99,98.0,0.6302148631603827,0.5927414410997498
coverage_est,differential_entropy_total,100,99.0,0.6244520105438377,0.5927414410997498
coverage_est,differential_entropy_aleatoric,0,0.0,0.590103477532506,0.5909743887564016
coverage_est,differential_entropy_aleatoric,1,0.9499999999999953,0.5893407133724233,0.5909743887564016
coverage_est,differential_entropy_aleatoric,2,1.9499999999999962,0.5885198805518869,0.5909743887564016
coverage_est,differential_entropy_aleatoric,3,2.949999999999997,0.5883839797063453,0.5909743887564016
coverage_est,differential_entropy_aleatoric,4,3.949999999999998,0.5876618833248057,0.5909743887564016
coverage_est,differential_entropy_aleatoric,5,4.949999999999999,0.5872779144454265,0.5909743887564016
coverage_est,differential_entropy_aleatoric,6,5.900000000000006,0.5867031761118755,0.5909743887564016
coverage_est,differential_entropy_aleatoric,7,6.899999999999995,0.5860402496479704,0.5909743887564016
coverage_est,differential_entropy_aleatoric,8,7.899999999999996,0.5853729121261211,0.5909743887564016
coverage_est,differential_entropy_aleatoric,9,8.899999999999997,0.5852993691648198,0.5909743887564016
coverage_est,differential_entropy_aleatoric,10,9.899999999999999,0.5848081327880174,0.5909743887564016
coverage_est,differential_entropy_aleatoric,11,10.850000000000005,0.584577221187019,0.5909743887564016
coverage_est,differential_entropy_aleatoric,12,11.850000000000005,0.5830804670612281,0.5909743887564016
coverage_est,differential_entropy_aleatoric,13,12.849999999999994,0.5826645903415665,0.5909743887564016
coverage_est,differential_entropy_aleatoric,14,13.849999999999996,0.5828157680076669,0.5909743887564016
coverage_est,differential_entropy_aleatoric,15,14.849999999999996,0.5820922155532972,0.5909743887564016
coverage_est,differential_entropy_aleatoric,16,15.800000000000002,0.5814962435102516,0.5909743887564016
coverage_est,differential_entropy_aleatoric,17,16.800000000000004,0.580964489334559,0.5909743887564016
coverage_est,differential_entropy_aleatoric,18,17.800000000000004,0.5802952813152478,0.5909743887564016
coverage_est,differential_entropy_aleatoric,19,18.799999999999994,0.5784909888966508,0.5909743887564016
coverage_est,differential_entropy_aleatoric,20,19.799999999999997,0.5773985887493878,0.5909743887564016
coverage_est,differential_entropy_aleatoric,21,20.75,0.5765823465050206,0.5909743887564016
coverage_est,differential_entropy_aleatoric,22,21.750000000000004,0.5756902750947759,0.5909743887564016
coverage_est,differential_entropy_aleatoric,23,22.750000000000004,0.5747860177722972,0.5909743887564016
coverage_est,differential_entropy_aleatoric,24,23.750000000000004,0.5736279127427533,0.5909743887564016
coverage_est,differential_entropy_aleatoric,25,24.750000000000007,0.5729935438047774,0.5909743887564016
coverage_est,differential_entropy_aleatoric,26,25.7,0.5717902823511499,0.5909743887564016
coverage_est,differential_entropy_aleatoric,27,26.700000000000003,0.5707307365316707,0.5909743887564016
coverage_est,differential_entropy_aleatoric,28,27.700000000000003,0.5693460366467855,0.5909743887564016
coverage_est,differential_entropy_aleatoric,29,28.700000000000003,0.5688442323154211,0.5909743887564016
coverage_est,differential_entropy_aleatoric,30,29.700000000000003,0.5680421187063919,0.5909743887564016
coverage_est,differential_entropy_aleatoric,31,30.65,0.5670424574398965,0.5909743887564016
coverage_est,differential_entropy_aleatoric,32,31.65,0.5654179497868121,0.5909743887564016
coverage_est,differential_entropy_aleatoric,33,32.65,0.5651646125203349,0.5909743887564016
coverage_est,differential_entropy_aleatoric,34,33.650000000000006,0.5638182909972622,0.5909743887564016
coverage_est,differential_entropy_aleatoric,35,34.650000000000006,0.5626533609385187,0.5909743887564016
coverage_est,differential_entropy_aleatoric,36,35.6,0.5651323678012103,0.5909743887564016
coverage_est,differential_entropy_aleatoric,37,36.6,0.5651322106843113,0.5909743887564016
coverage_est,differential_entropy_aleatoric,38,37.6,0.5665153058974683,0.5909743887564016
coverage_est,differential_entropy_aleatoric,39,38.6,0.5706377642999528,0.5909743887564016
coverage_est,differential_entropy_aleatoric,40,39.6,0.5713416240650968,0.5909743887564016
coverage_est,differential_entropy_aleatoric,41,40.55,0.5746130322538827,0.5909743887564016
coverage_est,differential_entropy_aleatoric,42,41.55,0.5756289985907956,0.5909743887564016
coverage_est,differential_entropy_aleatoric,43,42.55,0.5765381090542128,0.5909743887564016
coverage_est,differential_entropy_aleatoric,44,43.55,0.5774431077485348,0.5909743887564016
coverage_est,differential_entropy_aleatoric,45,44.55,0.5796598029205133,0.5909743887564016
coverage_est,differential_entropy_aleatoric,46,45.49999999999999,0.580626095063583,0.5909743887564016
coverage_est,differential_entropy_aleatoric,47,46.5,0.5805054622184276,0.5909743887564016
coverage_est,differential_entropy_aleatoric,48,47.5,0.5827560019180777,0.5909743887564016
coverage_est,differential_entropy_aleatoric,49,48.5,0.5854394762858874,0.5909743887564016
coverage_est,differential_entropy_aleatoric,50,49.5,0.5865576506885875,0.5909743887564016
coverage_est,differential_entropy_aleatoric,51,50.449999999999996,0.5887064690569644,0.5909743887564016
coverage_est,differential_entropy_aleatoric,52,51.449999999999996,0.5901114511320296,0.5909743887564016
coverage_est,differential_entropy_aleatoric,53,52.449999999999996,0.5931192212316059,0.5909743887564016
coverage_est,differential_entropy_aleatoric,54,53.449999999999996,0.5934850469428408,0.5909743887564016
coverage_est,differential_entropy_aleatoric,55,54.449999999999996,0.5955435449467722,0.5909743887564016
coverage_est,differential_entropy_aleatoric,56,55.400000000000006,0.5972448880909693,0.5909743887564016
coverage_est,differential_entropy_aleatoric,57,56.400000000000006,0.5997906093418189,0.5909743887564016
coverage_est,differential_entropy_aleatoric,58,57.400000000000006,0.6036899674269074,0.5909743887564016
coverage_est,differential_entropy_aleatoric,59,58.400000000000006,0.6063243399814616,0.5909743887564016
coverage_est,differential_entropy_aleatoric,60,59.4,0.6074339638563582,0.5909743887564016
coverage_est,differential_entropy_aleatoric,61,60.349999999999994,0.6105671591028363,0.5909743887564016
coverage_est,differential_entropy_aleatoric,62,61.349999999999994,0.6126222726368982,0.5909743887564016
coverage_est,differential_entropy_aleatoric,63,62.349999999999994,0.6134592127092665,0.5909743887564016
coverage_est,differential_entropy_aleatoric,64,63.349999999999994,0.614254507309073,0.5909743887564016
coverage_est,differential_entropy_aleatoric,65,64.35,0.6196439525326031,0.5909743887564016
coverage_est,differential_entropy_aleatoric,66,65.3,0.6246932172638673,0.5909743887564016
coverage_est,differential_entropy_aleatoric,67,66.3,0.6270548065633899,0.5909743887564016
coverage_est,differential_entropy_aleatoric,68,67.30000000000001,0.6303887252425542,0.5909743887564016
coverage_est,differential_entropy_aleatoric,69,68.30000000000001,0.6300863602449299,0.5909743887564016
coverage_est,differential_entropy_aleatoric,70,69.30000000000001,0.6275728521254894,0.5909743887564016
coverage_est,differential_entropy_aleatoric,71,70.25,0.6272297122275448,0.5909743887564016
coverage_est,differential_entropy_aleatoric,72,71.25,0.6244999386433363,0.5909743887564016
coverage_est,differential_entropy_aleatoric,73,72.24999999999999,0.625256823734785,0.5909743887564016
coverage_est,differential_entropy_aleatoric,74,73.25,0.6252987510169163,0.5909743887564016
coverage_est,differential_entropy_aleatoric,75,74.25,0.6229726880039768,0.5909743887564016
coverage_est,differential_entropy_aleatoric,76,75.2,0.624728981793554,0.5909743887564016
coverage_est,differential_entropy_aleatoric,77,76.2,0.6246758958399534,0.5909743887564016
coverage_est,differential_entropy_aleatoric,78,77.2,0.6247114315614173,0.5909743887564016
coverage_est,differential_entropy_aleatoric,79,78.2,0.6246873709972627,0.5909743887564016
coverage_est,differential_entropy_aleatoric,80,79.2,0.6233153366758425,0.5909743887564016
coverage_est,differential_entropy_aleatoric,81,80.15,0.6245875400054597,0.5909743887564016
coverage_est,differential_entropy_aleatoric,82,81.15,0.6253959375537448,0.5909743887564016
coverage_est,differential_entropy_aleatoric,83,82.15,0.625322590910508,0.5909743887564016
coverage_est,differential_entropy_aleatoric,84,83.15,0.6237141239384651,0.5909743887564016
coverage_est,differential_entropy_aleatoric,85,84.15,0.6245327478904474,0.5909743887564016
coverage_est,differential_entropy_aleatoric,86,85.1,0.6236037066990292,0.5909743887564016
coverage_est,differential_entropy_aleatoric,87,86.1,0.6214919212424603,0.5909743887564016
coverage_est,differential_entropy_aleatoric,88,87.1,0.6193728652597552,0.5909743887564016
coverage_est,differential_entropy_aleatoric,89,88.1,0.6173114913705885,0.5909743887564016
coverage_est,differential_entropy_aleatoric,90,89.1,0.6194198545962003,0.5909743887564016
coverage_est,differential_entropy_aleatoric,91,90.05,0.6190997058491107,0.5909743887564016
coverage_est,differential_entropy_aleatoric,92,91.05,0.6177789322976476,0.5909743887564016
coverage_est,differential_entropy_aleatoric,93,92.05,0.6172689188210391,0.5909743887564016
coverage_est,differential_entropy_aleatoric,94,93.05,0.6131631423451087,0.5909743887564016
coverage_est,differential_entropy_aleatoric,95,94.05,0.6120032896972459,0.5909743887564016
coverage_est,differential_entropy_aleatoric,96,95.0,0.6109974296788361,0.5909743887564016
coverage_est,differential_entropy_aleatoric,97,96.0,0.623722921826602,0.5909743887564016
coverage_est,differential_entropy_aleatoric,98,97.0,0.6183447507987767,0.5909743887564016
coverage_est,differential_entropy_aleatoric,99,98.0,0.6203875262759541,0.5909743887564016
coverage_est,differential_entropy_aleatoric,100,99.0,0.6389504557795511,0.5909743887564016
coverage_est,differential_entropy_epistemic,0,0.0,0.590103477532506,0.6009359478890455
coverage_est,differential_entropy_epistemic,1,0.9499999999999953,0.5896091498535345,0.6009359478890455
coverage_est,differential_entropy_epistemic,2,1.9499999999999962,0.5891804880007362,0.6009359478890455
coverage_est,differential_entropy_epistemic,3,2.949999999999997,0.588998869309745,0.6009359478890455
coverage_est,differential_entropy_epistemic,4,3.949999999999998,0.5880106291479821,0.6009359478890455
coverage_est,differential_entropy_epistemic,5,4.949999999999999,0.587722456600099,0.6009359478890455
coverage_est,differential_entropy_epistemic,6,5.900000000000006,0.5873253962594085,0.6009359478890455
coverage_est,differential_entropy_epistemic,7,6.899999999999995,0.5869984095369215,0.6009359478890455
coverage_est,differential_entropy_epistemic,8,7.899999999999996,0.5862109269400695,0.6009359478890455
coverage_est,differential_entropy_epistemic,9,8.899999999999997,0.5852704755344055,0.6009359478890455
coverage_est,differential_entropy_epistemic,10,9.899999999999999,0.5859633217894393,0.6009359478890455
coverage_est,differential_entropy_epistemic,11,10.850000000000005,0.5853549854861047,0.6009359478890455
coverage_est,differential_entropy_epistemic,12,11.850000000000005,0.5849427196482997,0.6009359478890455
coverage_est,differential_entropy_epistemic,13,12.849999999999994,0.5842676726164938,0.6009359478890455
coverage_est,differential_entropy_epistemic,14,13.849999999999996,0.5834284455814545,0.6009359478890455
coverage_est,differential_entropy_epistemic,15,14.849999999999996,0.5828882768443406,0.6009359478890455
coverage_est,differential_entropy_epistemic,16,15.800000000000002,0.5827941375426289,0.6009359478890455
coverage_est,differential_entropy_epistemic,17,16.800000000000004,0.5825093636571363,0.6009359478890455
coverage_est,differential_entropy_epistemic,18,17.800000000000004,0.5819781137891316,0.6009359478890455
coverage_est,differential_entropy_epistemic,19,18.799999999999994,0.5812435947814761,0.6009359478890455
coverage_est,differential_entropy_epistemic,20,19.799999999999997,0.5807882738037907,0.6009359478890455
coverage_est,differential_entropy_epistemic,21,20.75,0.5798869915295218,0.6009359478890455
coverage_est,differential_entropy_epistemic,22,21.750000000000004,0.5786908004811085,0.6009359478890455
coverage_est,differential_entropy_epistemic,23,22.750000000000004,0.5775168627940714,0.6009359478890455
coverage_est,differential_entropy_epistemic,24,23.750000000000004,0.5774091043677988,0.6009359478890455
coverage_est,differential_entropy_epistemic,25,24.750000000000007,0.5769926869442806,0.6009359478890455
coverage_est,differential_entropy_epistemic,26,25.7,0.57639530024134,0.6009359478890455
coverage_est,differential_entropy_epistemic,27,26.700000000000003,0.5766635460965139,0.6009359478890455
coverage_est,differential_entropy_epistemic,28,27.700000000000003,0.5773731949337088,0.6009359478890455
coverage_est,differential_entropy_epistemic,29,28.700000000000003,0.5786322517110184,0.6009359478890455
coverage_est,differential_entropy_epistemic,30,29.700000000000003,0.5803562971422584,0.6009359478890455
coverage_est,differential_entropy_epistemic,31,30.65,0.5809251990251058,0.6009359478890455
coverage_est,differential_entropy_epistemic,32,31.65,0.5829835843559217,0.6009359478890455
coverage_est,differential_entropy_epistemic,33,32.65,0.5827001489160454,0.6009359478890455
coverage_est,differential_entropy_epistemic,34,33.650000000000006,0.5836851334124175,0.6009359478890455
coverage_est,differential_entropy_epistemic,35,34.650000000000006,0.5828773188610795,0.6009359478890455
coverage_est,differential_entropy_epistemic,36,35.6,0.5842940126796331,0.6009359478890455
coverage_est,differential_entropy_epistemic,37,36.6,0.5855014260033121,0.6009359478890455
coverage_est,differential_entropy_epistemic,38,37.6,0.5866752615985318,0.6009359478890455
coverage_est,differential_entropy_epistemic,39,38.6,0.5864146138974992,0.6009359478890455
coverage_est,differential_entropy_epistemic,40,39.6,0.5871169483158679,0.6009359478890455
coverage_est,differential_entropy_epistemic,41,40.55,0.5898775657239416,0.6009359478890455
coverage_est,differential_entropy_epistemic,42,41.55,0.5927108443193952,0.6009359478890455
coverage_est,differential_entropy_epistemic,43,42.55,0.5944187143672653,0.6009359478890455
coverage_est,differential_entropy_epistemic,44,43.55,0.5964400607393588,0.6009359478890455
coverage_est,differential_entropy_epistemic,45,44.55,0.5963122244842626,0.6009359478890455
coverage_est,differential_entropy_epistemic,46,45.49999999999999,0.5975705810958087,0.6009359478890455
coverage_est,differential_entropy_epistemic,47,46.5,0.5987421057370839,0.6009359478890455
coverage_est,differential_entropy_epistemic,48,47.5,0.5999880628922376,0.6009359478890455
coverage_est,differential_entropy_epistemic,49,48.5,0.6017933682332507,0.6009359478890455
coverage_est,differential_entropy_epistemic,50,49.5,0.6033872091438871,0.6009359478890455
coverage_est,differential_entropy_epistemic,51,50.449999999999996,0.6038200557887992,0.6009359478890455
coverage_est,differential_entropy_epistemic,52,51.449999999999996,0.604946478475445,0.6009359478890455
coverage_est,differential_entropy_epistemic,53,52.449999999999996,0.6066790896758152,0.6009359478890455
coverage_est,differential_entropy_epistemic,54,53.449999999999996,0.6084843934793731,0.6009359478890455
coverage_est,differential_entropy_epistemic,55,54.449999999999996,0.608393371665931,0.6009359478890455
coverage_est,differential_entropy_epistemic,56,55.400000000000006,0.6076599030857512,0.6009359478890455
coverage_est,differential_entropy_epistemic,57,56.400000000000006,0.6076574108721962,0.6009359478890455
coverage_est,differential_entropy_epistemic,58,57.400000000000006,0.6120112395016282,0.6009359478890455
coverage_est,differential_entropy_epistemic,59,58.400000000000006,0.615015110778973,0.6009359478890455
coverage_est,differential_entropy_epistemic,60,59.4,0.618267504171848,0.6009359478890455
coverage_est,differential_entropy_epistemic,61,60.349999999999994,0.6229768783859094,0.6009359478890455
coverage_est,differential_entropy_epistemic,62,61.349999999999994,0.6258090221433686,0.6009359478890455
coverage_est,differential_entropy_epistemic,63,62.349999999999994,0.6278439569143741,0.6009359478890455
coverage_est,differential_entropy_epistemic,64,63.349999999999994,0.6276569544936959,0.6009359478890455
coverage_est,differential_entropy_epistemic,65,64.35,0.625943676910134,0.6009359478890455
coverage_est,differential_entropy_epistemic,66,65.3,0.625495817073221,0.6009359478890455
coverage_est,differential_entropy_epistemic,67,66.3,0.6259413026964574,0.6009359478890455
coverage_est,differential_entropy_epistemic,68,67.30000000000001,0.6311842685129145,0.6009359478890455
coverage_est,differential_entropy_epistemic,69,68.30000000000001,0.6348357789928867,0.6009359478890455
coverage_est,differential_entropy_epistemic,70,69.30000000000001,0.6358409649324468,0.6009359478890455
coverage_est,differential_entropy_epistemic,71,70.25,0.6390152780536461,0.6009359478890455
coverage_est,differential_entropy_epistemic,72,71.25,0.6389407159080844,0.6009359478890455
coverage_est,differential_entropy_epistemic,73,72.24999999999999,0.6389898445119336,0.6009359478890455
coverage_est,differential_entropy_epistemic,74,73.25,0.6403515643958666,0.6009359478890455
coverage_est,differential_entropy_epistemic,75,74.25,0.6394125466737139,0.6009359478890455
coverage_est,differential_entropy_epistemic,76,75.2,0.6378326410443047,0.6009359478890455
coverage_est,differential_entropy_epistemic,77,76.2,0.6371722229608212,0.6009359478890455
coverage_est,differential_entropy_epistemic,78,77.2,0.6359621475505924,0.6009359478890455
coverage_est,differential_entropy_epistemic,79,78.2,0.6383446351036424,0.6009359478890455
coverage_est,differential_entropy_epistemic,80,79.2,0.6380310194845802,0.6009359478890455
coverage_est,differential_entropy_epistemic,81,80.15,0.6400282826309704,0.6009359478890455
coverage_est,differential_entropy_epistemic,82,81.15,0.6382557413574681,0.6009359478890455
coverage_est,differential_entropy_epistemic,83,82.15,0.6373826800791393,0.6009359478890455
coverage_est,differential_entropy_epistemic,84,83.15,0.6374497626641753,0.6009359478890455
coverage_est,differential_entropy_epistemic,85,84.15,0.6353331972220363,0.6009359478890455
coverage_est,differential_entropy_epistemic,86,85.1,0.6349952051743945,0.6009359478890455
coverage_est,differential_entropy_epistemic,87,86.1,0.6341778753076046,0.6009359478890455
coverage_est,differential_entropy_epistemic,88,87.1,0.6314401622982905,0.6009359478890455
coverage_est,differential_entropy_epistemic,89,88.1,0.6318897572708004,0.6009359478890455
coverage_est,differential_entropy_epistemic,90,89.1,0.6375556071603712,0.6009359478890455
coverage_est,differential_entropy_epistemic,91,90.05,0.6390385460208947,0.6009359478890455
coverage_est,differential_entropy_epistemic,92,91.05,0.6448451713931801,0.6009359478890455
coverage_est,differential_entropy_epistemic,93,92.05,0.6406934447769191,0.6009359478890455
coverage_est,differential_entropy_epistemic,94,93.05,0.6374928892213628,0.6009359478890455
coverage_est,differential_entropy_epistemic,95,94.05,0.6350600501855015,0.6009359478890455
coverage_est,differential_entropy_epistemic,96,95.0,0.6230445543253352,0.6009359478890455
coverage_est,differential_entropy_epistemic,97,96.0,0.6242242931308328,0.6009359478890455
coverage_est,differential_entropy_epistemic,98,97.0,0.625472351770941,0.6009359478890455
coverage_est,differential_entropy_epistemic,99,98.0,0.6241717894198505,0.6009359478890455
coverage_est,differential_entropy_epistemic,100,99.0,0.5841318809907194,0.6009359478890455
coverage_est,variance_total,0,0.0,0.590103477532506,0.5927414410997498
coverage_est,variance_total,1,0.9499999999999953,0.5893407133724233,0.5927414410997498
coverage_est,variance_total,2,1.9499999999999962,0.5885198805518869,0.5927414410997498
coverage_est,variance_total,3,2.949999999999997,0.5883839797063453,0.5927414410997498
coverage_est,variance_total,4,3.949999999999998,0.5876618833248057,0.5927414410997498
coverage_est,variance_total,5,4.949999999999999,0.5872779144454265,0.5927414410997498
coverage_est,variance_total,6,5.900000000000006,0.5867031761118755,0.5927414410997498
coverage_est,variance_total,7,6.899999999999995,0.5860402496479705,0.5927414410997498
coverage_est,variance_total,8,7.899999999999996,0.5853729121261211,0.5927414410997498
coverage_est,variance_total,9,8.899999999999997,0.5852993691648201,0.5927414410997498
coverage_est,variance_total,10,9.899999999999999,0.5848081327880174,0.5927414410997498
coverage_est,variance_total,11,10.850000000000005,0.584577221187019,0.5927414410997498
coverage_est,variance_total,12,11.850000000000005,0.583080467061228,0.5927414410997498
coverage_est,variance_total,13,12.849999999999994,0.5826645903415665,0.5927414410997498
coverage_est,variance_total,14,13.849999999999996,0.5828157680076669,0.5927414410997498
coverage_est,variance_total,15,14.849999999999996,0.5820922155532972,0.5927414410997498
coverage_est,variance_total,16,15.800000000000002,0.5814962435102516,0.5927414410997498
coverage_est,variance_total,17,16.800000000000004,0.580964489334559,0.5927414410997498
coverage_est,variance_total,18,17.800000000000004,0.5802952813152478,0.5927414410997498
coverage_est,variance_total,19,18.799999999999994,0.5784909888966508,0.5927414410997498
coverage_est,variance_total,20,19.799999999999997,0.5773985887493878,0.5927414410997498
coverage_est,variance_total,21,20.75,0.5765823465050206,0.5927414410997498
coverage_est,variance_total,22,21.750000000000004,0.5756902750947759,0.5927414410997498
coverage_est,variance_total,23,22.750000000000004,0.5747860177722972,0.5927414410997498
coverage_est,variance_total,24,23.750000000000004,0.5736279127427532,0.5927414410997498
coverage_est,variance_total,25,24.750000000000007,0.5729935438047774,0.5927414410997498
coverage_est,variance_total,26,25.7,0.5717902823511498,0.5927414410997498
coverage_est,variance_total,27,26.700000000000003,0.5707307365316707,0.5927414410997498
coverage_est,variance_total,28,27.700000000000003,0.5693460366467855,0.5927414410997498
coverage_est,variance_total,29,28.700000000000003,0.5688442323154211,0.5927414410997498
coverage_est,variance_total,30,29.700000000000003,0.5680421187063919,0.5927414410997498
coverage_est,variance_total,31,30.65,0.5670424574398965,0.5927414410997498
coverage_est,variance_total,32,31.65,0.5654179497868121,0.5927414410997498
coverage_est,variance_total,33,32.65,0.5651646125203349,0.5927414410997498
coverage_est,variance_total,34,33.650000000000006,0.5638182909972622,0.5927414410997498
coverage_est,variance_total,35,34.650000000000006,0.5626533609385187,0.5927414410997498
coverage_est,variance_total,36,35.6,0.5651323678012103,0.5927414410997498
coverage_est,variance_total,37,36.6,0.5651322106843113,0.5927414410997498
coverage_est,variance_total,38,37.6,0.5665153058974683,0.5927414410997498
coverage_est,variance_total,39,38.6,0.5706377642999528,0.5927414410997498
coverage_est,variance_total,40,39.6,0.5713416240650968,0.5927414410997498
coverage_est,variance_total,41,40.55,0.5746130322538827,0.5927414410997498
coverage_est,variance_total,42,41.55,0.5756289985907956,0.5927414410997498
coverage_est,variance_total,43,42.55,0.5765381090542128,0.5927414410997498
coverage_est,variance_total,44,43.55,0.5774431077485348,0.5927414410997498
coverage_est,variance_total,45,44.55,0.5796598029205132,0.5927414410997498
coverage_est,variance_total,46,45.49999999999999,0.580626095063583,0.5927414410997498
coverage_est,variance_total,47,46.5,0.5805054622184276,0.5927414410997498
coverage_est,variance_total,48,47.5,0.5827560019180777,0.5927414410997498
coverage_est,variance_total,49,48.5,0.5854394762858874,0.5927414410997498
coverage_est,variance_total,50,49.5,0.5865576506885875,0.5927414410997498
coverage_est,variance_total,51,50.449999999999996,0.5887064690569644,0.5927414410997498
coverage_est,variance_total,52,51.449999999999996,0.5901114511320296,0.5927414410997498
coverage_est,variance_total,53,52.449999999999996,0.5931192212316059,0.5927414410997498
coverage_est,variance_total,54,53.449999999999996,0.5934850469428408,0.5927414410997498
coverage_est,variance_total,55,54.449999999999996,0.5955435449467721,0.5927414410997498
coverage_est,variance_total,56,55.400000000000006,0.5972448880909693,0.5927414410997498
coverage_est,variance_total,57,56.400000000000006,0.5997906093418189,0.5927414410997498
coverage_est,variance_total,58,57.400000000000006,0.6036899674269074,0.5927414410997498
coverage_est,variance_total,59,58.400000000000006,0.6063243399814616,0.5927414410997498
coverage_est,variance_total,60,59.4,0.6074339638563582,0.5927414410997498
coverage_est,variance_total,61,60.349999999999994,0.6105671591028363,0.5927414410997498
coverage_est,variance_total,62,61.349999999999994,0.6126222726368982,0.5927414410997498
coverage_est,variance_total,63,62.349999999999994,0.6134592127092665,0.5927414410997498
coverage_est,variance_total,64,63.349999999999994,0.614254507309073,0.5927414410997498
coverage_est,variance_total,65,64.35,0.6196439525326032,0.5927414410997498
coverage_est,variance_total,66,65.3,0.6218646203244833,0.5927414410997498
coverage_est,variance_total,67,66.3,0.6237445294308774,0.5927414410997498
coverage_est,variance_total,68,67.30000000000001,0.6255230316760889,0.5927414410997498
coverage_est,variance_total,69,68.30000000000001,0.6243808148713378,0.5927414410997498
coverage_est,variance_total,70,69.30000000000001,0.6275852696499609,0.5927414410997498
coverage_est,variance_total,71,70.25,0.6319565753685892,0.5927414410997498
coverage_est,variance_total,72,71.25,0.6306033382774836,0.5927414410997498
coverage_est,variance_total,73,72.24999999999999,0.6331666263478699,0.5927414410997498
coverage_est,variance_total,74,73.25,0.6333087327563538,0.5927414410997498
coverage_est,variance_total,75,74.25,0.6342647784879871,0.5927414410997498
coverage_est,variance_total,76,75.2,0.6322238050239217,0.5927414410997498
coverage_est,variance_total,77,76.2,0.6320217848804426,0.5927414410997498
coverage_est,variance_total,78,77.2,0.6319306103347915,0.5927414410997498
coverage_est,variance_total,79,78.2,0.631186528395171,0.5927414410997498
coverage_est,variance_total,80,79.2,0.6313794850654952,0.5927414410997498
coverage_est,variance_total,81,80.15,0.6291134015981628,0.5927414410997498
coverage_est,variance_total,82,81.15,0.6284373721546761,0.5927414410997498
coverage_est,variance_total,83,82.15,0.6276092282082583,0.5927414410997498
coverage_est,variance_total,84,83.15,0.6269660368004379,0.5927414410997498
coverage_est,variance_total,85,84.15,0.6303014609673758,0.5927414410997498
coverage_est,variance_total,86,85.1,0.6310489751110347,0.5927414410997498
coverage_est,variance_total,87,86.1,0.6281278783264878,0.5927414410997498
coverage_est,variance_total,88,87.1,0.6285780122932163,0.5927414410997498
coverage_est,variance_total,89,88.1,0.627246292232631,0.5927414410997498
coverage_est,variance_total,90,89.1,0.6250930647649681,0.5927414410997498
coverage_est,variance_total,91,90.05,0.6227503085013251,0.5927414410997498
coverage_est,variance_total,92,91.05,0.6264270963455376,0.5927414410997498
coverage_est,variance_total,93,92.05,0.6250443005334818,0.5927414410997498
coverage_est,variance_total,94,93.05,0.6239203715815342,0.5927414410997498
coverage_est,variance_total,95,94.05,0.6227358106282896,0.5927414410997498
coverage_est,variance_total,96,95.0,0.6300586198658434,0.5927414410997498
coverage_est,variance_total,97,96.0,0.6223483735864653,0.5927414410997498
coverage_est,variance_total,98,97.0,0.6196252262147783,0.5927414410997498
coverage_est,variance_total,99,98.0,0.6302148631603827,0.5927414410997498
coverage_est,variance_total,100,99.0,0.6244520105438377,0.5927414410997498
coverage_est,variance_aleatoric,0,0.0,0.590103477532506,0.5909743887564016
coverage_est,variance_aleatoric,1,0.9499999999999953,0.5893407133724233,0.5909743887564016
coverage_est,variance_aleatoric,2,1.9499999999999962,0.5885198805518869,0.5909743887564016
coverage_est,variance_aleatoric,3,2.949999999999997,0.5883839797063453,0.5909743887564016
coverage_est,variance_aleatoric,4,3.949999999999998,0.5876618833248057,0.5909743887564016
coverage_est,variance_aleatoric,5,4.949999999999999,0.5872779144454265,0.5909743887564016
coverage_est,variance_aleatoric,6,5.900000000000006,0.5867031761118755,0.5909743887564016
coverage_est,variance_aleatoric,7,6.899999999999995,0.5860402496479704,0.5909743887564016
coverage_est,variance_aleatoric,8,7.899999999999996,0.5853729121261211,0.5909743887564016
coverage_est,variance_aleatoric,9,8.899999999999997,0.5852993691648198,0.5909743887564016
coverage_est,variance_aleatoric,10,9.899999999999999,0.5848081327880174,0.5909743887564016
coverage_est,variance_aleatoric,11,10.850000000000005,0.584577221187019,0.5909743887564016
coverage_est,variance_aleatoric,12,11.850000000000005,0.5830804670612281,0.5909743887564016
coverage_est,variance_aleatoric,13,12.849999999999994,0.5826645903415665,0.5909743887564016
coverage_est,variance_aleatoric,14,13.849999999999996,0.5828157680076669,0.5909743887564016
coverage_est,variance_aleatoric,15,14.849999999999996,0.5820922155532972,0.5909743887564016
coverage_est,variance_aleatoric,16,15.800000000000002,0.5814962435102516,0.5909743887564016
coverage_est,variance_aleatoric,17,16.800000000000004,0.580964489334559,0.5909743887564016
coverage_est,variance_aleatoric,18,17.800000000000004,0.5802952813152478,0.5909743887564016
coverage_est,variance_aleatoric,19,18.799999999999994,0.5784909888966508,0.5909743887564016
coverage_est,variance_aleatoric,20,19.799999999999997,0.5773985887493878,0.5909743887564016
coverage_est,variance_aleatoric,21,20.75,0.5765823465050206,0.5909743887564016
coverage_est,variance_aleatoric,22,21.750000000000004,0.5756902750947759,0.5909743887564016
coverage_est,variance_aleatoric,23,22.750000000000004,0.5747860177722972,0.5909743887564016
coverage_est,variance_aleatoric,24,23.750000000000004,0.5736279127427533,0.5909743887564016
coverage_est,variance_aleatoric,25,24.750000000000007,0.5729935438047774,0.5909743887564016
coverage_est,variance_aleatoric,26,25.7,0.5717902823511499,0.5909743887564016
coverage_est,variance_aleatoric,27,26.700000000000003,0.5707307365316707,0.5909743887564016
coverage_est,variance_aleatoric,28,27.700000000000003,0.5693460366467855,0.5909743887564016
coverage_est,variance_aleatoric,29,28.700000000000003,0.5688442323154211,0.5909743887564016
coverage_est,variance_aleatoric,30,29.700000000000003,0.5680421187063919,0.5909743887564016
coverage_est,variance_aleatoric,31,30.65,0.5670424574398965,0.5909743887564016
coverage_est,variance_aleatoric,32,31.65,0.5654179497868121,0.5909743887564016
coverage_est,variance_aleatoric,33,32.65,0.5651646125203349,0.5909743887564016
coverage_est,variance_aleatoric,34,33.650000000000006,0.5638182909972622,0.5909743887564016
coverage_est,variance_aleatoric,35,34.650000000000006,0.5626533609385187,0.5909743887564016
coverage_est,variance_aleatoric,36,35.6,0.5651323678012103,0.5909743887564016
coverage_est,variance_aleatoric,37,36.6,0.5651322106843113,0.5909743887564016
coverage_est,variance_aleatoric,38,37.6,0.5665153058974683,0.5909743887564016
coverage_est,variance_aleatoric,39,38.6,0.5706377642999528,0.5909743887564016
coverage_est,variance_aleatoric,40,39.6,0.5713416240650968,0.5909743887564016
coverage_est,variance_aleatoric,41,40.55,0.5746130322538827,0.5909743887564016
coverage_est,variance_aleatoric,42,41.55,0.5756289985907956,0.5909743887564016
coverage_est,variance_aleatoric,43,42.55,0.5765381090542128,0.5909743887564016
coverage_est,variance_aleatoric,44,43.55,0.5774431077485348,0.5909743887564016
coverage_est,variance_aleatoric,45,44.55,0.5796598029205133,0.5909743887564016
coverage_est,variance_aleatoric,46,45.49999999999999,0.580626095063583,0.5909743887564016
coverage_est,variance_aleatoric,47,46.5,0.5805054622184276,0.5909743887564016
coverage_est,variance_aleatoric,48,47.5,0.5827560019180777,0.5909743887564016
coverage_est,variance_aleatoric,49,48.5,0.5854394762858874,0.5909743887564016
coverage_est,variance_aleatoric,50,49.5,0.5865576506885875,0.5909743887564016
coverage_est,variance_aleatoric,51,50.449999999999996,0.5887064690569644,0.5909743887564016
coverage_est,variance_aleatoric,52,51.449999999999996,0.5901114511320296,0.5909743887564016
coverage_est,variance_aleatoric,53,52.449999999999996,0.5931192212316059,0.5909743887564016
coverage_est,variance_aleatoric,54,53.449999999999996,0.5934850469428408,0.5909743887564016
coverage_est,variance_aleatoric,55,54.449999999999996,0.5955435449467722,0.5909743887564016
coverage_est,variance_aleatoric,56,55.400000000000006,0.5972448880909693,0.5909743887564016
coverage_est,variance_aleatoric,57,56.400000000000006,0.5997906093418189,0.5909743887564016
coverage_est,variance_aleatoric,58,57.400000000000006,0.6036899674269074,0.5909743887564016
coverage_est,variance_aleatoric,59,58.400000000000006,0.6063243399814616,0.5909743887564016
coverage_est,variance_aleatoric,60,59.4,0.6074339638563582,0.5909743887564016
coverage_est,variance_aleatoric,61,60.349999999999994,0.6105671591028363,0.5909743887564016
coverage_est,variance_aleatoric,62,61.349999999999994,0.6126222726368982,0.5909743887564016
coverage_est,variance_aleatoric,63,62.349999999999994,0.6134592127092665,0.5909743887564016
coverage_est,variance_aleatoric,64,63.349999999999994,0.614254507309073,0.5909743887564016
coverage_est,variance_aleatoric,65,64.35,0.6196439525326031,0.5909743887564016
coverage_est,variance_aleatoric,66,65.3,0.6246932172638673,0.5909743887564016
coverage_est,variance_aleatoric,67,66.3,0.6270548065633899,0.5909743887564016
coverage_est,variance_aleatoric,68,67.30000000000001,0.6303887252425542,0.5909743887564016
coverage_est,variance_aleatoric,69,68.30000000000001,0.6300863602449299,0.5909743887564016
coverage_est,variance_aleatoric,70,69.30000000000001,0.6275728521254894,0.5909743887564016
coverage_est,variance_aleatoric,71,70.25,0.6272297122275448,0.5909743887564016
coverage_est,variance_aleatoric,72,71.25,0.6244999386433363,0.5909743887564016
coverage_est,variance_aleatoric,73,72.24999999999999,0.625256823734785,0.5909743887564016
coverage_est,variance_aleatoric,74,73.25,0.6252987510169163,0.5909743887564016
coverage_est,variance_aleatoric,75,74.25,0.6229726880039768,0.5909743887564016
coverage_est,variance_aleatoric,76,75.2,0.624728981793554,0.5909743887564016
coverage_est,variance_aleatoric,77,76.2,0.6246758958399534,0.5909743887564016
coverage_est,variance_aleatoric,78,77.2,0.6247114315614173,0.5909743887564016
coverage_est,variance_aleatoric,79,78.2,0.6246873709972627,0.5909743887564016
coverage_est,variance_aleatoric,80,79.2,0.6233153366758425,0.5909743887564016
coverage_est,variance_aleatoric,81,80.15,0.6245875400054597,0.5909743887564016
coverage_est,variance_aleatoric,82,81.15,0.6253959375537448,0.5909743887564016
coverage_est,variance_aleatoric,83,82.15,0.625322590910508,0.5909743887564016
coverage_est,variance_aleatoric,84,83.15,0.6237141239384651,0.5909743887564016
coverage_est,variance_aleatoric,85,84.15,0.6245327478904474,0.5909743887564016
coverage_est,variance_aleatoric,86,85.1,0.6236037066990292,0.5909743887564016
coverage_est,variance_aleatoric,87,86.1,0.6214919212424603,0.5909743887564016
coverage_est,variance_aleatoric,88,87.1,0.6193728652597552,0.5909743887564016
coverage_est,variance_aleatoric,89,88.1,0.6173114913705885,0.5909743887564016
coverage_est,variance_aleatoric,90,89.1,0.6194198545962003,0.5909743887564016
coverage_est,variance_aleatoric,91,90.05,0.6190997058491107,0.5909743887564016
coverage_est,variance_aleatoric,92,91.05,0.6177789322976476,0.5909743887564016
coverage_est,variance_aleatoric,93,92.05,0.6172689188210391,0.5909743887564016
coverage_est,variance_aleatoric,94,93.05,0.6131631423451087,0.5909743887564016
coverage_est,variance_aleatoric,95,94.05,0.6120032896972459,0.5909743887564016
coverage_est,variance_aleatoric,96,95.0,0.6109974296788361,0.5909743887564016
coverage_est,variance_aleatoric,97,96.0,0.623722921826602,0.5909743887564016
coverage_est,variance_aleatoric,98,97.0,0.6183447507987767,0.5909743887564016
coverage_est,variance_aleatoric,99,98.0,0.6203875262759541,0.5909743887564016
coverage_est,variance_aleatoric,100,99.0,0.6389504557795511,0.5909743887564016
coverage_est,variance_epistemic,0,0.0,0.590103477532506,0.6017478956123699
coverage_est,variance_epistemic,1,0.9499999999999953,0.5896087193004547,0.6017478956123699
coverage_est,variance_epistemic,2,1.9499999999999962,0.5889670145602015,0.6017478956123699
coverage_est,variance_epistemic,3,2.949999999999997,0.5886031770804311,0.6017478956123699
coverage_est,variance_epistemic,4,3.949999999999998,0.5878766695038853,0.6017478956123699
coverage_est,variance_epistemic,5,4.949999999999999,0.5879266765340002,0.6017478956123699
coverage_est,variance_epistemic,6,5.900000000000006,0.5873891117967889,0.6017478956123699
coverage_est,variance_epistemic,7,6.899999999999995,0.5869886182055096,0.6017478956123699
coverage_est,variance_epistemic,8,7.899999999999996,0.5860506818365723,0.6017478956123699
coverage_est,variance_epistemic,9,8.899999999999997,0.5853394033410776,0.6017478956123699
coverage_est,variance_epistemic,10,9.899999999999999,0.5853495860954147,0.6017478956123699
coverage_est,variance_epistemic,11,10.850000000000005,0.5852840752922756,0.6017478956123699
coverage_est,variance_epistemic,12,11.850000000000005,0.5848230512899926,0.6017478956123699
coverage_est,variance_epistemic,13,12.849999999999994,0.584452526084351,0.6017478956123699
coverage_est,variance_epistemic,14,13.849999999999996,0.5835336695660723,0.6017478956123699
coverage_est,variance_epistemic,15,14.849999999999996,0.5830804962855257,0.6017478956123699
coverage_est,variance_epistemic,16,15.800000000000002,0.5829765108294073,0.6017478956123699
coverage_est,variance_epistemic,17,16.800000000000004,0.5824007416352751,0.6017478956123699
coverage_est,variance_epistemic,18,17.800000000000004,0.5816720108101678,0.6017478956123699
coverage_est,variance_epistemic,19,18.799999999999994,0.5815161376025343,0.6017478956123699
coverage_est,variance_epistemic,20,19.799999999999997,0.5808447585875003,0.6017478956123699
coverage_est,variance_epistemic,21,20.75,0.5796141258248168,0.6017478956123699
coverage_est,variance_epistemic,22,21.750000000000004,0.5779022134285826,0.6017478956123699
coverage_est,variance_epistemic,23,22.750000000000004,0.5778464805518347,0.6017478956123699
coverage_est,variance_epistemic,24,23.750000000000004,0.5775752011701802,0.6017478956123699
coverage_est,variance_epistemic,25,24.750000000000007,0.5772208835340429,0.6017478956123699
coverage_est,variance_epistemic,26,25.7,0.5771576660680167,0.6017478956123699
coverage_est,variance_epistemic,27,26.700000000000003,0.5782688333688805,0.6017478956123699
coverage_est,variance_epistemic,28,27.700000000000003,0.5784047022813178,0.6017478956123699
coverage_est,variance_epistemic,29,28.700000000000003,0.5796390069050303,0.6017478956123699
coverage_est,variance_epistemic,30,29.700000000000003,0.580391056438721,0.6017478956123699
coverage_est,variance_epistemic,31,30.65,0.5812027921708548,0.6017478956123699
coverage_est,variance_epistemic,32,31.65,0.5824626355817771,0.6017478956123699
coverage_est,variance_epistemic,33,32.65,0.5842927226535426,0.6017478956123699
coverage_est,variance_epistemic,34,33.650000000000006,0.5843376233220524,0.6017478956123699
coverage_est,variance_epistemic,35,34.650000000000006,0.5864323003796837,0.6017478956123699
coverage_est,variance_epistemic,36,35.6,0.5883628840173853,0.6017478956123699
coverage_est,variance_epistemic,37,36.6,0.5886671435985908,0.6017478956123699
coverage_est,variance_epistemic,38,37.6,0.5904640082329966,0.6017478956123699
coverage_est,variance_epistemic,39,38.6,0.5938419858366076,0.6017478956123699
coverage_est,variance_epistemic,40,39.6,0.5945474042250046,0.6017478956123699
coverage_est,variance_epistemic,41,40.55,0.595013605580297,0.6017478956123699
coverage_est,variance_epistemic,42,41.55,0.5961702511612813,0.6017478956123699
coverage_est,variance_epistemic,43,42.55,0.5981356578005547,0.6017478956123699
coverage_est,variance_epistemic,44,43.55,0.599233895108919,0.6017478956123699
coverage_est,variance_epistemic,45,44.55,0.6000919120855632,0.6017478956123699
coverage_est,variance_epistemic,46,45.49999999999999,0.6018692724542907,0.6017478956123699
coverage_est,variance_epistemic,47,46.5,0.6006103551054469,0.6017478956123699
coverage_est,variance_epistemic,48,47.5,0.6033972279902415,0.6017478956123699
coverage_est,variance_epistemic,49,48.5,0.6050639941177062,0.6017478956123699
coverage_est,variance_epistemic,50,49.5,0.6066963499693124,0.6017478956123699
coverage_est,variance_epistemic,51,50.449999999999996,0.6069311408712638,0.6017478956123699
coverage_est,variance_epistemic,52,51.449999999999996,0.6078388310403685,0.6017478956123699
coverage_est,variance_epistemic,53,52.449999999999996,0.6080549297204652,0.6017478956123699
coverage_est,variance_epistemic,54,53.449999999999996,0.6098997056112033,0.6017478956123699
coverage_est,variance_epistemic,55,54.449999999999996,0.6116377920289867,0.6017478956123699
coverage_est,variance_epistemic,56,55.400000000000006,0.612871324926473,0.6017478956123699
coverage_est,variance_epistemic,57,56.400000000000006,0.614686707995897,0.6017478956123699
coverage_est,variance_epistemic,58,57.400000000000006,0.616416892694292,0.6017478956123699
coverage_est,variance_epistemic,59,58.400000000000006,0.6196622602102368,0.6017478956123699
coverage_est,variance_epistemic,60,59.4,0.6208381024981322,0.6017478956123699
coverage_est,variance_epistemic,61,60.349999999999994,0.6202448688379992,0.6017478956123699
coverage_est,variance_epistemic,62,61.349999999999994,0.6203678066630932,0.6017478956123699
coverage_est,variance_epistemic,63,62.349999999999994,0.6226980318843367,0.6017478956123699
coverage_est,variance_epistemic,64,63.349999999999994,0.6250509894287396,0.6017478956123699
coverage_est,variance_epistemic,65,64.35,0.6279714462786459,0.6017478956123699
coverage_est,variance_epistemic,66,65.3,0.629078331117823,0.6017478956123699
coverage_est,variance_epistemic,67,66.3,0.6333311776189354,0.6017478956123699
coverage_est,variance_epistemic,68,67.30000000000001,0.6325406540265492,0.6017478956123699
coverage_est,variance_epistemic,69,68.30000000000001,0.6334857177683394,0.6017478956123699
coverage_est,variance_epistemic,70,69.30000000000001,0.6343429399907361,0.6017478956123699
coverage_est,variance_epistemic,71,70.25,0.6386956421876613,0.6017478956123699
coverage_est,variance_epistemic,72,71.25,0.6397173642854495,0.6017478956123699
coverage_est,variance_epistemic,73,72.24999999999999,0.6378791772455099,0.6017478956123699
coverage_est,variance_epistemic,74,73.25,0.6377618399788195,0.6017478956123699
coverage_est,variance_epistemic,75,74.25,0.6383184204932656,0.6017478956123699
coverage_est,variance_epistemic,76,75.2,0.6395502663542686,0.6017478956123699
coverage_est,variance_epistemic,77,76.2,0.6400748130186614,0.6017478956123699
coverage_est,variance_epistemic,78,77.2,0.6410432955013589,0.6017478956123699
coverage_est,variance_epistemic,79,78.2,0.6397818548109366,0.6017478956123699
coverage_est,variance_epistemic,80,79.2,0.6400941208929762,0.6017478956123699
coverage_est,variance_epistemic,81,80.15,0.6386706277610016,0.6017478956123699
coverage_est,variance_epistemic,82,81.15,0.636127959123317,0.6017478956123699
coverage_est,variance_epistemic,83,82.15,0.6381996263511935,0.6017478956123699
coverage_est,variance_epistemic,84,83.15,0.6350647374734903,0.6017478956123699
coverage_est,variance_epistemic,85,84.15,0.6369518153855751,0.6017478956123699
coverage_est,variance_epistemic,86,85.1,0.638191129545694,0.6017478956123699
coverage_est,variance_epistemic,87,86.1,0.6385374944894667,0.6017478956123699
coverage_est,variance_epistemic,88,87.1,0.6355025341379055,0.6017478956123699
coverage_est,variance_epistemic,89,88.1,0.6326102889894561,0.6017478956123699
coverage_est,variance_epistemic,90,89.1,0.6309879155012278,0.6017478956123699
coverage_est,variance_epistemic,91,90.05,0.6321275795292839,0.6017478956123699
coverage_est,variance_epistemic,92,91.05,0.62908467723936,0.6017478956123699
coverage_est,variance_epistemic,93,92.05,0.6292397748702746,0.6017478956123699
coverage_est,variance_epistemic,94,93.05,0.6238552196871526,0.6017478956123699
coverage_est,variance_epistemic,95,94.05,0.6302645938107918,0.6017478956123699
coverage_est,variance_epistemic,96,95.0,0.6337039871846992,0.6017478956123699
coverage_est,variance_epistemic,97,96.0,0.6211692597009412,0.6017478956123699
coverage_est,variance_epistemic,98,97.0,0.6328561459227198,0.6017478956123699
coverage_est,variance_epistemic,99,98.0,0.626405435147204,0.6017478956123699
coverage_est,variance_epistemic,100,99.0,0.594577280385069,0.6017478956123699
coverage_est,alpha_volume_total_5%,0,0.0,0.590103477532506,0.5759258504716254
coverage_est,alpha_volume_total_5%,1,0.9499999999999953,0.5907134575365744,0.5759258504716254
coverage_est,alpha_volume_total_5%,2,1.9499999999999962,0.591070794165098,0.5759258504716254
coverage_est,alpha_volume_total_5%,3,2.949999999999997,0.5913240846710394,0.5759258504716254
coverage_est,alpha_volume_total_5%,4,3.949999999999998,0.5904379131265882,0.5759258504716254
coverage_est,alpha_volume_total_5%,5,4.949999999999999,0.5914759938784379,0.5759258504716254
coverage_est,alpha_volume_total_5%,6,5.900000000000006,0.5908377154108712,0.5759258504716254
coverage_est,alpha_volume_total_5%,7,6.899999999999995,0.591550573017624,0.5759258504716254
coverage_est,alpha_volume_total_5%,8,7.899999999999996,0.5917119575908666,0.5759258504716254
coverage_est,alpha_volume_total_5%,9,8.899999999999997,0.5917202690233887,0.5759258504716254
coverage_est,alpha_volume_total_5%,10,9.899999999999999,0.591834605175519,0.5759258504716254
coverage_est,alpha_volume_total_5%,11,10.850000000000005,0.5917626224326137,0.5759258504716254
coverage_est,alpha_volume_total_5%,12,11.850000000000005,0.5910492655713125,0.5759258504716254
coverage_est,alpha_volume_total_5%,13,12.849999999999994,0.5914940573564222,0.5759258504716254
coverage_est,alpha_volume_total_5%,14,13.849999999999996,0.5916737059771239,0.5759258504716254
coverage_est,alpha_volume_total_5%,15,14.849999999999996,0.5909894028978273,0.5759258504716254
coverage_est,alpha_volume_total_5%,16,15.800000000000002,0.5911683225509069,0.5759258504716254
coverage_est,alpha_volume_total_5%,17,16.800000000000004,0.5917868321500246,0.5759258504716254
coverage_est,alpha_volume_total_5%,18,17.800000000000004,0.5924888547848282,0.5759258504716254
coverage_est,alpha_volume_total_5%,19,18.799999999999994,0.5917767071896824,0.5759258504716254
coverage_est,alpha_volume_total_5%,20,19.799999999999997,0.5916420474622881,0.5759258504716254
coverage_est,alpha_volume_total_5%,21,20.75,0.5907705718949581,0.5759258504716254
coverage_est,alpha_volume_total_5%,22,21.750000000000004,0.5909677078522958,0.5759258504716254
coverage_est,alpha_volume_total_5%,23,22.750000000000004,0.590536409304236,0.5759258504716254
coverage_est,alpha_volume_total_5%,24,23.750000000000004,0.5904656414655312,0.5759258504716254
coverage_est,alpha_volume_total_5%,25,24.750000000000007,0.5893043654758372,0.5759258504716254
coverage_est,alpha_volume_total_5%,26,25.7,0.5883743145341336,0.5759258504716254
coverage_est,alpha_volume_total_5%,27,26.700000000000003,0.5894507806327096,0.5759258504716254
coverage_est,alpha_volume_total_5%,28,27.700000000000003,0.5886894006207262,0.5759258504716254
coverage_est,alpha_volume_total_5%,29,28.700000000000003,0.5886802826490733,0.5759258504716254
coverage_est,alpha_volume_total_5%,30,29.700000000000003,0.5872612669328638,0.5759258504716254
coverage_est,alpha_volume_total_5%,31,30.65,0.5874578716997483,0.5759258504716254
coverage_est,alpha_volume_total_5%,32,31.65,0.5866793870459233,0.5759258504716254
coverage_est,alpha_volume_total_5%,33,32.65,0.5869170755972208,0.5759258504716254
coverage_est,alpha_volume_total_5%,34,33.650000000000006,0.5875951878186789,0.5759258504716254
coverage_est,alpha_volume_total_5%,35,34.650000000000006,0.5876977883999793,0.5759258504716254
coverage_est,alpha_volume_total_5%,36,35.6,0.5880322362095102,0.5759258504716254
coverage_est,alpha_volume_total_5%,37,36.6,0.5878328258737369,0.5759258504716254
coverage_est,alpha_volume_total_5%,38,37.6,0.5884740273101245,0.5759258504716254
coverage_est,alpha_volume_total_5%,39,38.6,0.587439990519808,0.5759258504716254
coverage_est,alpha_volume_total_5%,40,39.6,0.5882963943532131,0.5759258504716254
coverage_est,alpha_volume_total_5%,41,40.55,0.5880342750535329,0.5759258504716254
coverage_est,alpha_volume_total_5%,42,41.55,0.5885884896293906,0.5759258504716254
coverage_est,alpha_volume_total_5%,43,42.55,0.5881103621994013,0.5759258504716254
coverage_est,alpha_volume_total_5%,44,43.55,0.5881069513619165,0.5759258504716254
coverage_est,alpha_volume_total_5%,45,44.55,0.5875914569192727,0.5759258504716254
coverage_est,alpha_volume_total_5%,46,45.49999999999999,0.5867436021568164,0.5759258504716254
coverage_est,alpha_volume_total_5%,47,46.5,0.5857391899027581,0.5759258504716254
coverage_est,alpha_volume_total_5%,48,47.5,0.58449720012816,0.5759258504716254
coverage_est,alpha_volume_total_5%,49,48.5,0.5858303089925851,0.5759258504716254
coverage_est,alpha_volume_total_5%,50,49.5,0.5864293314370084,0.5759258504716254
coverage_est,alpha_volume_total_5%,51,50.449999999999996,0.5874304437237297,0.5759258504716254
coverage_est,alpha_volume_total_5%,52,51.449999999999996,0.5871291690226702,0.5759258504716254
coverage_est,alpha_volume_total_5%,53,52.449999999999996,0.5868272885627626,0.5759258504716254
coverage_est,alpha_volume_total_5%,54,53.449999999999996,0.586922667642117,0.5759258504716254
coverage_est,alpha_volume_total_5%,55,54.449999999999996,0.5851402360302099,0.5759258504716254
coverage_est,alpha_volume_total_5%,56,55.400000000000006,0.5843798883075548,0.5759258504716254
coverage_est,alpha_volume_total_5%,57,56.400000000000006,0.5821085372509643,0.5759258504716254
coverage_est,alpha_volume_total_5%,58,57.400000000000006,0.5820292696242481,0.5759258504716254
coverage_est,alpha_volume_total_5%,59,58.400000000000006,0.5808928882023712,0.5759258504716254
coverage_est,alpha_volume_total_5%,60,59.4,0.5791439447451264,0.5759258504716254
coverage_est,alpha_volume_total_5%,61,60.349999999999994,0.577735225955252,0.5759258504716254
coverage_est,alpha_volume_total_5%,62,61.349999999999994,0.5774694694662245,0.5759258504716254
coverage_est,alpha_volume_total_5%,63,62.349999999999994,0.5756183700768619,0.5759258504716254
coverage_est,alpha_volume_total_5%,64,63.349999999999994,0.5739043341308209,0.5759258504716254
coverage_est,alpha_volume_total_5%,65,64.35,0.5710759964523562,0.5759258504716254
coverage_est,alpha_volume_total_5%,66,65.3,0.5704691109688743,0.5759258504716254
coverage_est,alpha_volume_total_5%,67,66.3,0.568876928969855,0.5759258504716254
coverage_est,alpha_volume_total_5%,68,67.30000000000001,0.5676569491368056,0.5759258504716254
coverage_est,alpha_volume_total_5%,69,68.30000000000001,0.5645364281271095,0.5759258504716254
coverage_est,alpha_volume_total_5%,70,69.30000000000001,0.5651832468055161,0.5759258504716254
coverage_est,alpha_volume_total_5%,71,70.25,0.5659562585937403,0.5759258504716254
coverage_est,alpha_volume_total_5%,72,71.25,0.5658865954543215,0.5759258504716254
coverage_est,alpha_volume_total_5%,73,72.24999999999999,0.5676463790635718,0.5759258504716254
coverage_est,alpha_volume_total_5%,74,73.25,0.5673244083289625,0.5759258504716254
coverage_est,alpha_volume_total_5%,75,74.25,0.5669032398715453,0.5759258504716254
coverage_est,alpha_volume_total_5%,76,75.2,0.5697017888339173,0.5759258504716254
coverage_est,alpha_volume_total_5%,77,76.2,0.570087717501365,0.5759258504716254
coverage_est,alpha_volume_total_5%,78,77.2,0.5761870793925109,0.5759258504716254
coverage_est,alpha_volume_total_5%,79,78.2,0.5720646501233978,0.5759258504716254
coverage_est,alpha_volume_total_5%,80,79.2,0.5722789976620412,0.5759258504716254
coverage_est,alpha_volume_total_5%,81,80.15,0.5702822821502592,0.5759258504716254
coverage_est,alpha_volume_total_5%,82,81.15,0.5694127325318419,0.5759258504716254
coverage_est,alpha_volume_total_5%,83,82.15,0.5712587170001346,0.5759258504716254
coverage_est,alpha_volume_total_5%,84,83.15,0.5722559191413763,0.5759258504716254
coverage_est,alpha_volume_total_5%,85,84.15,0.5754732639757285,0.5759258504716254
coverage_est,alpha_volume_total_5%,86,85.1,0.5722909653500204,0.5759258504716254
coverage_est,alpha_volume_total_5%,87,86.1,0.5809856366983459,0.5759258504716254
coverage_est,alpha_volume_total_5%,88,87.1,0.5825676110493851,0.5759258504716254
coverage_est,alpha_volume_total_5%,89,88.1,0.5856478090533425,0.5759258504716254
coverage_est,alpha_volume_total_5%,90,89.1,0.5892132752418081,0.5759258504716254
coverage_est,alpha_volume_total_5%,91,90.05,0.591328571528022,0.5759258504716254
coverage_est,alpha_volume_total_5%,92,91.05,0.5926209082909051,0.5759258504716254
coverage_est,alpha_volume_total_5%,93,92.05,0.5879893569126816,0.5759258504716254
coverage_est,alpha_volume_total_5%,94,93.05,0.5846697890684077,0.5759258504716254
coverage_est,alpha_volume_total_5%,95,94.05,0.5805234214801368,0.5759258504716254
coverage_est,alpha_volume_total_5%,96,95.0,0.567841514437154,0.5759258504716254
coverage_est,alpha_volume_total_5%,97,96.0,0.5713709674874883,0.5759258504716254
coverage_est,alpha_volume_total_5%,98,97.0,0.5475616249168197,0.5759258504716254
coverage_est,alpha_volume_total_5%,99,98.0,0.5059033654723052,0.5759258504716254
coverage_est,alpha_volume_total_5%,100,99.0,0.5272720248891194,0.5759258504716254
coverage_est,alpha_volume_aleatoric_5%,0,0.0,0.590103477532506,0.5759258504716254
coverage_est,alpha_volume_aleatoric_5%,1,0.9499999999999953,0.5907134575365744,0.5759258504716254
coverage_est,alpha_volume_aleatoric_5%,2,1.9499999999999962,0.591070794165098,0.5759258504716254
coverage_est,alpha_volume_aleatoric_5%,3,2.949999999999997,0.5913240846710394,0.5759258504716254
coverage_est,alpha_volume_aleatoric_5%,4,3.949999999999998,0.5904379131265882,0.5759258504716254
coverage_est,alpha_volume_aleatoric_5%,5,4.949999999999999,0.5914759938784379,0.5759258504716254
coverage_est,alpha_volume_aleatoric_5%,6,5.900000000000006,0.5908377154108712,0.5759258504716254
coverage_est,alpha_volume_aleatoric_5%,7,6.899999999999995,0.591550573017624,0.5759258504716254
coverage_est,alpha_volume_aleatoric_5%,8,7.899999999999996,0.5917119575908666,0.5759258504716254
coverage_est,alpha_volume_aleatoric_5%,9,8.899999999999997,0.5917202690233887,0.5759258504716254
coverage_est,alpha_volume_aleatoric_5%,10,9.899999999999999,0.591834605175519,0.5759258504716254
coverage_est,alpha_volume_aleatoric_5%,11,10.850000000000005,0.5917626224326137,0.5759258504716254
coverage_est,alpha_volume_aleatoric_5%,12,11.850000000000005,0.5910492655713125,0.5759258504716254
coverage_est,alpha_volume_aleatoric_5%,13,12.849999999999994,0.5914940573564222,0.5759258504716254
coverage_est,alpha_volume_aleatoric_5%,14,13.849999999999996,0.5916737059771239,0.5759258504716254
coverage_est,alpha_volume_aleatoric_5%,15,14.849999999999996,0.5909894028978273,0.5759258504716254
coverage_est,alpha_volume_aleatoric_5%,16,15.800000000000002,0.5911683225509069,0.5759258504716254
coverage_est,alpha_volume_aleatoric_5%,17,16.800000000000004,0.5917868321500246,0.5759258504716254
coverage_est,alpha_volume_aleatoric_5%,18,17.800000000000004,0.5924888547848282,0.5759258504716254
coverage_est,alpha_volume_aleatoric_5%,19,18.799999999999994,0.5917767071896824,0.5759258504716254
coverage_est,alpha_volume_aleatoric_5%,20,19.799999999999997,0.5916420474622881,0.5759258504716254
coverage_est,alpha_volume_aleatoric_5%,21,20.75,0.5907705718949581,0.5759258504716254
coverage_est,alpha_volume_aleatoric_5%,22,21.750000000000004,0.5909677078522958,0.5759258504716254
coverage_est,alpha_volume_aleatoric_5%,23,22.750000000000004,0.590536409304236,0.5759258504716254
coverage_est,alpha_volume_aleatoric_5%,24,23.750000000000004,0.5904656414655312,0.5759258504716254
coverage_est,alpha_volume_aleatoric_5%,25,24.750000000000007,0.5893043654758372,0.5759258504716254
coverage_est,alpha_volume_aleatoric_5%,26,25.7,0.5883743145341336,0.5759258504716254
coverage_est,alpha_volume_aleatoric_5%,27,26.700000000000003,0.5894507806327096,0.5759258504716254
coverage_est,alpha_volume_aleatoric_5%,28,27.700000000000003,0.5886894006207262,0.5759258504716254
coverage_est,alpha_volume_aleatoric_5%,29,28.700000000000003,0.5886802826490733,0.5759258504716254
coverage_est,alpha_volume_aleatoric_5%,30,29.700000000000003,0.5872612669328638,0.5759258504716254
coverage_est,alpha_volume_aleatoric_5%,31,30.65,0.5874578716997483,0.5759258504716254
coverage_est,alpha_volume_aleatoric_5%,32,31.65,0.5866793870459233,0.5759258504716254
coverage_est,alpha_volume_aleatoric_5%,33,32.65,0.5869170755972208,0.5759258504716254
coverage_est,alpha_volume_aleatoric_5%,34,33.650000000000006,0.5875951878186789,0.5759258504716254
coverage_est,alpha_volume_aleatoric_5%,35,34.650000000000006,0.5876977883999793,0.5759258504716254
coverage_est,alpha_volume_aleatoric_5%,36,35.6,0.5880322362095102,0.5759258504716254
coverage_est,alpha_volume_aleatoric_5%,37,36.6,0.5878328258737369,0.5759258504716254
coverage_est,alpha_volume_aleatoric_5%,38,37.6,0.5884740273101245,0.5759258504716254
coverage_est,alpha_volume_aleatoric_5%,39,38.6,0.587439990519808,0.5759258504716254
coverage_est,alpha_volume_aleatoric_5%,40,39.6,0.5882963943532131,0.5759258504716254
coverage_est,alpha_volume_aleatoric_5%,41,40.55,0.5880342750535329,0.5759258504716254
coverage_est,alpha_volume_aleatoric_5%,42,41.55,0.5885884896293906,0.5759258504716254
coverage_est,alpha_volume_aleatoric_5%,43,42.55,0.5881103621994013,0.5759258504716254
coverage_est,alpha_volume_aleatoric_5%,44,43.55,0.5881069513619165,0.5759258504716254
coverage_est,alpha_volume_aleatoric_5%,45,44.55,0.5875914569192727,0.5759258504716254
coverage_est,alpha_volume_aleatoric_5%,46,45.49999999999999,0.5867436021568164,0.5759258504716254
coverage_est,alpha_volume_aleatoric_5%,47,46.5,0.5857391899027581,0.5759258504716254
coverage_est,alpha_volume_aleatoric_5%,48,47.5,0.58449720012816,0.5759258504716254
coverage_est,alpha_volume_aleatoric_5%,49,48.5,0.5858303089925851,0.5759258504716254
coverage_est,alpha_volume_aleatoric_5%,50,49.5,0.5864293314370084,0.5759258504716254
coverage_est,alpha_volume_aleatoric_5%,51,50.449999999999996,0.5874304437237297,0.5759258504716254
coverage_est,alpha_volume_aleatoric_5%,52,51.449999999999996,0.5871291690226702,0.5759258504716254
coverage_est,alpha_volume_aleatoric_5%,53,52.449999999999996,0.5868272885627626,0.5759258504716254
coverage_est,alpha_volume_aleatoric_5%,54,53.449999999999996,0.586922667642117,0.5759258504716254
coverage_est,alpha_volume_aleatoric_5%,55,54.449999999999996,0.5851402360302099,0.5759258504716254
coverage_est,alpha_volume_aleatoric_5%,56,55.400000000000006,0.5843798883075548,0.5759258504716254
coverage_est,alpha_volume_aleatoric_5%,57,56.400000000000006,0.5821085372509643,0.5759258504716254
coverage_est,alpha_volume_aleatoric_5%,58,57.400000000000006,0.5820292696242481,0.5759258504716254
coverage_est,alpha_volume_aleatoric_5%,59,58.400000000000006,0.5808928882023712,0.5759258504716254
coverage_est,alpha_volume_aleatoric_5%,60,59.4,0.5791439447451264,0.5759258504716254
coverage_est,alpha_volume_aleatoric_5%,61,60.349999999999994,0.577735225955252,0.5759258504716254
coverage_est,alpha_volume_aleatoric_5%,62,61.349999999999994,0.5774694694662245,0.5759258504716254
coverage_est,alpha_volume_aleatoric_5%,63,62.349999999999994,0.5756183700768619,0.5759258504716254
coverage_est,alpha_volume_aleatoric_5%,64,63.349999999999994,0.5739043341308209,0.5759258504716254
coverage_est,alpha_volume_aleatoric_5%,65,64.35,0.5710759964523562,0.5759258504716254
coverage_est,alpha_volume_aleatoric_5%,66,65.3,0.5704691109688743,0.5759258504716254
coverage_est,alpha_volume_aleatoric_5%,67,66.3,0.568876928969855,0.5759258504716254
coverage_est,alpha_volume_aleatoric_5%,68,67.30000000000001,0.5676569491368056,0.5759258504716254
coverage_est,alpha_volume_aleatoric_5%,69,68.30000000000001,0.5645364281271095,0.5759258504716254
coverage_est,alpha_volume_aleatoric_5%,70,69.30000000000001,0.5651832468055161,0.5759258504716254
coverage_est,alpha_volume_aleatoric_5%,71,70.25,0.5659562585937403,0.5759258504716254
coverage_est,alpha_volume_aleatoric_5%,72,71.25,0.5658865954543215,0.5759258504716254
coverage_est,alpha_volume_aleatoric_5%,73,72.24999999999999,0.5676463790635718,0.5759258504716254
coverage_est,alpha_volume_aleatoric_5%,74,73.25,0.5673244083289625,0.5759258504716254
coverage_est,alpha_volume_aleatoric_5%,75,74.25,0.5669032398715453,0.5759258504716254
coverage_est,alpha_volume_aleatoric_5%,76,75.2,0.5697017888339173,0.5759258504716254
coverage_est,alpha_volume_aleatoric_5%,77,76.2,0.570087717501365,0.5759258504716254
coverage_est,alpha_volume_aleatoric_5%,78,77.2,0.5761870793925109,0.5759258504716254
coverage_est,alpha_volume_aleatoric_5%,79,78.2,0.5720646501233978,0.5759258504716254
coverage_est,alpha_volume_aleatoric_5%,80,79.2,0.5722789976620412,0.5759258504716254
coverage_est,alpha_volume_aleatoric_5%,81,80.15,0.5702822821502592,0.5759258504716254
coverage_est,alpha_volume_aleatoric_5%,82,81.15,0.5694127325318419,0.5759258504716254
coverage_est,alpha_volume_aleatoric_5%,83,82.15,0.5712587170001346,0.5759258504716254
coverage_est,alpha_volume_aleatoric_5%,84,83.15,0.5722559191413763,0.5759258504716254
coverage_est,alpha_volume_aleatoric_5%,85,84.15,0.5754732639757285,0.5759258504716254
coverage_est,alpha_volume_aleatoric_5%,86,85.1,0.5722909653500204,0.5759258504716254
coverage_est,alpha_volume_aleatoric_5%,87,86.1,0.5809856366983459,0.5759258504716254
coverage_est,alpha_volume_aleatoric_5%,88,87.1,0.5825676110493851,0.5759258504716254
coverage_est,alpha_volume_aleatoric_5%,89,88.1,0.5856478090533425,0.5759258504716254
coverage_est,alpha_volume_aleatoric_5%,90,89.1,0.5892132752418081,0.5759258504716254
coverage_est,alpha_volume_aleatoric_5%,91,90.05,0.591328571528022,0.5759258504716254
coverage_est,alpha_volume_aleatoric_5%,92,91.05,0.5926209082909051,0.5759258504716254
coverage_est,alpha_volume_aleatoric_5%,93,92.05,0.5879893569126816,0.5759258504716254
coverage_est,alpha_volume_aleatoric_5%,94,93.05,0.5846697890684077,0.5759258504716254
coverage_est,alpha_volume_aleatoric_5%,95,94.05,0.5805234214801368,0.5759258504716254
coverage_est,alpha_volume_aleatoric_5%,96,95.0,0.567841514437154,0.5759258504716254
coverage_est,alpha_volume_aleatoric_5%,97,96.0,0.5713709674874883,0.5759258504716254
coverage_est,alpha_volume_aleatoric_5%,98,97.0,0.5475616249168197,0.5759258504716254
coverage_est,alpha_volume_aleatoric_5%,99,98.0,0.5059033654723052,0.5759258504716254
coverage_est,alpha_volume_aleatoric_5%,100,99.0,0.5272720248891194,0.5759258504716254
coverage_est,alpha_volume_epistemic_5%,0,0.0,0.590103477532506,0.5371857592957849
coverage_est,alpha_volume_epistemic_5%,1,0.9499999999999953,0.5895619672980759,0.5371857592957849
coverage_est,alpha_volume_epistemic_5%,2,1.9499999999999962,0.5891214494636104,0.5371857592957849
coverage_est,alpha_volume_epistemic_5%,3,2.949999999999997,0.5887468442453981,0.5371857592957849
coverage_est,alpha_volume_epistemic_5%,4,3.949999999999998,0.5881133595770324,0.5371857592957849
coverage_est,alpha_volume_epistemic_5%,5,4.949999999999999,0.587723617722807,0.5371857592957849
coverage_est,alpha_volume_epistemic_5%,6,5.900000000000006,0.5872565528494499,0.5371857592957849
coverage_est,alpha_volume_epistemic_5%,7,6.899999999999995,0.5867817165910748,0.5371857592957849
coverage_est,alpha_volume_epistemic_5%,8,7.899999999999996,0.5863386136357048,0.5371857592957849
coverage_est,alpha_volume_epistemic_5%,9,8.899999999999997,0.5862185643900808,0.5371857592957849
coverage_est,alpha_volume_epistemic_5%,10,9.899999999999999,0.5858964966146027,0.5371857592957849
coverage_est,alpha_volume_epistemic_5%,11,10.850000000000005,0.5855093164876976,0.5371857592957849
coverage_est,alpha_volume_epistemic_5%,12,11.850000000000005,0.5845889006061965,0.5371857592957849
coverage_est,alpha_volume_epistemic_5%,13,12.849999999999994,0.5835975053515311,0.5371857592957849
coverage_est,alpha_volume_epistemic_5%,14,13.849999999999996,0.5837507043634711,0.5371857592957849
coverage_est,alpha_volume_epistemic_5%,15,14.849999999999996,0.5833887598905363,0.5371857592957849
coverage_est,alpha_volume_epistemic_5%,16,15.800000000000002,0.5832054180127331,0.5371857592957849
coverage_est,alpha_volume_epistemic_5%,17,16.800000000000004,0.5824458910038987,0.5371857592957849
coverage_est,alpha_volume_epistemic_5%,18,17.800000000000004,0.5822621427614875,0.5371857592957849
coverage_est,alpha_volume_epistemic_5%,19,18.799999999999994,0.58123604853049,0.5371857592957849
coverage_est,alpha_volume_epistemic_5%,20,19.799999999999997,0.5800903504199402,0.5371857592957849
coverage_est,alpha_volume_epistemic_5%,21,20.75,0.5799759332243535,0.5371857592957849
coverage_est,alpha_volume_epistemic_5%,22,21.750000000000004,0.5789427983716932,0.5371857592957849
coverage_est,alpha_volume_epistemic_5%,23,22.750000000000004,0.57859333977326,0.5371857592957849
coverage_est,alpha_volume_epistemic_5%,24,23.750000000000004,0.5782512988670765,0.5371857592957849
coverage_est,alpha_volume_epistemic_5%,25,24.750000000000007,0.5771303073860394,0.5371857592957849
coverage_est,alpha_volume_epistemic_5%,26,25.7,0.576228983598512,0.5371857592957849
coverage_est,alpha_volume_epistemic_5%,27,26.700000000000003,0.5758494527321699,0.5371857592957849
coverage_est,alpha_volume_epistemic_5%,28,27.700000000000003,0.5751570398340002,0.5371857592957849
coverage_est,alpha_volume_epistemic_5%,29,28.700000000000003,0.5741003381215893,0.5371857592957849
coverage_est,alpha_volume_epistemic_5%,30,29.700000000000003,0.5723453892009348,0.5371857592957849
coverage_est,alpha_volume_epistemic_5%,31,30.65,0.5718433574339017,0.5371857592957849
coverage_est,alpha_volume_epistemic_5%,32,31.65,0.5711865877950586,0.5371857592957849
coverage_est,alpha_volume_epistemic_5%,33,32.65,0.5695925880556963,0.5371857592957849
coverage_est,alpha_volume_epistemic_5%,34,33.650000000000006,0.5676788804560273,0.5371857592957849
coverage_est,alpha_volume_epistemic_5%,35,34.650000000000006,0.5662523535787269,0.5371857592957849
coverage_est,alpha_volume_epistemic_5%,36,35.6,0.5660108348333901,0.5371857592957849
coverage_est,alpha_volume_epistemic_5%,37,36.6,0.5647209052745573,0.5371857592957849
coverage_est,alpha_volume_epistemic_5%,38,37.6,0.5632821215023783,0.5371857592957849
coverage_est,alpha_volume_epistemic_5%,39,38.6,0.5616552770684342,0.5371857592957849
coverage_est,alpha_volume_epistemic_5%,40,39.6,0.5597593053311695,0.5371857592957849
coverage_est,alpha_volume_epistemic_5%,41,40.55,0.5593321140500074,0.5371857592957849
coverage_est,alpha_volume_epistemic_5%,42,41.55,0.5580821772496591,0.5371857592957849
coverage_est,alpha_volume_epistemic_5%,43,42.55,0.5567422744006146,0.5371857592957849
coverage_est,alpha_volume_epistemic_5%,44,43.55,0.5536464602860887,0.5371857592957849
coverage_est,alpha_volume_epistemic_5%,45,44.55,0.552438310834956,0.5371857592957849
coverage_est,alpha_volume_epistemic_5%,46,45.49999999999999,0.5520352213120185,0.5371857592957849
coverage_est,alpha_volume_epistemic_5%,47,46.5,0.5499751640357412,0.5371857592957849
coverage_est,alpha_volume_epistemic_5%,48,47.5,0.5492355422398765,0.5371857592957849
coverage_est,alpha_volume_epistemic_5%,49,48.5,0.547940992344718,0.5371857592957849
coverage_est,alpha_volume_epistemic_5%,50,49.5,0.5474655836654163,0.5371857592957849
coverage_est,alpha_volume_epistemic_5%,51,50.449999999999996,0.5458928690945382,0.5371857592957849
coverage_est,alpha_volume_epistemic_5%,52,51.449999999999996,0.5435326674208251,0.5371857592957849
coverage_est,alpha_volume_epistemic_5%,53,52.449999999999996,0.5410097157187163,0.5371857592957849
coverage_est,alpha_volume_epistemic_5%,54,53.449999999999996,0.5389767911704461,0.5371857592957849
coverage_est,alpha_volume_epistemic_5%,55,54.449999999999996,0.5361849602416131,0.5371857592957849
coverage_est,alpha_volume_epistemic_5%,56,55.400000000000006,0.5339651897722302,0.5371857592957849
coverage_est,alpha_volume_epistemic_5%,57,56.400000000000006,0.5315485261614764,0.5371857592957849
coverage_est,alpha_volume_epistemic_5%,58,57.400000000000006,0.5285440471298146,0.5371857592957849
coverage_est,alpha_volume_epistemic_5%,59,58.400000000000006,0.5259184656469422,0.5371857592957849
coverage_est,alpha_volume_epistemic_5%,60,59.4,0.5244556556935545,0.5371857592957849
coverage_est,alpha_volume_epistemic_5%,61,60.349999999999994,0.5251628249955533,0.5371857592957849
coverage_est,alpha_volume_epistemic_5%,62,61.349999999999994,0.5240866111429949,0.5371857592957849
coverage_est,alpha_volume_epistemic_5%,63,62.349999999999994,0.522684083905199,0.5371857592957849
coverage_est,alpha_volume_epistemic_5%,64,63.349999999999994,0.5194898528074863,0.5371857592957849
coverage_est,alpha_volume_epistemic_5%,65,64.35,0.5193080288960875,0.5371857592957849
coverage_est,alpha_volume_epistemic_5%,66,65.3,0.5193620611527834,0.5371857592957849
coverage_est,alpha_volume_epistemic_5%,67,66.3,0.5212137523849253,0.5371857592957849
coverage_est,alpha_volume_epistemic_5%,68,67.30000000000001,0.5199468891638792,0.5371857592957849
coverage_est,alpha_volume_epistemic_5%,69,68.30000000000001,0.5191485925169749,0.5371857592957849
coverage_est,alpha_volume_epistemic_5%,70,69.30000000000001,0.5177471761340663,0.5371857592957849
coverage_est,alpha_volume_epistemic_5%,71,70.25,0.5160864099219029,0.5371857592957849
coverage_est,alpha_volume_epistemic_5%,72,71.25,0.5145367601261547,0.5371857592957849
coverage_est,alpha_volume_epistemic_5%,73,72.24999999999999,0.5115321092184677,0.5371857592957849
coverage_est,alpha_volume_epistemic_5%,74,73.25,0.5079435741819636,0.5371857592957849
coverage_est,alpha_volume_epistemic_5%,75,74.25,0.5046062838770757,0.5371857592957849
coverage_est,alpha_volume_epistemic_5%,76,75.2,0.5023170461085228,0.5371857592957849
coverage_est,alpha_volume_epistemic_5%,77,76.2,0.508373445691682,0.5371857592957849
coverage_est,alpha_volume_epistemic_5%,78,77.2,0.5057431406109816,0.5371857592957849
coverage_est,alpha_volume_epistemic_5%,79,78.2,0.504725841668863,0.5371857592957849
coverage_est,alpha_volume_epistemic_5%,80,79.2,0.5072000441459956,0.5371857592957849
coverage_est,alpha_volume_epistemic_5%,81,80.15,0.5118128897102825,0.5371857592957849
coverage_est,alpha_volume_epistemic_5%,82,81.15,0.5055729492687465,0.5371857592957849
coverage_est,alpha_volume_epistemic_5%,83,82.15,0.5028169922731441,0.5371857592957849
coverage_est,alpha_volume_epistemic_5%,84,83.15,0.4991639500001206,0.5371857592957849
coverage_est,alpha_volume_epistemic_5%,85,84.15,0.5018054799247726,0.5371857592957849
coverage_est,alpha_volume_epistemic_5%,86,85.1,0.49885131217414125,0.5371857592957849
coverage_est,alpha_volume_epistemic_5%,87,86.1,0.4933209134016597,0.5371857592957849
coverage_est,alpha_volume_epistemic_5%,88,87.1,0.4985180134968054,0.5371857592957849
coverage_est,alpha_volume_epistemic_5%,89,88.1,0.492319756790773,0.5371857592957849
coverage_est,alpha_volume_epistemic_5%,90,89.1,0.486725642373038,0.5371857592957849
coverage_est,alpha_volume_epistemic_5%,91,90.05,0.4938043846889144,0.5371857592957849
coverage_est,alpha_volume_epistemic_5%,92,91.05,0.4988961686468599,0.5371857592957849
coverage_est,alpha_volume_epistemic_5%,93,92.05,0.5037160264193463,0.5371857592957849
coverage_est,alpha_volume_epistemic_5%,94,93.05,0.5037377188697227,0.5371857592957849
coverage_est,alpha_volume_epistemic_5%,95,94.05,0.4946521838958261,0.5371857592957849
coverage_est,alpha_volume_epistemic_5%,96,95.0,0.49863775601878546,0.5371857592957849
coverage_est,alpha_volume_epistemic_5%,97,96.0,0.4970864929209826,0.5371857592957849
coverage_est,alpha_volume_epistemic_5%,98,97.0,0.47261987922983345,0.5371857592957849
coverage_est,alpha_volume_epistemic_5%,99,98.0,0.47203699872062665,0.5371857592957849
coverage_est,alpha_volume_epistemic_5%,100,99.0,0.4794068177293657,0.5371857592957849
coverage_est,integrated_volume_total,0,0.0,0.590103477532506,0.5919587416203672
coverage_est,integrated_volume_total,1,0.9499999999999953,0.5900140436371002,0.5919587416203672
coverage_est,integrated_volume_total,2,1.9499999999999962,0.5897313438465366,0.5919587416203672
coverage_est,integrated_volume_total,3,2.949999999999997,0.5888623414064985,0.5919587416203672
coverage_est,integrated_volume_total,4,3.949999999999998,0.5881541944401012,0.5919587416203672
coverage_est,integrated_volume_total,5,4.949999999999999,0.5879023040583337,0.5919587416203672
coverage_est,integrated_volume_total,6,5.900000000000006,0.5875099395312537,0.5919587416203672
coverage_est,integrated_volume_total,7,6.899999999999995,0.587630049600474,0.5919587416203672
coverage_est,integrated_volume_total,8,7.899999999999996,0.5868164459717369,0.5919587416203672
coverage_est,integrated_volume_total,9,8.899999999999997,0.5853871826109553,0.5919587416203672
coverage_est,integrated_volume_total,10,9.899999999999999,0.5848711444343209,0.5919587416203672
coverage_est,integrated_volume_total,11,10.850000000000005,0.5847715137144041,0.5919587416203672
coverage_est,integrated_volume_total,12,11.850000000000005,0.5852494045735612,0.5919587416203672
coverage_est,integrated_volume_total,13,12.849999999999994,0.5852768144897049,0.5919587416203672
coverage_est,integrated_volume_total,14,13.849999999999996,0.5844983606057602,0.5919587416203672
coverage_est,integrated_volume_total,15,14.849999999999996,0.5832205884260275,0.5919587416203672
coverage_est,integrated_volume_total,16,15.800000000000002,0.5818648903129018,0.5919587416203672
coverage_est,integrated_volume_total,17,16.800000000000004,0.581972355806041,0.5919587416203672
coverage_est,integrated_volume_total,18,17.800000000000004,0.5823289008308461,0.5919587416203672
coverage_est,integrated_volume_total,19,18.799999999999994,0.5828988273546721,0.5919587416203672
coverage_est,integrated_volume_total,20,19.799999999999997,0.5826208844304503,0.5919587416203672
coverage_est,integrated_volume_total,21,20.75,0.5820326540428139,0.5919587416203672
coverage_est,integrated_volume_total,22,21.750000000000004,0.5807946086561436,0.5919587416203672
coverage_est,integrated_volume_total,23,22.750000000000004,0.5807878474815442,0.5919587416203672
coverage_est,integrated_volume_total,24,23.750000000000004,0.5805418849274016,0.5919587416203672
coverage_est,integrated_volume_total,25,24.750000000000007,0.5801998590879405,0.5919587416203672
coverage_est,integrated_volume_total,26,25.7,0.5797657229576798,0.5919587416203672
coverage_est,integrated_volume_total,27,26.700000000000003,0.5788458671889294,0.5919587416203672
coverage_est,integrated_volume_total,28,27.700000000000003,0.5779286440025626,0.5919587416203672
coverage_est,integrated_volume_total,29,28.700000000000003,0.5773069376681503,0.5919587416203672
coverage_est,integrated_volume_total,30,29.700000000000003,0.5760132960230513,0.5919587416203672
coverage_est,integrated_volume_total,31,30.65,0.5755638280806326,0.5919587416203672
coverage_est,integrated_volume_total,32,31.65,0.5762297820645453,0.5919587416203672
coverage_est,integrated_volume_total,33,32.65,0.5765805485023549,0.5919587416203672
coverage_est,integrated_volume_total,34,33.650000000000006,0.5771417621436473,0.5919587416203672
coverage_est,integrated_volume_total,35,34.650000000000006,0.5763181732789207,0.5919587416203672
coverage_est,integrated_volume_total,36,35.6,0.5744127163619048,0.5919587416203672
coverage_est,integrated_volume_total,37,36.6,0.5746200644861716,0.5919587416203672
coverage_est,integrated_volume_total,38,37.6,0.5759542315714181,0.5919587416203672
coverage_est,integrated_volume_total,39,38.6,0.575108459625409,0.5919587416203672
coverage_est,integrated_volume_total,40,39.6,0.575644238167257,0.5919587416203672
coverage_est,integrated_volume_total,41,40.55,0.5761182494291542,0.5919587416203672
coverage_est,integrated_volume_total,42,41.55,0.5756261295428446,0.5919587416203672
coverage_est,integrated_volume_total,43,42.55,0.5764211324853226,0.5919587416203672
coverage_est,integrated_volume_total,44,43.55,0.5771466437849135,0.5919587416203672
coverage_est,integrated_volume_total,45,44.55,0.5794037819815692,0.5919587416203672
coverage_est,integrated_volume_total,46,45.49999999999999,0.5796429409490353,0.5919587416203672
coverage_est,integrated_volume_total,47,46.5,0.5809138246196064,0.5919587416203672
coverage_est,integrated_volume_total,48,47.5,0.5823928420592042,0.5919587416203672
coverage_est,integrated_volume_total,49,48.5,0.5857894336885006,0.5919587416203672
coverage_est,integrated_volume_total,50,49.5,0.5873939511370724,0.5919587416203672
coverage_est,integrated_volume_total,51,50.449999999999996,0.5896804650840713,0.5919587416203672
coverage_est,integrated_volume_total,52,51.449999999999996,0.5907483237188624,0.5919587416203672
coverage_est,integrated_volume_total,53,52.449999999999996,0.5928868340484726,0.5919587416203672
coverage_est,integrated_volume_total,54,53.449999999999996,0.5934439013132258,0.5919587416203672
coverage_est,integrated_volume_total,55,54.449999999999996,0.5955435449467721,0.5919587416203672
coverage_est,integrated_volume_total,56,55.400000000000006,0.5977844874066084,0.5919587416203672
coverage_est,integrated_volume_total,57,56.400000000000006,0.5996072681284439,0.5919587416203672
coverage_est,integrated_volume_total,58,57.400000000000006,0.6017420460596066,0.5919587416203672
coverage_est,integrated_volume_total,59,58.400000000000006,0.6071427811008832,0.5919587416203672
coverage_est,integrated_volume_total,60,59.4,0.6088486208372683,0.5919587416203672
coverage_est,integrated_volume_total,61,60.349999999999994,0.6097557375569135,0.5919587416203672
coverage_est,integrated_volume_total,62,61.349999999999994,0.6115056647251443,0.5919587416203672
coverage_est,integrated_volume_total,63,62.349999999999994,0.6128311365414483,0.5919587416203672
coverage_est,integrated_volume_total,64,63.349999999999994,0.6139977188139776,0.5919587416203672
coverage_est,integrated_volume_total,65,64.35,0.61793770471019,0.5919587416203672
coverage_est,integrated_volume_total,66,65.3,0.6174440732259828,0.5919587416203672
coverage_est,integrated_volume_total,67,66.3,0.6175903377516072,0.5919587416203672
coverage_est,integrated_volume_total,68,67.30000000000001,0.6175179885054636,0.5919587416203672
coverage_est,integrated_volume_total,69,68.30000000000001,0.6175488156765132,0.5919587416203672
coverage_est,integrated_volume_total,70,69.30000000000001,0.6163876318843726,0.5919587416203672
coverage_est,integrated_volume_total,71,70.25,0.6181814481268095,0.5919587416203672
coverage_est,integrated_volume_total,72,71.25,0.6211466157504983,0.5919587416203672
coverage_est,integrated_volume_total,73,72.24999999999999,0.6212426694260175,0.5919587416203672
coverage_est,integrated_volume_total,74,73.25,0.624411745625594,0.5919587416203672
coverage_est,integrated_volume_total,75,74.25,0.6216349800853528,0.5919587416203672
coverage_est,integrated_volume_total,76,75.2,0.6227489251442353,0.5919587416203672
coverage_est,integrated_volume_total,77,76.2,0.6244602836940188,0.5919587416203672
coverage_est,integrated_volume_total,78,77.2,0.6247376669936411,0.5919587416203672
coverage_est,integrated_volume_total,79,78.2,0.6241683344535376,0.5919587416203672
coverage_est,integrated_volume_total,80,79.2,0.6247651135016764,0.5919587416203672
coverage_est,integrated_volume_total,81,80.15,0.623552148103683,0.5919587416203672
coverage_est,integrated_volume_total,82,81.15,0.6267835850054702,0.5919587416203672
coverage_est,integrated_volume_total,83,82.15,0.623234730263083,0.5919587416203672
coverage_est,integrated_volume_total,84,83.15,0.6214211750633322,0.5919587416203672
coverage_est,integrated_volume_total,85,84.15,0.6223648199828947,0.5919587416203672
coverage_est,integrated_volume_total,86,85.1,0.6248079054762703,0.5919587416203672
coverage_est,integrated_volume_total,87,86.1,0.623418149647827,0.5919587416203672
coverage_est,integrated_volume_total,88,87.1,0.6240329319864406,0.5919587416203672
coverage_est,integrated_volume_total,89,88.1,0.6184211756575737,0.5919587416203672
coverage_est,integrated_volume_total,90,89.1,0.6222725669721709,0.5919587416203672
coverage_est,integrated_volume_total,91,90.05,0.6233719079390607,0.5919587416203672
coverage_est,integrated_volume_total,92,91.05,0.6199222422016444,0.5919587416203672
coverage_est,integrated_volume_total,93,92.05,0.6158460550059739,0.5919587416203672
coverage_est,integrated_volume_total,94,93.05,0.6136058993720773,0.5919587416203672
coverage_est,integrated_volume_total,95,94.05,0.6123179502544203,0.5919587416203672
coverage_est,integrated_volume_total,96,95.0,0.6143946805584295,0.5919587416203672
coverage_est,integrated_volume_total,97,96.0,0.6119215448615616,0.5919587416203672
coverage_est,integrated_volume_total,98,97.0,0.6094217686879709,0.5919587416203672
coverage_est,integrated_volume_total,99,98.0,0.6073594954113787,0.5919587416203672
coverage_est,integrated_volume_total,100,99.0,0.636333625277784,0.5919587416203672
coverage_est,integrated_volume_aleatoric,0,0.0,0.590103477532506,0.59295869581857
coverage_est,integrated_volume_aleatoric,1,0.9499999999999953,0.5899368892247429,0.59295869581857
coverage_est,integrated_volume_aleatoric,2,1.9499999999999962,0.5899294360519528,0.59295869581857
coverage_est,integrated_volume_aleatoric,3,2.949999999999997,0.5896402044549174,0.59295869581857
coverage_est,integrated_volume_aleatoric,4,3.949999999999998,0.5894286552874731,0.59295869581857
coverage_est,integrated_volume_aleatoric,5,4.949999999999999,0.5892499766112482,0.59295869581857
coverage_est,integrated_volume_aleatoric,6,5.900000000000006,0.5896793824504982,0.59295869581857
coverage_est,integrated_volume_aleatoric,7,6.899999999999995,0.5902252965037957,0.59295869581857
coverage_est,integrated_volume_aleatoric,8,7.899999999999996,0.5914687116009711,0.59295869581857
coverage_est,integrated_volume_aleatoric,9,8.899999999999997,0.5921975308171841,0.59295869581857
coverage_est,integrated_volume_aleatoric,10,9.899999999999999,0.591279291450334,0.59295869581857
coverage_est,integrated_volume_aleatoric,11,10.850000000000005,0.5910782076425949,0.59295869581857
coverage_est,integrated_volume_aleatoric,12,11.850000000000005,0.590936271209469,0.59295869581857
coverage_est,integrated_volume_aleatoric,13,12.849999999999994,0.5917721593222932,0.59295869581857
coverage_est,integrated_volume_aleatoric,14,13.849999999999996,0.5911283517172683,0.59295869581857
coverage_est,integrated_volume_aleatoric,15,14.849999999999996,0.5911948781718238,0.59295869581857
coverage_est,integrated_volume_aleatoric,16,15.800000000000002,0.5906255325996315,0.59295869581857
coverage_est,integrated_volume_aleatoric,17,16.800000000000004,0.5893863355982776,0.59295869581857
coverage_est,integrated_volume_aleatoric,18,17.800000000000004,0.5898032890589169,0.59295869581857
coverage_est,integrated_volume_aleatoric,19,18.799999999999994,0.5897819536419429,0.59295869581857
coverage_est,integrated_volume_aleatoric,20,19.799999999999997,0.5902898603942405,0.59295869581857
coverage_est,integrated_volume_aleatoric,21,20.75,0.5907617339589382,0.59295869581857
coverage_est,integrated_volume_aleatoric,22,21.750000000000004,0.5899581096863091,0.59295869581857
coverage_est,integrated_volume_aleatoric,23,22.750000000000004,0.5906225085818478,0.59295869581857
coverage_est,integrated_volume_aleatoric,24,23.750000000000004,0.5906290056392869,0.59295869581857
coverage_est,integrated_volume_aleatoric,25,24.750000000000007,0.5886385757090183,0.59295869581857
coverage_est,integrated_volume_aleatoric,26,25.7,0.587514117956384,0.59295869581857
coverage_est,integrated_volume_aleatoric,27,26.700000000000003,0.5870426747640902,0.59295869581857
coverage_est,integrated_volume_aleatoric,28,27.700000000000003,0.5864846470731274,0.59295869581857
coverage_est,integrated_volume_aleatoric,29,28.700000000000003,0.5876961566549961,0.59295869581857
coverage_est,integrated_volume_aleatoric,30,29.700000000000003,0.5868511310597878,0.59295869581857
coverage_est,integrated_volume_aleatoric,31,30.65,0.5859525598484758,0.59295869581857
coverage_est,integrated_volume_aleatoric,32,31.65,0.5852036174584355,0.59295869581857
coverage_est,integrated_volume_aleatoric,33,32.65,0.5858594796229519,0.59295869581857
coverage_est,integrated_volume_aleatoric,34,33.650000000000006,0.5855788285575094,0.59295869581857
coverage_est,integrated_volume_aleatoric,35,34.650000000000006,0.5853186381065401,0.59295869581857
coverage_est,integrated_volume_aleatoric,36,35.6,0.5845157096256502,0.59295869581857
coverage_est,integrated_volume_aleatoric,37,36.6,0.5856689909423445,0.59295869581857
coverage_est,integrated_volume_aleatoric,38,37.6,0.5839772206807032,0.59295869581857
coverage_est,integrated_volume_aleatoric,39,38.6,0.5835535973196077,0.59295869581857
coverage_est,integrated_volume_aleatoric,40,39.6,0.5828912420902712,0.59295869581857
coverage_est,integrated_volume_aleatoric,41,40.55,0.5831865629358131,0.59295869581857
coverage_est,integrated_volume_aleatoric,42,41.55,0.5826487098860443,0.59295869581857
coverage_est,integrated_volume_aleatoric,43,42.55,0.5809801774384598,0.59295869581857
coverage_est,integrated_volume_aleatoric,44,43.55,0.5811019261455479,0.59295869581857
coverage_est,integrated_volume_aleatoric,45,44.55,0.5808546290901528,0.59295869581857
coverage_est,integrated_volume_aleatoric,46,45.49999999999999,0.5803607260125475,0.59295869581857
coverage_est,integrated_volume_aleatoric,47,46.5,0.5817089423390144,0.59295869581857
coverage_est,integrated_volume_aleatoric,48,47.5,0.5811744633758746,0.59295869581857
coverage_est,integrated_volume_aleatoric,49,48.5,0.5836712574523899,0.59295869581857
coverage_est,integrated_volume_aleatoric,50,49.5,0.5824501550396642,0.59295869581857
coverage_est,integrated_volume_aleatoric,51,50.449999999999996,0.5833579092174002,0.59295869581857
coverage_est,integrated_volume_aleatoric,52,51.449999999999996,0.5840172820529534,0.59295869581857
coverage_est,integrated_volume_aleatoric,53,52.449999999999996,0.5881360382327643,0.59295869581857
coverage_est,integrated_volume_aleatoric,54,53.449999999999996,0.5918365323206164,0.59295869581857
coverage_est,integrated_volume_aleatoric,55,54.449999999999996,0.5920260370118562,0.59295869581857
coverage_est,integrated_volume_aleatoric,56,55.400000000000006,0.5946982500434912,0.59295869581857
coverage_est,integrated_volume_aleatoric,57,56.400000000000006,0.5946311402313358,0.59295869581857
coverage_est,integrated_volume_aleatoric,58,57.400000000000006,0.5999282570902125,0.59295869581857
coverage_est,integrated_volume_aleatoric,59,58.400000000000006,0.6018502373967702,0.59295869581857
coverage_est,integrated_volume_aleatoric,60,59.4,0.6044856164328894,0.59295869581857
coverage_est,integrated_volume_aleatoric,61,60.349999999999994,0.6058288448207328,0.59295869581857
coverage_est,integrated_volume_aleatoric,62,61.349999999999994,0.6079317885052503,0.59295869581857
coverage_est,integrated_volume_aleatoric,63,62.349999999999994,0.6122132636498525,0.59295869581857
coverage_est,integrated_volume_aleatoric,64,63.349999999999994,0.6148033036508045,0.59295869581857
coverage_est,integrated_volume_aleatoric,65,64.35,0.6170053054318326,0.59295869581857
coverage_est,integrated_volume_aleatoric,66,65.3,0.6145021282331065,0.59295869581857
coverage_est,integrated_volume_aleatoric,67,66.3,0.6147189406508049,0.59295869581857
coverage_est,integrated_volume_aleatoric,68,67.30000000000001,0.6151260275086547,0.59295869581857
coverage_est,integrated_volume_aleatoric,69,68.30000000000001,0.6167707004895344,0.59295869581857
coverage_est,integrated_volume_aleatoric,70,69.30000000000001,0.6170407868602018,0.59295869581857
coverage_est,integrated_volume_aleatoric,71,70.25,0.6196735048046407,0.59295869581857
coverage_est,integrated_volume_aleatoric,72,71.25,0.6186268460060207,0.59295869581857
coverage_est,integrated_volume_aleatoric,73,72.24999999999999,0.6167132602700509,0.59295869581857
coverage_est,integrated_volume_aleatoric,74,73.25,0.6177258096691044,0.59295869581857
coverage_est,integrated_volume_aleatoric,75,74.25,0.6164903427164112,0.59295869581857
coverage_est,integrated_volume_aleatoric,76,75.2,0.612492498990817,0.59295869581857
coverage_est,integrated_volume_aleatoric,77,76.2,0.6148411178696449,0.59295869581857
coverage_est,integrated_volume_aleatoric,78,77.2,0.6172828648757024,0.59295869581857
coverage_est,integrated_volume_aleatoric,79,78.2,0.6174123856702901,0.59295869581857
coverage_est,integrated_volume_aleatoric,80,79.2,0.6158709694647835,0.59295869581857
coverage_est,integrated_volume_aleatoric,81,80.15,0.6171866427392776,0.59295869581857
coverage_est,integrated_volume_aleatoric,82,81.15,0.6158630525730892,0.59295869581857
coverage_est,integrated_volume_aleatoric,83,82.15,0.61362945673889,0.59295869581857
coverage_est,integrated_volume_aleatoric,84,83.15,0.6128262100090528,0.59295869581857
coverage_est,integrated_volume_aleatoric,85,84.15,0.6125232705425949,0.59295869581857
coverage_est,integrated_volume_aleatoric,86,85.1,0.6164075358077691,0.59295869581857
coverage_est,integrated_volume_aleatoric,87,86.1,0.6151262875550391,0.59295869581857
coverage_est,integrated_volume_aleatoric,88,87.1,0.6210989237642933,0.59295869581857
coverage_est,integrated_volume_aleatoric,89,88.1,0.6252922247595613,0.59295869581857
coverage_est,integrated_volume_aleatoric,90,89.1,0.6231448233279789,0.59295869581857
coverage_est,integrated_volume_aleatoric,91,90.05,0.621930476494664,0.59295869581857
coverage_est,integrated_volume_aleatoric,92,91.05,0.6159827881073141,0.59295869581857
coverage_est,integrated_volume_aleatoric,93,92.05,0.6188136139620337,0.59295869581857
coverage_est,integrated_volume_aleatoric,94,93.05,0.6247211868926017,0.59295869581857
coverage_est,integrated_volume_aleatoric,95,94.05,0.6172854841756272,0.59295869581857
coverage_est,integrated_volume_aleatoric,96,95.0,0.6070527596940622,0.59295869581857
coverage_est,integrated_volume_aleatoric,97,96.0,0.6109399334393351,0.59295869581857
coverage_est,integrated_volume_aleatoric,98,97.0,0.5921853386726181,0.59295869581857
coverage_est,integrated_volume_aleatoric,99,98.0,0.6160982457704692,0.59295869581857
coverage_est,integrated_volume_aleatoric,100,99.0,0.6026534012852092,0.59295869581857
coverage_est,integrated_volume_epistemic,0,0.0,0.590103477532506,0.5371086444401576
coverage_est,integrated_volume_epistemic,1,0.9499999999999953,0.590210629076341,0.5371086444401576
coverage_est,integrated_volume_epistemic,2,1.9499999999999962,0.5900059843661376,0.5371086444401576
coverage_est,integrated_volume_epistemic,3,2.949999999999997,0.5895183326486209,0.5371086444401576
coverage_est,integrated_volume_epistemic,4,3.949999999999998,0.5890877134141643,0.5371086444401576
coverage_est,integrated_volume_epistemic,5,4.949999999999999,0.5885493597820716,0.5371086444401576
coverage_est,integrated_volume_epistemic,6,5.900000000000006,0.5877989342977632,0.5371086444401576
coverage_est,integrated_volume_epistemic,7,6.899999999999995,0.5874134336805727,0.5371086444401576
coverage_est,integrated_volume_epistemic,8,7.899999999999996,0.58709431798975,0.5371086444401576
coverage_est,integrated_volume_epistemic,9,8.899999999999997,0.5861445928269825,0.5371086444401576
coverage_est,integrated_volume_epistemic,10,9.899999999999999,0.5857739981597261,0.5371086444401576
coverage_est,integrated_volume_epistemic,11,10.850000000000005,0.5855180337512216,0.5371086444401576
coverage_est,integrated_volume_epistemic,12,11.850000000000005,0.5851342777311206,0.5371086444401576
coverage_est,integrated_volume_epistemic,13,12.849999999999994,0.5845067099984046,0.5371086444401576
coverage_est,integrated_volume_epistemic,14,13.849999999999996,0.5835376320867638,0.5371086444401576
coverage_est,integrated_volume_epistemic,15,14.849999999999996,0.5829429667999453,0.5371086444401576
coverage_est,integrated_volume_epistemic,16,15.800000000000002,0.5823413699771559,0.5371086444401576
coverage_est,integrated_volume_epistemic,17,16.800000000000004,0.5814618764298041,0.5371086444401576
coverage_est,integrated_volume_epistemic,18,17.800000000000004,0.581390014808389,0.5371086444401576
coverage_est,integrated_volume_epistemic,19,18.799999999999994,0.5808200575985742,0.5371086444401576
coverage_est,integrated_volume_epistemic,20,19.799999999999997,0.5811813476288666,0.5371086444401576
coverage_est,integrated_volume_epistemic,21,20.75,0.5807703681148132,0.5371086444401576
coverage_est,integrated_volume_epistemic,22,21.750000000000004,0.579801341781636,0.5371086444401576
coverage_est,integrated_volume_epistemic,23,22.750000000000004,0.5782699431452591,0.5371086444401576
coverage_est,integrated_volume_epistemic,24,23.750000000000004,0.5779559423254639,0.5371086444401576
coverage_est,integrated_volume_epistemic,25,24.750000000000007,0.5763171733275649,0.5371086444401576
coverage_est,integrated_volume_epistemic,26,25.7,0.5757048938630114,0.5371086444401576
coverage_est,integrated_volume_epistemic,27,26.700000000000003,0.5750713892133196,0.5371086444401576
coverage_est,integrated_volume_epistemic,28,27.700000000000003,0.5737383216949116,0.5371086444401576
coverage_est,integrated_volume_epistemic,29,28.700000000000003,0.5732385436120231,0.5371086444401576
coverage_est,integrated_volume_epistemic,30,29.700000000000003,0.5730157099165153,0.5371086444401576
coverage_est,integrated_volume_epistemic,31,30.65,0.5725792757927135,0.5371086444401576
coverage_est,integrated_volume_epistemic,32,31.65,0.5712078948435169,0.5371086444401576
coverage_est,integrated_volume_epistemic,33,32.65,0.5700305099324134,0.5371086444401576
coverage_est,integrated_volume_epistemic,34,33.650000000000006,0.5688700036656555,0.5371086444401576
coverage_est,integrated_volume_epistemic,35,34.650000000000006,0.5676439749168141,0.5371086444401576
coverage_est,integrated_volume_epistemic,36,35.6,0.56682882907906,0.5371086444401576
coverage_est,integrated_volume_epistemic,37,36.6,0.5652702213547892,0.5371086444401576
coverage_est,integrated_volume_epistemic,38,37.6,0.5635928275678651,0.5371086444401576
coverage_est,integrated_volume_epistemic,39,38.6,0.5623147232802648,0.5371086444401576
coverage_est,integrated_volume_epistemic,40,39.6,0.5611803999937343,0.5371086444401576
coverage_est,integrated_volume_epistemic,41,40.55,0.5591111150699799,0.5371086444401576
coverage_est,integrated_volume_epistemic,42,41.55,0.5568024335331454,0.5371086444401576
coverage_est,integrated_volume_epistemic,43,42.55,0.5551750360311785,0.5371086444401576
coverage_est,integrated_volume_epistemic,44,43.55,0.5544647418424276,0.5371086444401576
coverage_est,integrated_volume_epistemic,45,44.55,0.5530721920915733,0.5371086444401576
coverage_est,integrated_volume_epistemic,46,45.49999999999999,0.5506269179316059,0.5371086444401576
coverage_est,integrated_volume_epistemic,47,46.5,0.5491209160997705,0.5371086444401576
coverage_est,integrated_volume_epistemic,48,47.5,0.5475242615483364,0.5371086444401576
coverage_est,integrated_volume_epistemic,49,48.5,0.5463032887679393,0.5371086444401576
coverage_est,integrated_volume_epistemic,50,49.5,0.5446058957550717,0.5371086444401576
coverage_est,integrated_volume_epistemic,51,50.449999999999996,0.5442911232744417,0.5371086444401576
coverage_est,integrated_volume_epistemic,52,51.449999999999996,0.5426925211278004,0.5371086444401576
coverage_est,integrated_volume_epistemic,53,52.449999999999996,0.5408044904787926,0.5371086444401576
coverage_est,integrated_volume_epistemic,54,53.449999999999996,0.5386573773815916,0.5371086444401576
coverage_est,integrated_volume_epistemic,55,54.449999999999996,0.5367695917627604,0.5371086444401576
coverage_est,integrated_volume_epistemic,56,55.400000000000006,0.5347868364678374,0.5371086444401576
coverage_est,integrated_volume_epistemic,57,56.400000000000006,0.5327233178225506,0.5371086444401576
coverage_est,integrated_volume_epistemic,58,57.400000000000006,0.5297232391751228,0.5371086444401576
coverage_est,integrated_volume_epistemic,59,58.400000000000006,0.5290870427679365,0.5371086444401576
coverage_est,integrated_volume_epistemic,60,59.4,0.5277489058384977,0.5371086444401576
coverage_est,integrated_volume_epistemic,61,60.349999999999994,0.5272408962861839,0.5371086444401576
coverage_est,integrated_volume_epistemic,62,61.349999999999994,0.5244520305011677,0.5371086444401576
coverage_est,integrated_volume_epistemic,63,62.349999999999994,0.5227302893962043,0.5371086444401576
coverage_est,integrated_volume_epistemic,64,63.349999999999994,0.5226911503525411,0.5371086444401576
coverage_est,integrated_volume_epistemic,65,64.35,0.5213267967049231,0.5371086444401576
coverage_est,integrated_volume_epistemic,66,65.3,0.5213759982593597,0.5371086444401576
coverage_est,integrated_volume_epistemic,67,66.3,0.5200623639822466,0.5371086444401576
coverage_est,integrated_volume_epistemic,68,67.30000000000001,0.5195739175942446,0.5371086444401576
coverage_est,integrated_volume_epistemic,69,68.30000000000001,0.5204588862173898,0.5371086444401576
coverage_est,integrated_volume_epistemic,70,69.30000000000001,0.5185659173736197,0.5371086444401576
coverage_est,integrated_volume_epistemic,71,70.25,0.5147469694657423,0.5371086444401576
coverage_est,integrated_volume_epistemic,72,71.25,0.5127501396404,0.5371086444401576
coverage_est,integrated_volume_epistemic,73,72.24999999999999,0.5088405946440211,0.5371086444401576
coverage_est,integrated_volume_epistemic,74,73.25,0.5081676825861269,0.5371086444401576
coverage_est,integrated_volume_epistemic,75,74.25,0.5065337012071727,0.5371086444401576
coverage_est,integrated_volume_epistemic,76,75.2,0.5075417105213539,0.5371086444401576
coverage_est,integrated_volume_epistemic,77,76.2,0.5059245516131422,0.5371086444401576
coverage_est,integrated_volume_epistemic,78,77.2,0.5053023655407312,0.5371086444401576
coverage_est,integrated_volume_epistemic,79,78.2,0.5071103750476966,0.5371086444401576
coverage_est,integrated_volume_epistemic,80,79.2,0.5126817485316,0.5371086444401576
coverage_est,integrated_volume_epistemic,81,80.15,0.50723339663804,0.5371086444401576
coverage_est,integrated_volume_epistemic,82,81.15,0.5008555600035003,0.5371086444401576
coverage_est,integrated_volume_epistemic,83,82.15,0.49911619730929574,0.5371086444401576
coverage_est,integrated_volume_epistemic,84,83.15,0.4997271181765427,0.5371086444401576
coverage_est,integrated_volume_epistemic,85,84.15,0.5049873629431414,0.5371086444401576
coverage_est,integrated_volume_epistemic,86,85.1,0.5019300510175327,0.5371086444401576
coverage_est,integrated_volume_epistemic,87,86.1,0.5021375258049033,0.5371086444401576
coverage_est,integrated_volume_epistemic,88,87.1,0.5078452008066165,0.5371086444401576
coverage_est,integrated_volume_epistemic,89,88.1,0.4957231965826335,0.5371086444401576
coverage_est,integrated_volume_epistemic,90,89.1,0.48800316281210476,0.5371086444401576
coverage_est,integrated_volume_epistemic,91,90.05,0.4909533966417524,0.5371086444401576
coverage_est,integrated_volume_epistemic,92,91.05,0.5050169962487157,0.5371086444401576
coverage_est,integrated_volume_epistemic,93,92.05,0.5005759270629732,0.5371086444401576
coverage_est,integrated_volume_epistemic,94,93.05,0.507280618924006,0.5371086444401576
coverage_est,integrated_volume_epistemic,95,94.05,0.4964808086241848,0.5371086444401576
coverage_est,integrated_volume_epistemic,96,95.0,0.4819384408957655,0.5371086444401576
coverage_est,integrated_volume_epistemic,97,96.0,0.4802385597400612,0.5371086444401576
coverage_est,integrated_volume_epistemic,98,97.0,0.47853556213000925,0.5371086444401576
coverage_est,integrated_volume_epistemic,99,98.0,0.4592834000365957,0.5371086444401576
coverage_est,integrated_volume_epistemic,100,99.0,0.4539447281925789,0.5371086444401576
