metric,measure,point_index,abstention,risk,aurc
moae,differential_entropy_total,0,0.0,0.4532921269510316,0.45881351767358936
moae,differential_entropy_total,1,0.990000000000002,0.4528416129503693,0.45881351767358936
moae,differential_entropy_total,2,1.980000000000004,0.452639626117143,0.45881351767358936
moae,differential_entropy_total,3,2.969999999999995,0.4524369657510845,0.45881351767358936
moae,differential_entropy_total,4,3.959999999999997,0.4522026854370038,0.45881351767358936
moae,differential_entropy_total,5,4.949999999999999,0.45187754314045925,0.45881351767358936
moae,differential_entropy_total,6,5.940000000000001,0.45158172521769874,0.45881351767358936
moae,differential_entropy_total,7,6.930000000000003,0.45139465208970847,0.45881351767358936
moae,differential_entropy_total,8,7.920000000000005,0.45099017213157794,0.45881351767358936
moae,differential_entropy_total,9,8.909999999999997,0.45070727950243955,0.45881351767358936
moae,differential_entropy_total,10,9.899999999999999,0.4502989747243257,0.45881351767358936
moae,differential_entropy_total,11,10.89,0.4500897832302261,0.45881351767358936
moae,differential_entropy_total,12,11.880000000000003,0.4498455162995517,0.45881351767358936
moae,differential_entropy_total,13,12.870000000000005,0.4494949923208713,0.45881351767358936
moae,differential_entropy_total,14,13.859999999999994,0.44916161050729275,0.45881351767358936
moae,differential_entropy_total,15,14.849999999999996,0.44870019763295527,0.45881351767358936
moae,differential_entropy_total,16,15.839999999999998,0.44840985895835345,0.45881351767358936
moae,differential_entropy_total,17,16.830000000000002,0.44801876356537634,0.45881351767358936
moae,differential_entropy_total,18,17.820000000000004,0.4477591230518679,0.45881351767358936
moae,differential_entropy_total,19,18.810000000000006,0.4474360820047021,0.45881351767358936
moae,differential_entropy_total,20,19.799999999999997,0.4470971835947367,0.45881351767358936
moae,differential_entropy_total,21,20.79,0.4466777465321557,0.45881351767358936
moae,differential_entropy_total,22,21.78,0.44628271806295006,0.45881351767358936
moae,differential_entropy_total,23,22.770000000000003,0.4456403702270819,0.45881351767358936
moae,differential_entropy_total,24,23.760000000000005,0.44553350303422734,0.45881351767358936
moae,differential_entropy_total,25,24.750000000000007,0.4450837942632423,0.45881351767358936
moae,differential_entropy_total,26,25.739999999999995,0.4445403489224248,0.45881351767358936
moae,differential_entropy_total,27,26.729999999999997,0.4440791231809204,0.45881351767358936
moae,differential_entropy_total,28,27.72,0.4435024582217987,0.45881351767358936
moae,differential_entropy_total,29,28.71,0.4431189340274615,0.45881351767358936
moae,differential_entropy_total,30,29.700000000000003,0.442647268696101,0.45881351767358936
moae,differential_entropy_total,31,30.689999999999994,0.44209419065033906,0.45881351767358936
moae,differential_entropy_total,32,31.679999999999996,0.4415777895213914,0.45881351767358936
moae,differential_entropy_total,33,32.67,0.4411097031639081,0.45881351767358936
moae,differential_entropy_total,34,33.660000000000004,0.4407901521133072,0.45881351767358936
moae,differential_entropy_total,35,34.650000000000006,0.4413070976390275,0.45881351767358936
moae,differential_entropy_total,36,35.64000000000001,0.44204518443540913,0.45881351767358936
moae,differential_entropy_total,37,36.629999999999995,0.4422539658103664,0.45881351767358936
moae,differential_entropy_total,38,37.62,0.4428647854632403,0.45881351767358936
moae,differential_entropy_total,39,38.61,0.4437077476870866,0.45881351767358936
moae,differential_entropy_total,40,39.6,0.4448253245174622,0.45881351767358936
moae,differential_entropy_total,41,40.59,0.44525956300348446,0.45881351767358936
moae,differential_entropy_total,42,41.58,0.4457599930057629,0.45881351767358936
moae,differential_entropy_total,43,42.56999999999999,0.44664126938370147,0.45881351767358936
moae,differential_entropy_total,44,43.56,0.4477165818056033,0.45881351767358936
moae,differential_entropy_total,45,44.55,0.44895784454245,0.45881351767358936
moae,differential_entropy_total,46,45.540000000000006,0.44996981270969744,0.45881351767358936
moae,differential_entropy_total,47,46.53,0.4511621733459469,0.45881351767358936
moae,differential_entropy_total,48,47.519999999999996,0.4516898907590288,0.45881351767358936
moae,differential_entropy_total,49,48.51,0.4524265822334839,0.45881351767358936
moae,differential_entropy_total,50,49.5,0.4538303655739867,0.45881351767358936
moae,differential_entropy_total,51,50.495000000000005,0.45518825024641085,0.45881351767358936
moae,differential_entropy_total,52,51.485,0.4567471182890433,0.45881351767358936
moae,differential_entropy_total,53,52.47500000000001,0.4581869373725762,0.45881351767358936
moae,differential_entropy_total,54,53.465,0.4591710544700925,0.45881351767358936
moae,differential_entropy_total,55,54.455,0.46011594244315696,0.45881351767358936
moae,differential_entropy_total,56,55.445,0.4616451283900502,0.45881351767358936
moae,differential_entropy_total,57,56.435,0.4633233221805583,0.45881351767358936
moae,differential_entropy_total,58,57.42499999999999,0.4650175307024687,0.45881351767358936
moae,differential_entropy_total,59,58.41499999999999,0.46624440703222664,0.45881351767358936
moae,differential_entropy_total,60,59.404999999999994,0.4680507705368583,0.45881351767358936
moae,differential_entropy_total,61,60.394999999999996,0.4697451400648908,0.45881351767358936
moae,differential_entropy_total,62,61.385,0.4711780675470103,0.45881351767358936
moae,differential_entropy_total,63,62.375,0.4738243170956054,0.45881351767358936
moae,differential_entropy_total,64,63.365,0.4751865083760874,0.45881351767358936
moae,differential_entropy_total,65,64.355,0.4777195841501699,0.45881351767358936
moae,differential_entropy_total,66,65.345,0.48013164653003737,0.45881351767358936
moae,differential_entropy_total,67,66.335,0.48216119336252966,0.45881351767358936
moae,differential_entropy_total,68,67.325,0.4834198935469089,0.45881351767358936
moae,differential_entropy_total,69,68.315,0.48398722104170927,0.45881351767358936
moae,differential_entropy_total,70,69.30499999999999,0.48404126576849965,0.45881351767358936
moae,differential_entropy_total,71,70.295,0.4844538965854547,0.45881351767358936
moae,differential_entropy_total,72,71.285,0.48514577977894763,0.45881351767358936
moae,differential_entropy_total,73,72.275,0.48552256583221964,0.45881351767358936
moae,differential_entropy_total,74,73.265,0.48528213294417305,0.45881351767358936
moae,differential_entropy_total,75,74.25500000000001,0.4852566035715244,0.45881351767358936
moae,differential_entropy_total,76,75.245,0.4852491396493467,0.45881351767358936
moae,differential_entropy_total,77,76.235,0.485402555423221,0.45881351767358936
moae,differential_entropy_total,78,77.225,0.4851679028959977,0.45881351767358936
moae,differential_entropy_total,79,78.215,0.48587200752665954,0.45881351767358936
moae,differential_entropy_total,80,79.205,0.48651806433929934,0.45881351767358936
moae,differential_entropy_total,81,80.195,0.48651937981067334,0.45881351767358936
moae,differential_entropy_total,82,81.185,0.48660610311362673,0.45881351767358936
moae,differential_entropy_total,83,82.175,0.4856359355032318,0.45881351767358936
moae,differential_entropy_total,84,83.165,0.4859305551781224,0.45881351767358936
moae,differential_entropy_total,85,84.155,0.4863188478007684,0.45881351767358936
moae,differential_entropy_total,86,85.14500000000001,0.487136157854604,0.45881351767358936
moae,differential_entropy_total,87,86.135,0.4884529233913119,0.45881351767358936
moae,differential_entropy_total,88,87.125,0.48883718036151,0.45881351767358936
moae,differential_entropy_total,89,88.115,0.48866508075891624,0.45881351767358936
moae,differential_entropy_total,90,89.105,0.48867629431704496,0.45881351767358936
moae,differential_entropy_total,91,90.095,0.48830876649260974,0.45881351767358936
moae,differential_entropy_total,92,91.08500000000001,0.4872199073522079,0.45881351767358936
moae,differential_entropy_total,93,92.07499999999999,0.48925153399092736,0.45881351767358936
moae,differential_entropy_total,94,93.065,0.4872367986876917,0.45881351767358936
moae,differential_entropy_total,95,94.055,0.4887533236093679,0.45881351767358936
moae,differential_entropy_total,96,95.045,0.48968366132234376,0.45881351767358936
moae,differential_entropy_total,97,96.035,0.4869226865683146,0.45881351767358936
moae,differential_entropy_total,98,97.025,0.48537359626507715,0.45881351767358936
moae,differential_entropy_total,99,98.015,0.4852386966333553,0.45881351767358936
moae,differential_entropy_total,100,99.005,0.48010838502435593,0.45881351767358936
moae,differential_entropy_aleatoric,0,0.0,0.4532921269510317,0.45873803824107506
moae,differential_entropy_aleatoric,1,0.990000000000002,0.4528416129503693,0.45873803824107506
moae,differential_entropy_aleatoric,2,1.980000000000004,0.452639626117143,0.45873803824107506
moae,differential_entropy_aleatoric,3,2.969999999999995,0.4524369657510845,0.45873803824107506
moae,differential_entropy_aleatoric,4,3.959999999999997,0.4522026854370037,0.45873803824107506
moae,differential_entropy_aleatoric,5,4.949999999999999,0.45187754314045925,0.45873803824107506
moae,differential_entropy_aleatoric,6,5.940000000000001,0.4515817252176986,0.45873803824107506
moae,differential_entropy_aleatoric,7,6.930000000000003,0.45139465208970847,0.45873803824107506
moae,differential_entropy_aleatoric,8,7.920000000000005,0.4509901721315778,0.45873803824107506
moae,differential_entropy_aleatoric,9,8.909999999999997,0.45070727950243955,0.45873803824107506
moae,differential_entropy_aleatoric,10,9.899999999999999,0.4502989747243257,0.45873803824107506
moae,differential_entropy_aleatoric,11,10.89,0.4500897832302261,0.45873803824107506
moae,differential_entropy_aleatoric,12,11.880000000000003,0.4498455162995517,0.45873803824107506
moae,differential_entropy_aleatoric,13,12.870000000000005,0.4494949923208713,0.45873803824107506
moae,differential_entropy_aleatoric,14,13.859999999999994,0.44916161050729275,0.45873803824107506
moae,differential_entropy_aleatoric,15,14.849999999999996,0.4487001976329552,0.45873803824107506
moae,differential_entropy_aleatoric,16,15.839999999999998,0.4484098589583535,0.45873803824107506
moae,differential_entropy_aleatoric,17,16.830000000000002,0.44801876356537634,0.45873803824107506
moae,differential_entropy_aleatoric,18,17.820000000000004,0.44775912305186794,0.45873803824107506
moae,differential_entropy_aleatoric,19,18.810000000000006,0.4474360820047021,0.45873803824107506
moae,differential_entropy_aleatoric,20,19.799999999999997,0.4470971835947367,0.45873803824107506
moae,differential_entropy_aleatoric,21,20.79,0.44667774653215575,0.45873803824107506
moae,differential_entropy_aleatoric,22,21.78,0.44628271806295006,0.45873803824107506
moae,differential_entropy_aleatoric,23,22.770000000000003,0.44564037022708186,0.45873803824107506
moae,differential_entropy_aleatoric,24,23.760000000000005,0.44553350303422734,0.45873803824107506
moae,differential_entropy_aleatoric,25,24.750000000000007,0.4450837942632423,0.45873803824107506
moae,differential_entropy_aleatoric,26,25.739999999999995,0.4445403489224248,0.45873803824107506
moae,differential_entropy_aleatoric,27,26.729999999999997,0.4440791231809204,0.45873803824107506
moae,differential_entropy_aleatoric,28,27.72,0.44350245822179873,0.45873803824107506
moae,differential_entropy_aleatoric,29,28.71,0.4431189340274615,0.45873803824107506
moae,differential_entropy_aleatoric,30,29.700000000000003,0.442647268696101,0.45873803824107506
moae,differential_entropy_aleatoric,31,30.689999999999994,0.44209419065033906,0.45873803824107506
moae,differential_entropy_aleatoric,32,31.679999999999996,0.4415777895213914,0.45873803824107506
moae,differential_entropy_aleatoric,33,32.67,0.4411097031639081,0.45873803824107506
moae,differential_entropy_aleatoric,34,33.660000000000004,0.4407901521133072,0.45873803824107506
moae,differential_entropy_aleatoric,35,34.650000000000006,0.4413070976390275,0.45873803824107506
moae,differential_entropy_aleatoric,36,35.64000000000001,0.44204518443540913,0.45873803824107506
moae,differential_entropy_aleatoric,37,36.629999999999995,0.4422539658103664,0.45873803824107506
moae,differential_entropy_aleatoric,38,37.62,0.4428647854632403,0.45873803824107506
moae,differential_entropy_aleatoric,39,38.61,0.4437077476870866,0.45873803824107506
moae,differential_entropy_aleatoric,40,39.6,0.4448253245174622,0.45873803824107506
moae,differential_entropy_aleatoric,41,40.59,0.44525956300348446,0.45873803824107506
moae,differential_entropy_aleatoric,42,41.58,0.44575999300576286,0.45873803824107506
moae,differential_entropy_aleatoric,43,42.56999999999999,0.4466412693837016,0.45873803824107506
moae,differential_entropy_aleatoric,44,43.56,0.4477165818056033,0.45873803824107506
moae,differential_entropy_aleatoric,45,44.55,0.44895784454245,0.45873803824107506
moae,differential_entropy_aleatoric,46,45.540000000000006,0.44996981270969744,0.45873803824107506
moae,differential_entropy_aleatoric,47,46.53,0.4511621733459469,0.45873803824107506
moae,differential_entropy_aleatoric,48,47.519999999999996,0.4516898907590288,0.45873803824107506
moae,differential_entropy_aleatoric,49,48.51,0.4524265822334839,0.45873803824107506
moae,differential_entropy_aleatoric,50,49.5,0.4538303655739867,0.45873803824107506
moae,differential_entropy_aleatoric,51,50.495000000000005,0.45518825024641085,0.45873803824107506
moae,differential_entropy_aleatoric,52,51.485,0.4567471182890433,0.45873803824107506
moae,differential_entropy_aleatoric,53,52.47500000000001,0.4581869373725762,0.45873803824107506
moae,differential_entropy_aleatoric,54,53.465,0.4591710544700925,0.45873803824107506
moae,differential_entropy_aleatoric,55,54.455,0.46011594244315696,0.45873803824107506
moae,differential_entropy_aleatoric,56,55.445,0.4616451283900502,0.45873803824107506
moae,differential_entropy_aleatoric,57,56.435,0.46332332218055833,0.45873803824107506
moae,differential_entropy_aleatoric,58,57.42499999999999,0.46501753070246865,0.45873803824107506
moae,differential_entropy_aleatoric,59,58.41499999999999,0.46624440703222664,0.45873803824107506
moae,differential_entropy_aleatoric,60,59.404999999999994,0.4680507705368583,0.45873803824107506
moae,differential_entropy_aleatoric,61,60.394999999999996,0.4697451400648908,0.45873803824107506
moae,differential_entropy_aleatoric,62,61.385,0.4711780675470103,0.45873803824107506
moae,differential_entropy_aleatoric,63,62.375,0.4738243170956054,0.45873803824107506
moae,differential_entropy_aleatoric,64,63.365,0.4751865083760874,0.45873803824107506
moae,differential_entropy_aleatoric,65,64.355,0.4777195841501699,0.45873803824107506
moae,differential_entropy_aleatoric,66,65.345,0.4801316465300375,0.45873803824107506
moae,differential_entropy_aleatoric,67,66.335,0.4821611933625297,0.45873803824107506
moae,differential_entropy_aleatoric,68,67.325,0.4834198935469089,0.45873803824107506
moae,differential_entropy_aleatoric,69,68.315,0.48398722104170927,0.45873803824107506
moae,differential_entropy_aleatoric,70,69.30499999999999,0.4840412657684997,0.45873803824107506
moae,differential_entropy_aleatoric,71,70.295,0.48445389658545474,0.45873803824107506
moae,differential_entropy_aleatoric,72,71.285,0.48514577977894763,0.45873803824107506
moae,differential_entropy_aleatoric,73,72.275,0.48552256583221964,0.45873803824107506
moae,differential_entropy_aleatoric,74,73.265,0.4854394902032136,0.45873803824107506
moae,differential_entropy_aleatoric,75,74.25500000000001,0.4861961480433566,0.45873803824107506
moae,differential_entropy_aleatoric,76,75.245,0.48656032877568395,0.45873803824107506
moae,differential_entropy_aleatoric,77,76.235,0.4860384065463326,0.45873803824107506
moae,differential_entropy_aleatoric,78,77.225,0.48665901105511866,0.45873803824107506
moae,differential_entropy_aleatoric,79,78.215,0.4869453909763797,0.45873803824107506
moae,differential_entropy_aleatoric,80,79.205,0.4861507093871405,0.45873803824107506
moae,differential_entropy_aleatoric,81,80.195,0.485727865004087,0.45873803824107506
moae,differential_entropy_aleatoric,82,81.185,0.485852817002289,0.45873803824107506
moae,differential_entropy_aleatoric,83,82.175,0.48529906958750196,0.45873803824107506
moae,differential_entropy_aleatoric,84,83.165,0.485294664089425,0.45873803824107506
moae,differential_entropy_aleatoric,85,84.155,0.48566615932283547,0.45873803824107506
moae,differential_entropy_aleatoric,86,85.14500000000001,0.4854206149736797,0.45873803824107506
moae,differential_entropy_aleatoric,87,86.135,0.4839344270277031,0.45873803824107506
moae,differential_entropy_aleatoric,88,87.125,0.4843184441816488,0.45873803824107506
moae,differential_entropy_aleatoric,89,88.115,0.48426167069608433,0.45873803824107506
moae,differential_entropy_aleatoric,90,89.105,0.4845122478222287,0.45873803824107506
moae,differential_entropy_aleatoric,91,90.095,0.48430110757346795,0.45873803824107506
moae,differential_entropy_aleatoric,92,91.08500000000001,0.48408444899440073,0.45873803824107506
moae,differential_entropy_aleatoric,93,92.07499999999999,0.4862552355758609,0.45873803824107506
moae,differential_entropy_aleatoric,94,93.065,0.48602928208067997,0.45873803824107506
moae,differential_entropy_aleatoric,95,94.055,0.48585216553003546,0.45873803824107506
moae,differential_entropy_aleatoric,96,95.045,0.48645192087839406,0.45873803824107506
moae,differential_entropy_aleatoric,97,96.035,0.48835167540423724,0.45873803824107506
moae,differential_entropy_aleatoric,98,97.025,0.4939628234831254,0.45873803824107506
moae,differential_entropy_aleatoric,99,98.015,0.4943475607457436,0.45873803824107506
moae,differential_entropy_aleatoric,100,99.005,0.49606431562198733,0.45873803824107506
moae,differential_entropy_epistemic,0,0.0,0.4532921269510317,0.45527562319734766
moae,differential_entropy_epistemic,1,0.990000000000002,0.4528416129503693,0.45527562319734766
moae,differential_entropy_epistemic,2,1.980000000000004,0.452639626117143,0.45527562319734766
moae,differential_entropy_epistemic,3,2.969999999999995,0.4524369657510845,0.45527562319734766
moae,differential_entropy_epistemic,4,3.959999999999997,0.4522026854370038,0.45527562319734766
moae,differential_entropy_epistemic,5,4.949999999999999,0.45187754314045914,0.45527562319734766
moae,differential_entropy_epistemic,6,5.940000000000001,0.45158172521769874,0.45527562319734766
moae,differential_entropy_epistemic,7,6.930000000000003,0.45139465208970847,0.45527562319734766
moae,differential_entropy_epistemic,8,7.920000000000005,0.45099017213157794,0.45527562319734766
moae,differential_entropy_epistemic,9,8.909999999999997,0.45070727950243955,0.45527562319734766
moae,differential_entropy_epistemic,10,9.899999999999999,0.4502989747243257,0.45527562319734766
moae,differential_entropy_epistemic,11,10.89,0.45008978323022614,0.45527562319734766
moae,differential_entropy_epistemic,12,11.880000000000003,0.4498455162995517,0.45527562319734766
moae,differential_entropy_epistemic,13,12.870000000000005,0.44949499232087126,0.45527562319734766
moae,differential_entropy_epistemic,14,13.859999999999994,0.4491616105072928,0.45527562319734766
moae,differential_entropy_epistemic,15,14.849999999999996,0.44870019763295527,0.45527562319734766
moae,differential_entropy_epistemic,16,15.839999999999998,0.44840985895835345,0.45527562319734766
moae,differential_entropy_epistemic,17,16.830000000000002,0.44801876356537634,0.45527562319734766
moae,differential_entropy_epistemic,18,17.820000000000004,0.4477591230518679,0.45527562319734766
moae,differential_entropy_epistemic,19,18.810000000000006,0.44743608200470214,0.45527562319734766
moae,differential_entropy_epistemic,20,19.799999999999997,0.4470971835947367,0.45527562319734766
moae,differential_entropy_epistemic,21,20.79,0.44666301454803226,0.45527562319734766
moae,differential_entropy_epistemic,22,21.78,0.44631593833178457,0.45527562319734766
moae,differential_entropy_epistemic,23,22.770000000000003,0.4457656331807632,0.45527562319734766
moae,differential_entropy_epistemic,24,23.760000000000005,0.44499574681762816,0.45527562319734766
moae,differential_entropy_epistemic,25,24.750000000000007,0.44549602095135304,0.45527562319734766
moae,differential_entropy_epistemic,26,25.739999999999995,0.44585242023897076,0.45527562319734766
moae,differential_entropy_epistemic,27,26.729999999999997,0.4467516543312127,0.45527562319734766
moae,differential_entropy_epistemic,28,27.72,0.4471077152422373,0.45527562319734766
moae,differential_entropy_epistemic,29,28.71,0.44796310885702445,0.45527562319734766
moae,differential_entropy_epistemic,30,29.700000000000003,0.4482113587504802,0.45527562319734766
moae,differential_entropy_epistemic,31,30.689999999999994,0.4485529194682128,0.45527562319734766
moae,differential_entropy_epistemic,32,31.679999999999996,0.44918868133955936,0.45527562319734766
moae,differential_entropy_epistemic,33,32.67,0.4499014468292758,0.45527562319734766
moae,differential_entropy_epistemic,34,33.660000000000004,0.4501849048069763,0.45527562319734766
moae,differential_entropy_epistemic,35,34.650000000000006,0.4503963137148595,0.45527562319734766
moae,differential_entropy_epistemic,36,35.64000000000001,0.45107660260834914,0.45527562319734766
moae,differential_entropy_epistemic,37,36.629999999999995,0.45101471785652314,0.45527562319734766
moae,differential_entropy_epistemic,38,37.62,0.4512221041406791,0.45527562319734766
moae,differential_entropy_epistemic,39,38.61,0.4516976049473843,0.45527562319734766
moae,differential_entropy_epistemic,40,39.6,0.4519400550002155,0.45527562319734766
moae,differential_entropy_epistemic,41,40.59,0.4521573489269867,0.45527562319734766
moae,differential_entropy_epistemic,42,41.58,0.45178063136721436,0.45527562319734766
moae,differential_entropy_epistemic,43,42.56999999999999,0.45164251374449305,0.45527562319734766
moae,differential_entropy_epistemic,44,43.56,0.4514048714564378,0.45527562319734766
moae,differential_entropy_epistemic,45,44.55,0.45092304942631195,0.45527562319734766
moae,differential_entropy_epistemic,46,45.540000000000006,0.45068511553078466,0.45527562319734766
moae,differential_entropy_epistemic,47,46.53,0.4503784900089581,0.45527562319734766
moae,differential_entropy_epistemic,48,47.519999999999996,0.4499669380540974,0.45527562319734766
moae,differential_entropy_epistemic,49,48.51,0.4494559120403675,0.45527562319734766
moae,differential_entropy_epistemic,50,49.5,0.44892286757896854,0.45527562319734766
moae,differential_entropy_epistemic,51,50.495000000000005,0.4491615781366708,0.45527562319734766
moae,differential_entropy_epistemic,52,51.485,0.4494777255325223,0.45527562319734766
moae,differential_entropy_epistemic,53,52.47500000000001,0.4494076047457681,0.45527562319734766
moae,differential_entropy_epistemic,54,53.465,0.4501976104082305,0.45527562319734766
moae,differential_entropy_epistemic,55,54.455,0.450640320990907,0.45527562319734766
moae,differential_entropy_epistemic,56,55.445,0.45114914669815215,0.45527562319734766
moae,differential_entropy_epistemic,57,56.435,0.45234674404237546,0.45527562319734766
moae,differential_entropy_epistemic,58,57.42499999999999,0.453284178112127,0.45527562319734766
moae,differential_entropy_epistemic,59,58.41499999999999,0.453723127624719,0.45527562319734766
moae,differential_entropy_epistemic,60,59.404999999999994,0.45424087619594866,0.45527562319734766
moae,differential_entropy_epistemic,61,60.394999999999996,0.4550643300260057,0.45527562319734766
moae,differential_entropy_epistemic,62,61.385,0.4554141116459235,0.45527562319734766
moae,differential_entropy_epistemic,63,62.375,0.4564838620756605,0.45527562319734766
moae,differential_entropy_epistemic,64,63.365,0.4576970679357991,0.45527562319734766
moae,differential_entropy_epistemic,65,64.355,0.45796373226793785,0.45527562319734766
moae,differential_entropy_epistemic,66,65.345,0.4600566666067792,0.45527562319734766
moae,differential_entropy_epistemic,67,66.335,0.4608989775606409,0.45527562319734766
moae,differential_entropy_epistemic,68,67.325,0.4619852888492181,0.45527562319734766
moae,differential_entropy_epistemic,69,68.315,0.4637694682867837,0.45527562319734766
moae,differential_entropy_epistemic,70,69.30499999999999,0.46536210264406674,0.45527562319734766
moae,differential_entropy_epistemic,71,70.295,0.4662643279284881,0.45527562319734766
moae,differential_entropy_epistemic,72,71.285,0.4669953469628944,0.45527562319734766
moae,differential_entropy_epistemic,73,72.275,0.4689747731909451,0.45527562319734766
moae,differential_entropy_epistemic,74,73.265,0.4704158201351251,0.45527562319734766
moae,differential_entropy_epistemic,75,74.25500000000001,0.47179379440084857,0.45527562319734766
moae,differential_entropy_epistemic,76,75.245,0.47382665596187545,0.45527562319734766
moae,differential_entropy_epistemic,77,76.235,0.47605871773078234,0.45527562319734766
moae,differential_entropy_epistemic,78,77.225,0.4777236814197562,0.45527562319734766
moae,differential_entropy_epistemic,79,78.215,0.4801775929969228,0.45527562319734766
moae,differential_entropy_epistemic,80,79.205,0.4809992997170134,0.45527562319734766
moae,differential_entropy_epistemic,81,80.195,0.48266912283787283,0.45527562319734766
moae,differential_entropy_epistemic,82,81.185,0.48253372309417136,0.45527562319734766
moae,differential_entropy_epistemic,83,82.175,0.4827855375361444,0.45527562319734766
moae,differential_entropy_epistemic,84,83.165,0.48322750910896445,0.45527562319734766
moae,differential_entropy_epistemic,85,84.155,0.483053155376588,0.45527562319734766
moae,differential_entropy_epistemic,86,85.14500000000001,0.48330722496517053,0.45527562319734766
moae,differential_entropy_epistemic,87,86.135,0.48319090454287156,0.45527562319734766
moae,differential_entropy_epistemic,88,87.125,0.4831107995062177,0.45527562319734766
moae,differential_entropy_epistemic,89,88.115,0.4844684231823055,0.45527562319734766
moae,differential_entropy_epistemic,90,89.105,0.484710601761908,0.45527562319734766
moae,differential_entropy_epistemic,91,90.095,0.48555010064595827,0.45527562319734766
moae,differential_entropy_epistemic,92,91.08500000000001,0.4855281288402106,0.45527562319734766
moae,differential_entropy_epistemic,93,92.07499999999999,0.48515184623761326,0.45527562319734766
moae,differential_entropy_epistemic,94,93.065,0.4863466333631717,0.45527562319734766
moae,differential_entropy_epistemic,95,94.055,0.48795041928939,0.45527562319734766
moae,differential_entropy_epistemic,96,95.045,0.48657922020533945,0.45527562319734766
moae,differential_entropy_epistemic,97,96.035,0.4883686212855592,0.45527562319734766
moae,differential_entropy_epistemic,98,97.025,0.4850592494954358,0.45527562319734766
moae,differential_entropy_epistemic,99,98.015,0.47570913653125274,0.45527562319734766
moae,differential_entropy_epistemic,100,99.005,0.47413559229979996,0.45527562319734766
moae,variance_total,0,0.0,0.4532921269510316,0.45881351767358936
moae,variance_total,1,0.990000000000002,0.4528416129503693,0.45881351767358936
moae,variance_total,2,1.980000000000004,0.452639626117143,0.45881351767358936
moae,variance_total,3,2.969999999999995,0.4524369657510845,0.45881351767358936
moae,variance_total,4,3.959999999999997,0.4522026854370038,0.45881351767358936
moae,variance_total,5,4.949999999999999,0.45187754314045925,0.45881351767358936
moae,variance_total,6,5.940000000000001,0.45158172521769874,0.45881351767358936
moae,variance_total,7,6.930000000000003,0.45139465208970847,0.45881351767358936
moae,variance_total,8,7.920000000000005,0.45099017213157794,0.45881351767358936
moae,variance_total,9,8.909999999999997,0.45070727950243955,0.45881351767358936
moae,variance_total,10,9.899999999999999,0.4502989747243257,0.45881351767358936
moae,variance_total,11,10.89,0.4500897832302261,0.45881351767358936
moae,variance_total,12,11.880000000000003,0.4498455162995517,0.45881351767358936
moae,variance_total,13,12.870000000000005,0.4494949923208713,0.45881351767358936
moae,variance_total,14,13.859999999999994,0.44916161050729275,0.45881351767358936
moae,variance_total,15,14.849999999999996,0.44870019763295527,0.45881351767358936
moae,variance_total,16,15.839999999999998,0.44840985895835345,0.45881351767358936
moae,variance_total,17,16.830000000000002,0.44801876356537634,0.45881351767358936
moae,variance_total,18,17.820000000000004,0.4477591230518679,0.45881351767358936
moae,variance_total,19,18.810000000000006,0.4474360820047021,0.45881351767358936
moae,variance_total,20,19.799999999999997,0.4470971835947367,0.45881351767358936
moae,variance_total,21,20.79,0.4466777465321557,0.45881351767358936
moae,variance_total,22,21.78,0.44628271806295006,0.45881351767358936
moae,variance_total,23,22.770000000000003,0.4456403702270819,0.45881351767358936
moae,variance_total,24,23.760000000000005,0.44553350303422734,0.45881351767358936
moae,variance_total,25,24.750000000000007,0.4450837942632423,0.45881351767358936
moae,variance_total,26,25.739999999999995,0.4445403489224248,0.45881351767358936
moae,variance_total,27,26.729999999999997,0.4440791231809204,0.45881351767358936
moae,variance_total,28,27.72,0.4435024582217987,0.45881351767358936
moae,variance_total,29,28.71,0.4431189340274615,0.45881351767358936
moae,variance_total,30,29.700000000000003,0.442647268696101,0.45881351767358936
moae,variance_total,31,30.689999999999994,0.44209419065033906,0.45881351767358936
moae,variance_total,32,31.679999999999996,0.4415777895213914,0.45881351767358936
moae,variance_total,33,32.67,0.4411097031639081,0.45881351767358936
moae,variance_total,34,33.660000000000004,0.4407901521133072,0.45881351767358936
moae,variance_total,35,34.650000000000006,0.4413070976390275,0.45881351767358936
moae,variance_total,36,35.64000000000001,0.44204518443540913,0.45881351767358936
moae,variance_total,37,36.629999999999995,0.4422539658103664,0.45881351767358936
moae,variance_total,38,37.62,0.4428647854632403,0.45881351767358936
moae,variance_total,39,38.61,0.4437077476870866,0.45881351767358936
moae,variance_total,40,39.6,0.4448253245174622,0.45881351767358936
moae,variance_total,41,40.59,0.44525956300348446,0.45881351767358936
moae,variance_total,42,41.58,0.4457599930057629,0.45881351767358936
moae,variance_total,43,42.56999999999999,0.44664126938370147,0.45881351767358936
moae,variance_total,44,43.56,0.4477165818056033,0.45881351767358936
moae,variance_total,45,44.55,0.44895784454245,0.45881351767358936
moae,variance_total,46,45.540000000000006,0.44996981270969744,0.45881351767358936
moae,variance_total,47,46.53,0.4511621733459469,0.45881351767358936
moae,variance_total,48,47.519999999999996,0.4516898907590288,0.45881351767358936
moae,variance_total,49,48.51,0.4524265822334839,0.45881351767358936
moae,variance_total,50,49.5,0.4538303655739867,0.45881351767358936
moae,variance_total,51,50.495000000000005,0.45518825024641085,0.45881351767358936
moae,variance_total,52,51.485,0.4567471182890433,0.45881351767358936
moae,variance_total,53,52.47500000000001,0.4581869373725762,0.45881351767358936
moae,variance_total,54,53.465,0.4591710544700925,0.45881351767358936
moae,variance_total,55,54.455,0.46011594244315696,0.45881351767358936
moae,variance_total,56,55.445,0.4616451283900502,0.45881351767358936
moae,variance_total,57,56.435,0.4633233221805583,0.45881351767358936
moae,variance_total,58,57.42499999999999,0.4650175307024687,0.45881351767358936
moae,variance_total,59,58.41499999999999,0.46624440703222664,0.45881351767358936
moae,variance_total,60,59.404999999999994,0.4680507705368583,0.45881351767358936
moae,variance_total,61,60.394999999999996,0.4697451400648908,0.45881351767358936
moae,variance_total,62,61.385,0.4711780675470103,0.45881351767358936
moae,variance_total,63,62.375,0.4738243170956054,0.45881351767358936
moae,variance_total,64,63.365,0.4751865083760874,0.45881351767358936
moae,variance_total,65,64.355,0.4777195841501699,0.45881351767358936
moae,variance_total,66,65.345,0.48013164653003737,0.45881351767358936
moae,variance_total,67,66.335,0.48216119336252966,0.45881351767358936
moae,variance_total,68,67.325,0.4834198935469089,0.45881351767358936
moae,variance_total,69,68.315,0.48398722104170927,0.45881351767358936
moae,variance_total,70,69.30499999999999,0.48404126576849965,0.45881351767358936
moae,variance_total,71,70.295,0.4844538965854547,0.45881351767358936
moae,variance_total,72,71.285,0.48514577977894763,0.45881351767358936
moae,variance_total,73,72.275,0.48552256583221964,0.45881351767358936
moae,variance_total,74,73.265,0.48528213294417305,0.45881351767358936
moae,variance_total,75,74.25500000000001,0.4852566035715244,0.45881351767358936
moae,variance_total,76,75.245,0.4852491396493467,0.45881351767358936
moae,variance_total,77,76.235,0.485402555423221,0.45881351767358936
moae,variance_total,78,77.225,0.4851679028959977,0.45881351767358936
moae,variance_total,79,78.215,0.48587200752665954,0.45881351767358936
moae,variance_total,80,79.205,0.48651806433929934,0.45881351767358936
moae,variance_total,81,80.195,0.48651937981067334,0.45881351767358936
moae,variance_total,82,81.185,0.48660610311362673,0.45881351767358936
moae,variance_total,83,82.175,0.4856359355032318,0.45881351767358936
moae,variance_total,84,83.165,0.4859305551781224,0.45881351767358936
moae,variance_total,85,84.155,0.4863188478007684,0.45881351767358936
moae,variance_total,86,85.14500000000001,0.487136157854604,0.45881351767358936
moae,variance_total,87,86.135,0.4884529233913119,0.45881351767358936
moae,variance_total,88,87.125,0.48883718036151,0.45881351767358936
moae,variance_total,89,88.115,0.48866508075891624,0.45881351767358936
moae,variance_total,90,89.105,0.48867629431704496,0.45881351767358936
moae,variance_total,91,90.095,0.48830876649260974,0.45881351767358936
moae,variance_total,92,91.08500000000001,0.4872199073522079,0.45881351767358936
moae,variance_total,93,92.07499999999999,0.48925153399092736,0.45881351767358936
moae,variance_total,94,93.065,0.4872367986876917,0.45881351767358936
moae,variance_total,95,94.055,0.4887533236093679,0.45881351767358936
moae,variance_total,96,95.045,0.48968366132234376,0.45881351767358936
moae,variance_total,97,96.035,0.4869226865683146,0.45881351767358936
moae,variance_total,98,97.025,0.48537359626507715,0.45881351767358936
moae,variance_total,99,98.015,0.4852386966333553,0.45881351767358936
moae,variance_total,100,99.005,0.48010838502435593,0.45881351767358936
moae,variance_aleatoric,0,0.0,0.4532921269510317,0.45873803824107506
moae,variance_aleatoric,1,0.990000000000002,0.4528416129503693,0.45873803824107506
moae,variance_aleatoric,2,1.980000000000004,0.452639626117143,0.45873803824107506
moae,variance_aleatoric,3,2.969999999999995,0.4524369657510845,0.45873803824107506
moae,variance_aleatoric,4,3.959999999999997,0.4522026854370037,0.45873803824107506
moae,variance_aleatoric,5,4.949999999999999,0.45187754314045925,0.45873803824107506
moae,variance_aleatoric,6,5.940000000000001,0.4515817252176986,0.45873803824107506
moae,variance_aleatoric,7,6.930000000000003,0.45139465208970847,0.45873803824107506
moae,variance_aleatoric,8,7.920000000000005,0.4509901721315778,0.45873803824107506
moae,variance_aleatoric,9,8.909999999999997,0.45070727950243955,0.45873803824107506
moae,variance_aleatoric,10,9.899999999999999,0.4502989747243257,0.45873803824107506
moae,variance_aleatoric,11,10.89,0.4500897832302261,0.45873803824107506
moae,variance_aleatoric,12,11.880000000000003,0.4498455162995517,0.45873803824107506
moae,variance_aleatoric,13,12.870000000000005,0.4494949923208713,0.45873803824107506
moae,variance_aleatoric,14,13.859999999999994,0.44916161050729275,0.45873803824107506
moae,variance_aleatoric,15,14.849999999999996,0.4487001976329552,0.45873803824107506
moae,variance_aleatoric,16,15.839999999999998,0.4484098589583535,0.45873803824107506
moae,variance_aleatoric,17,16.830000000000002,0.44801876356537634,0.45873803824107506
moae,variance_aleatoric,18,17.820000000000004,0.44775912305186794,0.45873803824107506
moae,variance_aleatoric,19,18.810000000000006,0.4474360820047021,0.45873803824107506
moae,variance_aleatoric,20,19.799999999999997,0.4470971835947367,0.45873803824107506
moae,variance_aleatoric,21,20.79,0.44667774653215575,0.45873803824107506
moae,variance_aleatoric,22,21.78,0.44628271806295006,0.45873803824107506
moae,variance_aleatoric,23,22.770000000000003,0.44564037022708186,0.45873803824107506
moae,variance_aleatoric,24,23.760000000000005,0.44553350303422734,0.45873803824107506
moae,variance_aleatoric,25,24.750000000000007,0.4450837942632423,0.45873803824107506
moae,variance_aleatoric,26,25.739999999999995,0.4445403489224248,0.45873803824107506
moae,variance_aleatoric,27,26.729999999999997,0.4440791231809204,0.45873803824107506
moae,variance_aleatoric,28,27.72,0.44350245822179873,0.45873803824107506
moae,variance_aleatoric,29,28.71,0.4431189340274615,0.45873803824107506
moae,variance_aleatoric,30,29.700000000000003,0.442647268696101,0.45873803824107506
moae,variance_aleatoric,31,30.689999999999994,0.44209419065033906,0.45873803824107506
moae,variance_aleatoric,32,31.679999999999996,0.4415777895213914,0.45873803824107506
moae,variance_aleatoric,33,32.67,0.4411097031639081,0.45873803824107506
moae,variance_aleatoric,34,33.660000000000004,0.4407901521133072,0.45873803824107506
moae,variance_aleatoric,35,34.650000000000006,0.4413070976390275,0.45873803824107506
moae,variance_aleatoric,36,35.64000000000001,0.44204518443540913,0.45873803824107506
moae,variance_aleatoric,37,36.629999999999995,0.4422539658103664,0.45873803824107506
moae,variance_aleatoric,38,37.62,0.4428647854632403,0.45873803824107506
moae,variance_aleatoric,39,38.61,0.4437077476870866,0.45873803824107506
moae,variance_aleatoric,40,39.6,0.4448253245174622,0.45873803824107506
moae,variance_aleatoric,41,40.59,0.44525956300348446,0.45873803824107506
moae,variance_aleatoric,42,41.58,0.44575999300576286,0.45873803824107506
moae,variance_aleatoric,43,42.56999999999999,0.4466412693837016,0.45873803824107506
moae,variance_aleatoric,44,43.56,0.4477165818056033,0.45873803824107506
moae,variance_aleatoric,45,44.55,0.44895784454245,0.45873803824107506
moae,variance_aleatoric,46,45.540000000000006,0.44996981270969744,0.45873803824107506
moae,variance_aleatoric,47,46.53,0.4511621733459469,0.45873803824107506
moae,variance_aleatoric,48,47.519999999999996,0.4516898907590288,0.45873803824107506
moae,variance_aleatoric,49,48.51,0.4524265822334839,0.45873803824107506
moae,variance_aleatoric,50,49.5,0.4538303655739867,0.45873803824107506
moae,variance_aleatoric,51,50.495000000000005,0.45518825024641085,0.45873803824107506
moae,variance_aleatoric,52,51.485,0.4567471182890433,0.45873803824107506
moae,variance_aleatoric,53,52.47500000000001,0.4581869373725762,0.45873803824107506
moae,variance_aleatoric,54,53.465,0.4591710544700925,0.45873803824107506
moae,variance_aleatoric,55,54.455,0.46011594244315696,0.45873803824107506
moae,variance_aleatoric,56,55.445,0.4616451283900502,0.45873803824107506
moae,variance_aleatoric,57,56.435,0.46332332218055833,0.45873803824107506
moae,variance_aleatoric,58,57.42499999999999,0.46501753070246865,0.45873803824107506
moae,variance_aleatoric,59,58.41499999999999,0.46624440703222664,0.45873803824107506
moae,variance_aleatoric,60,59.404999999999994,0.4680507705368583,0.45873803824107506
moae,variance_aleatoric,61,60.394999999999996,0.4697451400648908,0.45873803824107506
moae,variance_aleatoric,62,61.385,0.4711780675470103,0.45873803824107506
moae,variance_aleatoric,63,62.375,0.4738243170956054,0.45873803824107506
moae,variance_aleatoric,64,63.365,0.4751865083760874,0.45873803824107506
moae,variance_aleatoric,65,64.355,0.4777195841501699,0.45873803824107506
moae,variance_aleatoric,66,65.345,0.4801316465300375,0.45873803824107506
moae,variance_aleatoric,67,66.335,0.4821611933625297,0.45873803824107506
moae,variance_aleatoric,68,67.325,0.4834198935469089,0.45873803824107506
moae,variance_aleatoric,69,68.315,0.48398722104170927,0.45873803824107506
moae,variance_aleatoric,70,69.30499999999999,0.4840412657684997,0.45873803824107506
moae,variance_aleatoric,71,70.295,0.48445389658545474,0.45873803824107506
moae,variance_aleatoric,72,71.285,0.48514577977894763,0.45873803824107506
moae,variance_aleatoric,73,72.275,0.48552256583221964,0.45873803824107506
moae,variance_aleatoric,74,73.265,0.4854394902032136,0.45873803824107506
moae,variance_aleatoric,75,74.25500000000001,0.4861961480433566,0.45873803824107506
moae,variance_aleatoric,76,75.245,0.48656032877568395,0.45873803824107506
moae,variance_aleatoric,77,76.235,0.4860384065463326,0.45873803824107506
moae,variance_aleatoric,78,77.225,0.48665901105511866,0.45873803824107506
moae,variance_aleatoric,79,78.215,0.4869453909763797,0.45873803824107506
moae,variance_aleatoric,80,79.205,0.4861507093871405,0.45873803824107506
moae,variance_aleatoric,81,80.195,0.485727865004087,0.45873803824107506
moae,variance_aleatoric,82,81.185,0.485852817002289,0.45873803824107506
moae,variance_aleatoric,83,82.175,0.48529906958750196,0.45873803824107506
moae,variance_aleatoric,84,83.165,0.485294664089425,0.45873803824107506
moae,variance_aleatoric,85,84.155,0.48566615932283547,0.45873803824107506
moae,variance_aleatoric,86,85.14500000000001,0.4854206149736797,0.45873803824107506
moae,variance_aleatoric,87,86.135,0.4839344270277031,0.45873803824107506
moae,variance_aleatoric,88,87.125,0.4843184441816488,0.45873803824107506
moae,variance_aleatoric,89,88.115,0.48426167069608433,0.45873803824107506
moae,variance_aleatoric,90,89.105,0.4845122478222287,0.45873803824107506
moae,variance_aleatoric,91,90.095,0.48430110757346795,0.45873803824107506
moae,variance_aleatoric,92,91.08500000000001,0.48408444899440073,0.45873803824107506
moae,variance_aleatoric,93,92.07499999999999,0.4862552355758609,0.45873803824107506
moae,variance_aleatoric,94,93.065,0.48602928208067997,0.45873803824107506
moae,variance_aleatoric,95,94.055,0.48585216553003546,0.45873803824107506
moae,variance_aleatoric,96,95.045,0.48645192087839406,0.45873803824107506
moae,variance_aleatoric,97,96.035,0.48835167540423724,0.45873803824107506
moae,variance_aleatoric,98,97.025,0.4939628234831254,0.45873803824107506
moae,variance_aleatoric,99,98.015,0.4943475607457436,0.45873803824107506
moae,variance_aleatoric,100,99.005,0.49606431562198733,0.45873803824107506
moae,variance_epistemic,0,0.0,0.4532921269510317,0.45591203489806786
moae,variance_epistemic,1,0.990000000000002,0.4528416129503693,0.45591203489806786
moae,variance_epistemic,2,1.980000000000004,0.45263962611714303,0.45591203489806786
moae,variance_epistemic,3,2.969999999999995,0.4524369657510845,0.45591203489806786
moae,variance_epistemic,4,3.959999999999997,0.4522026854370038,0.45591203489806786
moae,variance_epistemic,5,4.949999999999999,0.45187754314045925,0.45591203489806786
moae,variance_epistemic,6,5.940000000000001,0.45158172521769874,0.45591203489806786
moae,variance_epistemic,7,6.930000000000003,0.45139465208970847,0.45591203489806786
moae,variance_epistemic,8,7.920000000000005,0.4509901721315778,0.45591203489806786
moae,variance_epistemic,9,8.909999999999997,0.45070727950243955,0.45591203489806786
moae,variance_epistemic,10,9.899999999999999,0.45029897472432573,0.45591203489806786
moae,variance_epistemic,11,10.89,0.45008978323022614,0.45591203489806786
moae,variance_epistemic,12,11.880000000000003,0.4498455162995517,0.45591203489806786
moae,variance_epistemic,13,12.870000000000005,0.44949499232087126,0.45591203489806786
moae,variance_epistemic,14,13.859999999999994,0.44916161050729275,0.45591203489806786
moae,variance_epistemic,15,14.849999999999996,0.4487001976329552,0.45591203489806786
moae,variance_epistemic,16,15.839999999999998,0.44840985895835345,0.45591203489806786
moae,variance_epistemic,17,16.830000000000002,0.44801876356537634,0.45591203489806786
moae,variance_epistemic,18,17.820000000000004,0.44775912305186794,0.45591203489806786
moae,variance_epistemic,19,18.810000000000006,0.44743608200470214,0.45591203489806786
moae,variance_epistemic,20,19.799999999999997,0.4470971835947367,0.45591203489806786
moae,variance_epistemic,21,20.79,0.4466811222501161,0.45591203489806786
moae,variance_epistemic,22,21.78,0.44629460373678276,0.45591203489806786
moae,variance_epistemic,23,22.770000000000003,0.4457915380227142,0.45591203489806786
moae,variance_epistemic,24,23.760000000000005,0.4461368172968481,0.45591203489806786
moae,variance_epistemic,25,24.750000000000007,0.4469061599732364,0.45591203489806786
moae,variance_epistemic,26,25.739999999999995,0.4471438104626732,0.45591203489806786
moae,variance_epistemic,27,26.729999999999997,0.44787733154300635,0.45591203489806786
moae,variance_epistemic,28,27.72,0.4484929881468896,0.45591203489806786
moae,variance_epistemic,29,28.71,0.44866101687952575,0.45591203489806786
moae,variance_epistemic,30,29.700000000000003,0.4493865825681116,0.45591203489806786
moae,variance_epistemic,31,30.689999999999994,0.4496910972957646,0.45591203489806786
moae,variance_epistemic,32,31.679999999999996,0.450058046256952,0.45591203489806786
moae,variance_epistemic,33,32.67,0.4506137635895766,0.45591203489806786
moae,variance_epistemic,34,33.660000000000004,0.4506885243601815,0.45591203489806786
moae,variance_epistemic,35,34.650000000000006,0.4509953552678492,0.45591203489806786
moae,variance_epistemic,36,35.64000000000001,0.45181548394517573,0.45591203489806786
moae,variance_epistemic,37,36.629999999999995,0.4521832422488563,0.45591203489806786
moae,variance_epistemic,38,37.62,0.45221922751476235,0.45591203489806786
moae,variance_epistemic,39,38.61,0.45295751435860493,0.45591203489806786
moae,variance_epistemic,40,39.6,0.4534040745747443,0.45591203489806786
moae,variance_epistemic,41,40.59,0.4533049757186258,0.45591203489806786
moae,variance_epistemic,42,41.58,0.45331091186697897,0.45591203489806786
moae,variance_epistemic,43,42.56999999999999,0.4530515924136276,0.45591203489806786
moae,variance_epistemic,44,43.56,0.45274007553851064,0.45591203489806786
moae,variance_epistemic,45,44.55,0.4526826063250167,0.45591203489806786
moae,variance_epistemic,46,45.540000000000006,0.45215628418762177,0.45591203489806786
moae,variance_epistemic,47,46.53,0.4519337265874368,0.45591203489806786
moae,variance_epistemic,48,47.519999999999996,0.4513112074576182,0.45591203489806786
moae,variance_epistemic,49,48.51,0.451029435946995,0.45591203489806786
moae,variance_epistemic,50,49.5,0.4506204284050098,0.45591203489806786
moae,variance_epistemic,51,50.495000000000005,0.4500730659445583,0.45591203489806786
moae,variance_epistemic,52,51.485,0.45005620746353436,0.45591203489806786
moae,variance_epistemic,53,52.47500000000001,0.45014822994051207,0.45591203489806786
moae,variance_epistemic,54,53.465,0.45121592162169605,0.45591203489806786
moae,variance_epistemic,55,54.455,0.45170349793806713,0.45591203489806786
moae,variance_epistemic,56,55.445,0.45256919200291873,0.45591203489806786
moae,variance_epistemic,57,56.435,0.4533364311236328,0.45591203489806786
moae,variance_epistemic,58,57.42499999999999,0.45443321281424476,0.45591203489806786
moae,variance_epistemic,59,58.41499999999999,0.4548312273430027,0.45591203489806786
moae,variance_epistemic,60,59.404999999999994,0.4556169069640291,0.45591203489806786
moae,variance_epistemic,61,60.394999999999996,0.45608978679137563,0.45591203489806786
moae,variance_epistemic,62,61.385,0.45688328355903585,0.45591203489806786
moae,variance_epistemic,63,62.375,0.4576538483021121,0.45591203489806786
moae,variance_epistemic,64,63.365,0.4587737684591219,0.45591203489806786
moae,variance_epistemic,65,64.355,0.4596759573922126,0.45591203489806786
moae,variance_epistemic,66,65.345,0.46140566354410406,0.45591203489806786
moae,variance_epistemic,67,66.335,0.4617187039531878,0.45591203489806786
moae,variance_epistemic,68,67.325,0.4629015292862086,0.45591203489806786
moae,variance_epistemic,69,68.315,0.46472896438664607,0.45591203489806786
moae,variance_epistemic,70,69.30499999999999,0.4659794819417196,0.45591203489806786
moae,variance_epistemic,71,70.295,0.4665204332174161,0.45591203489806786
moae,variance_epistemic,72,71.285,0.46825961395421173,0.45591203489806786
moae,variance_epistemic,73,72.275,0.46997615748398874,0.45591203489806786
moae,variance_epistemic,74,73.265,0.4713020062245654,0.45591203489806786
moae,variance_epistemic,75,74.25500000000001,0.4735876638512729,0.45591203489806786
moae,variance_epistemic,76,75.245,0.474372712382311,0.45591203489806786
moae,variance_epistemic,77,76.235,0.4769798940134463,0.45591203489806786
moae,variance_epistemic,78,77.225,0.47809155148974497,0.45591203489806786
moae,variance_epistemic,79,78.215,0.48031241896165466,0.45591203489806786
moae,variance_epistemic,80,79.205,0.48132504615250976,0.45591203489806786
moae,variance_epistemic,81,80.195,0.4826252959648488,0.45591203489806786
moae,variance_epistemic,82,81.185,0.48252490462691544,0.45591203489806786
moae,variance_epistemic,83,82.175,0.4831280960834715,0.45591203489806786
moae,variance_epistemic,84,83.165,0.48320364386046305,0.45591203489806786
moae,variance_epistemic,85,84.155,0.4830258951037615,0.45591203489806786
moae,variance_epistemic,86,85.14500000000001,0.483204024687551,0.45591203489806786
moae,variance_epistemic,87,86.135,0.48322937624724666,0.45591203489806786
moae,variance_epistemic,88,87.125,0.48293464249157536,0.45591203489806786
moae,variance_epistemic,89,88.115,0.4846339866036956,0.45591203489806786
moae,variance_epistemic,90,89.105,0.4849891278404339,0.45591203489806786
moae,variance_epistemic,91,90.095,0.48518282307479366,0.45591203489806786
moae,variance_epistemic,92,91.08500000000001,0.4851614409473871,0.45591203489806786
moae,variance_epistemic,93,92.07499999999999,0.4860399907965462,0.45591203489806786
moae,variance_epistemic,94,93.065,0.48604371612539515,0.45591203489806786
moae,variance_epistemic,95,94.055,0.4879896303711157,0.45591203489806786
moae,variance_epistemic,96,95.045,0.48678788028236475,0.45591203489806786
moae,variance_epistemic,97,96.035,0.48726644633836547,0.45591203489806786
moae,variance_epistemic,98,97.025,0.48467806940072644,0.45591203489806786
moae,variance_epistemic,99,98.015,0.47822985892262915,0.45591203489806786
moae,variance_epistemic,100,99.005,0.47655006707608377,0.45591203489806786
moae,alpha_volume_total_5%,0,0.0,0.4532921269510317,0.44711254648995824
moae,alpha_volume_total_5%,1,0.990000000000002,0.45342930060479264,0.44711254648995824
moae,alpha_volume_total_5%,2,1.980000000000004,0.45343171604596005,0.44711254648995824
moae,alpha_volume_total_5%,3,2.969999999999995,0.45365356695199466,0.44711254648995824
moae,alpha_volume_total_5%,4,3.959999999999997,0.4536803174067822,0.44711254648995824
moae,alpha_volume_total_5%,5,4.949999999999999,0.45403715413011225,0.44711254648995824
moae,alpha_volume_total_5%,6,5.940000000000001,0.45417664680799025,0.44711254648995824
moae,alpha_volume_total_5%,7,6.930000000000003,0.45419116255199754,0.44711254648995824
moae,alpha_volume_total_5%,8,7.920000000000005,0.45403058026451176,0.44711254648995824
moae,alpha_volume_total_5%,9,8.909999999999997,0.45390895865459374,0.44711254648995824
moae,alpha_volume_total_5%,10,9.899999999999999,0.4537087974875088,0.44711254648995824
moae,alpha_volume_total_5%,11,10.89,0.45327470594181846,0.44711254648995824
moae,alpha_volume_total_5%,12,11.880000000000003,0.4533154142524221,0.44711254648995824
moae,alpha_volume_total_5%,13,12.870000000000005,0.4534137351889718,0.44711254648995824
moae,alpha_volume_total_5%,14,13.859999999999994,0.4531777158325581,0.44711254648995824
moae,alpha_volume_total_5%,15,14.849999999999996,0.4530157286157122,0.44711254648995824
moae,alpha_volume_total_5%,16,15.839999999999998,0.4528452216517728,0.44711254648995824
moae,alpha_volume_total_5%,17,16.830000000000002,0.45268996190422595,0.44711254648995824
moae,alpha_volume_total_5%,18,17.820000000000004,0.45260646439625013,0.44711254648995824
moae,alpha_volume_total_5%,19,18.810000000000006,0.4525171812183585,0.44711254648995824
moae,alpha_volume_total_5%,20,19.799999999999997,0.4521345715149373,0.44711254648995824
moae,alpha_volume_total_5%,21,20.79,0.45243938849729554,0.44711254648995824
moae,alpha_volume_total_5%,22,21.78,0.45231902366353355,0.44711254648995824
moae,alpha_volume_total_5%,23,22.770000000000003,0.4522124403911929,0.44711254648995824
moae,alpha_volume_total_5%,24,23.760000000000005,0.4522951230438972,0.44711254648995824
moae,alpha_volume_total_5%,25,24.750000000000007,0.4523153464644001,0.44711254648995824
moae,alpha_volume_total_5%,26,25.739999999999995,0.4522142934306687,0.44711254648995824
moae,alpha_volume_total_5%,27,26.729999999999997,0.4523205272122841,0.44711254648995824
moae,alpha_volume_total_5%,28,27.72,0.4522062289799634,0.44711254648995824
moae,alpha_volume_total_5%,29,28.71,0.4524832577844468,0.44711254648995824
moae,alpha_volume_total_5%,30,29.700000000000003,0.4520224536631722,0.44711254648995824
moae,alpha_volume_total_5%,31,30.689999999999994,0.45187779153758095,0.44711254648995824
moae,alpha_volume_total_5%,32,31.679999999999996,0.4517953510626996,0.44711254648995824
moae,alpha_volume_total_5%,33,32.67,0.45174419174749997,0.44711254648995824
moae,alpha_volume_total_5%,34,33.660000000000004,0.45139164880378296,0.44711254648995824
moae,alpha_volume_total_5%,35,34.650000000000006,0.4514364163940365,0.44711254648995824
moae,alpha_volume_total_5%,36,35.64000000000001,0.4514395024374974,0.44711254648995824
moae,alpha_volume_total_5%,37,36.629999999999995,0.4507388481118394,0.44711254648995824
moae,alpha_volume_total_5%,38,37.62,0.4507433591812592,0.44711254648995824
moae,alpha_volume_total_5%,39,38.61,0.4509398411243125,0.44711254648995824
moae,alpha_volume_total_5%,40,39.6,0.45136370528894015,0.44711254648995824
moae,alpha_volume_total_5%,41,40.59,0.4513766155622103,0.44711254648995824
moae,alpha_volume_total_5%,42,41.58,0.45098556430962156,0.44711254648995824
moae,alpha_volume_total_5%,43,42.56999999999999,0.45161923404576054,0.44711254648995824
moae,alpha_volume_total_5%,44,43.56,0.4515703962436449,0.44711254648995824
moae,alpha_volume_total_5%,45,44.55,0.4516823843097585,0.44711254648995824
moae,alpha_volume_total_5%,46,45.540000000000006,0.45145666767489484,0.44711254648995824
moae,alpha_volume_total_5%,47,46.53,0.45178283182145906,0.44711254648995824
moae,alpha_volume_total_5%,48,47.519999999999996,0.45126498576028196,0.44711254648995824
moae,alpha_volume_total_5%,49,48.51,0.45093974242453355,0.44711254648995824
moae,alpha_volume_total_5%,50,49.5,0.4511098639315499,0.44711254648995824
moae,alpha_volume_total_5%,51,50.495000000000005,0.45152340819148745,0.44711254648995824
moae,alpha_volume_total_5%,52,51.485,0.4511662245409335,0.44711254648995824
moae,alpha_volume_total_5%,53,52.47500000000001,0.4511424431983295,0.44711254648995824
moae,alpha_volume_total_5%,54,53.465,0.45114337445846503,0.44711254648995824
moae,alpha_volume_total_5%,55,54.455,0.45125715803347227,0.44711254648995824
moae,alpha_volume_total_5%,56,55.445,0.4509836628926457,0.44711254648995824
moae,alpha_volume_total_5%,57,56.435,0.451034652349107,0.44711254648995824
moae,alpha_volume_total_5%,58,57.42499999999999,0.45064612623392925,0.44711254648995824
moae,alpha_volume_total_5%,59,58.41499999999999,0.45071557905056053,0.44711254648995824
moae,alpha_volume_total_5%,60,59.404999999999994,0.4508196981870759,0.44711254648995824
moae,alpha_volume_total_5%,61,60.394999999999996,0.4510908493754269,0.44711254648995824
moae,alpha_volume_total_5%,62,61.385,0.45117274894368464,0.44711254648995824
moae,alpha_volume_total_5%,63,62.375,0.4516581014893887,0.44711254648995824
moae,alpha_volume_total_5%,64,63.365,0.4512396718910072,0.44711254648995824
moae,alpha_volume_total_5%,65,64.355,0.4515909263835316,0.44711254648995824
moae,alpha_volume_total_5%,66,65.345,0.45135084260898445,0.44711254648995824
moae,alpha_volume_total_5%,67,66.335,0.4515734034469783,0.44711254648995824
moae,alpha_volume_total_5%,68,67.325,0.45136931289171967,0.44711254648995824
moae,alpha_volume_total_5%,69,68.315,0.451380928397068,0.44711254648995824
moae,alpha_volume_total_5%,70,69.30499999999999,0.4516747323654758,0.44711254648995824
moae,alpha_volume_total_5%,71,70.295,0.4524589696085274,0.44711254648995824
moae,alpha_volume_total_5%,72,71.285,0.4522257956085173,0.44711254648995824
moae,alpha_volume_total_5%,73,72.275,0.45188590554755026,0.44711254648995824
moae,alpha_volume_total_5%,74,73.265,0.45194865186140054,0.44711254648995824
moae,alpha_volume_total_5%,75,74.25500000000001,0.45171966015410686,0.44711254648995824
moae,alpha_volume_total_5%,76,75.245,0.4514534640678885,0.44711254648995824
moae,alpha_volume_total_5%,77,76.235,0.45135613345824055,0.44711254648995824
moae,alpha_volume_total_5%,78,77.225,0.45221264359863983,0.44711254648995824
moae,alpha_volume_total_5%,79,78.215,0.4512846773549692,0.44711254648995824
moae,alpha_volume_total_5%,80,79.205,0.4509740506920139,0.44711254648995824
moae,alpha_volume_total_5%,81,80.195,0.44996707304946565,0.44711254648995824
moae,alpha_volume_total_5%,82,81.185,0.44993384084170795,0.44711254648995824
moae,alpha_volume_total_5%,83,82.175,0.4505764955006472,0.44711254648995824
moae,alpha_volume_total_5%,84,83.165,0.45043696943016814,0.44711254648995824
moae,alpha_volume_total_5%,85,84.155,0.44931326418322265,0.44711254648995824
moae,alpha_volume_total_5%,86,85.14500000000001,0.4494123085430715,0.44711254648995824
moae,alpha_volume_total_5%,87,86.135,0.44919121843941406,0.44711254648995824
moae,alpha_volume_total_5%,88,87.125,0.450228655834265,0.44711254648995824
moae,alpha_volume_total_5%,89,88.115,0.4520373778215775,0.44711254648995824
moae,alpha_volume_total_5%,90,89.105,0.4506963151891756,0.44711254648995824
moae,alpha_volume_total_5%,91,90.095,0.45237772238506296,0.44711254648995824
moae,alpha_volume_total_5%,92,91.08500000000001,0.4526809546658903,0.44711254648995824
moae,alpha_volume_total_5%,93,92.07499999999999,0.45266025615930316,0.44711254648995824
moae,alpha_volume_total_5%,94,93.065,0.4506320612898758,0.44711254648995824
moae,alpha_volume_total_5%,95,94.055,0.44896515713150337,0.44711254648995824
moae,alpha_volume_total_5%,96,95.045,0.45082722771550465,0.44711254648995824
moae,alpha_volume_total_5%,97,96.035,0.4505491854408383,0.44711254648995824
moae,alpha_volume_total_5%,98,97.025,0.447687470118361,0.44711254648995824
moae,alpha_volume_total_5%,99,98.015,0.4448615472340385,0.44711254648995824
moae,alpha_volume_total_5%,100,99.005,0.44308643845467055,0.44711254648995824
moae,alpha_volume_aleatoric_5%,0,0.0,0.4532921269510317,0.44711254648995824
moae,alpha_volume_aleatoric_5%,1,0.990000000000002,0.45342930060479264,0.44711254648995824
moae,alpha_volume_aleatoric_5%,2,1.980000000000004,0.45343171604596005,0.44711254648995824
moae,alpha_volume_aleatoric_5%,3,2.969999999999995,0.45365356695199466,0.44711254648995824
moae,alpha_volume_aleatoric_5%,4,3.959999999999997,0.4536803174067822,0.44711254648995824
moae,alpha_volume_aleatoric_5%,5,4.949999999999999,0.45403715413011225,0.44711254648995824
moae,alpha_volume_aleatoric_5%,6,5.940000000000001,0.45417664680799025,0.44711254648995824
moae,alpha_volume_aleatoric_5%,7,6.930000000000003,0.45419116255199754,0.44711254648995824
moae,alpha_volume_aleatoric_5%,8,7.920000000000005,0.45403058026451176,0.44711254648995824
moae,alpha_volume_aleatoric_5%,9,8.909999999999997,0.45390895865459374,0.44711254648995824
moae,alpha_volume_aleatoric_5%,10,9.899999999999999,0.4537087974875088,0.44711254648995824
moae,alpha_volume_aleatoric_5%,11,10.89,0.45327470594181846,0.44711254648995824
moae,alpha_volume_aleatoric_5%,12,11.880000000000003,0.4533154142524221,0.44711254648995824
moae,alpha_volume_aleatoric_5%,13,12.870000000000005,0.4534137351889718,0.44711254648995824
moae,alpha_volume_aleatoric_5%,14,13.859999999999994,0.4531777158325581,0.44711254648995824
moae,alpha_volume_aleatoric_5%,15,14.849999999999996,0.4530157286157122,0.44711254648995824
moae,alpha_volume_aleatoric_5%,16,15.839999999999998,0.4528452216517728,0.44711254648995824
moae,alpha_volume_aleatoric_5%,17,16.830000000000002,0.45268996190422595,0.44711254648995824
moae,alpha_volume_aleatoric_5%,18,17.820000000000004,0.45260646439625013,0.44711254648995824
moae,alpha_volume_aleatoric_5%,19,18.810000000000006,0.4525171812183585,0.44711254648995824
moae,alpha_volume_aleatoric_5%,20,19.799999999999997,0.4521345715149373,0.44711254648995824
moae,alpha_volume_aleatoric_5%,21,20.79,0.45243938849729554,0.44711254648995824
moae,alpha_volume_aleatoric_5%,22,21.78,0.45231902366353355,0.44711254648995824
moae,alpha_volume_aleatoric_5%,23,22.770000000000003,0.4522124403911929,0.44711254648995824
moae,alpha_volume_aleatoric_5%,24,23.760000000000005,0.4522951230438972,0.44711254648995824
moae,alpha_volume_aleatoric_5%,25,24.750000000000007,0.4523153464644001,0.44711254648995824
moae,alpha_volume_aleatoric_5%,26,25.739999999999995,0.4522142934306687,0.44711254648995824
moae,alpha_volume_aleatoric_5%,27,26.729999999999997,0.4523205272122841,0.44711254648995824
moae,alpha_volume_aleatoric_5%,28,27.72,0.4522062289799634,0.44711254648995824
moae,alpha_volume_aleatoric_5%,29,28.71,0.4524832577844468,0.44711254648995824
moae,alpha_volume_aleatoric_5%,30,29.700000000000003,0.4520224536631722,0.44711254648995824
moae,alpha_volume_aleatoric_5%,31,30.689999999999994,0.45187779153758095,0.44711254648995824
moae,alpha_volume_aleatoric_5%,32,31.679999999999996,0.4517953510626996,0.44711254648995824
moae,alpha_volume_aleatoric_5%,33,32.67,0.45174419174749997,0.44711254648995824
moae,alpha_volume_aleatoric_5%,34,33.660000000000004,0.45139164880378296,0.44711254648995824
moae,alpha_volume_aleatoric_5%,35,34.650000000000006,0.4514364163940365,0.44711254648995824
moae,alpha_volume_aleatoric_5%,36,35.64000000000001,0.4514395024374974,0.44711254648995824
moae,alpha_volume_aleatoric_5%,37,36.629999999999995,0.4507388481118394,0.44711254648995824
moae,alpha_volume_aleatoric_5%,38,37.62,0.4507433591812592,0.44711254648995824
moae,alpha_volume_aleatoric_5%,39,38.61,0.4509398411243125,0.44711254648995824
moae,alpha_volume_aleatoric_5%,40,39.6,0.45136370528894015,0.44711254648995824
moae,alpha_volume_aleatoric_5%,41,40.59,0.4513766155622103,0.44711254648995824
moae,alpha_volume_aleatoric_5%,42,41.58,0.45098556430962156,0.44711254648995824
moae,alpha_volume_aleatoric_5%,43,42.56999999999999,0.45161923404576054,0.44711254648995824
moae,alpha_volume_aleatoric_5%,44,43.56,0.4515703962436449,0.44711254648995824
moae,alpha_volume_aleatoric_5%,45,44.55,0.4516823843097585,0.44711254648995824
moae,alpha_volume_aleatoric_5%,46,45.540000000000006,0.45145666767489484,0.44711254648995824
moae,alpha_volume_aleatoric_5%,47,46.53,0.45178283182145906,0.44711254648995824
moae,alpha_volume_aleatoric_5%,48,47.519999999999996,0.45126498576028196,0.44711254648995824
moae,alpha_volume_aleatoric_5%,49,48.51,0.45093974242453355,0.44711254648995824
moae,alpha_volume_aleatoric_5%,50,49.5,0.4511098639315499,0.44711254648995824
moae,alpha_volume_aleatoric_5%,51,50.495000000000005,0.45152340819148745,0.44711254648995824
moae,alpha_volume_aleatoric_5%,52,51.485,0.4511662245409335,0.44711254648995824
moae,alpha_volume_aleatoric_5%,53,52.47500000000001,0.4511424431983295,0.44711254648995824
moae,alpha_volume_aleatoric_5%,54,53.465,0.45114337445846503,0.44711254648995824
moae,alpha_volume_aleatoric_5%,55,54.455,0.45125715803347227,0.44711254648995824
moae,alpha_volume_aleatoric_5%,56,55.445,0.4509836628926457,0.44711254648995824
moae,alpha_volume_aleatoric_5%,57,56.435,0.451034652349107,0.44711254648995824
moae,alpha_volume_aleatoric_5%,58,57.42499999999999,0.45064612623392925,0.44711254648995824
moae,alpha_volume_aleatoric_5%,59,58.41499999999999,0.45071557905056053,0.44711254648995824
moae,alpha_volume_aleatoric_5%,60,59.404999999999994,0.4508196981870759,0.44711254648995824
moae,alpha_volume_aleatoric_5%,61,60.394999999999996,0.4510908493754269,0.44711254648995824
moae,alpha_volume_aleatoric_5%,62,61.385,0.45117274894368464,0.44711254648995824
moae,alpha_volume_aleatoric_5%,63,62.375,0.4516581014893887,0.44711254648995824
moae,alpha_volume_aleatoric_5%,64,63.365,0.4512396718910072,0.44711254648995824
moae,alpha_volume_aleatoric_5%,65,64.355,0.4515909263835316,0.44711254648995824
moae,alpha_volume_aleatoric_5%,66,65.345,0.45135084260898445,0.44711254648995824
moae,alpha_volume_aleatoric_5%,67,66.335,0.4515734034469783,0.44711254648995824
moae,alpha_volume_aleatoric_5%,68,67.325,0.45136931289171967,0.44711254648995824
moae,alpha_volume_aleatoric_5%,69,68.315,0.451380928397068,0.44711254648995824
moae,alpha_volume_aleatoric_5%,70,69.30499999999999,0.4516747323654758,0.44711254648995824
moae,alpha_volume_aleatoric_5%,71,70.295,0.4524589696085274,0.44711254648995824
moae,alpha_volume_aleatoric_5%,72,71.285,0.4522257956085173,0.44711254648995824
moae,alpha_volume_aleatoric_5%,73,72.275,0.45188590554755026,0.44711254648995824
moae,alpha_volume_aleatoric_5%,74,73.265,0.45194865186140054,0.44711254648995824
moae,alpha_volume_aleatoric_5%,75,74.25500000000001,0.45171966015410686,0.44711254648995824
moae,alpha_volume_aleatoric_5%,76,75.245,0.4514534640678885,0.44711254648995824
moae,alpha_volume_aleatoric_5%,77,76.235,0.45135613345824055,0.44711254648995824
moae,alpha_volume_aleatoric_5%,78,77.225,0.45221264359863983,0.44711254648995824
moae,alpha_volume_aleatoric_5%,79,78.215,0.4512846773549692,0.44711254648995824
moae,alpha_volume_aleatoric_5%,80,79.205,0.4509740506920139,0.44711254648995824
moae,alpha_volume_aleatoric_5%,81,80.195,0.44996707304946565,0.44711254648995824
moae,alpha_volume_aleatoric_5%,82,81.185,0.44993384084170795,0.44711254648995824
moae,alpha_volume_aleatoric_5%,83,82.175,0.4505764955006472,0.44711254648995824
moae,alpha_volume_aleatoric_5%,84,83.165,0.45043696943016814,0.44711254648995824
moae,alpha_volume_aleatoric_5%,85,84.155,0.44931326418322265,0.44711254648995824
moae,alpha_volume_aleatoric_5%,86,85.14500000000001,0.4494123085430715,0.44711254648995824
moae,alpha_volume_aleatoric_5%,87,86.135,0.44919121843941406,0.44711254648995824
moae,alpha_volume_aleatoric_5%,88,87.125,0.450228655834265,0.44711254648995824
moae,alpha_volume_aleatoric_5%,89,88.115,0.4520373778215775,0.44711254648995824
moae,alpha_volume_aleatoric_5%,90,89.105,0.4506963151891756,0.44711254648995824
moae,alpha_volume_aleatoric_5%,91,90.095,0.45237772238506296,0.44711254648995824
moae,alpha_volume_aleatoric_5%,92,91.08500000000001,0.4526809546658903,0.44711254648995824
moae,alpha_volume_aleatoric_5%,93,92.07499999999999,0.45266025615930316,0.44711254648995824
moae,alpha_volume_aleatoric_5%,94,93.065,0.4506320612898758,0.44711254648995824
moae,alpha_volume_aleatoric_5%,95,94.055,0.44896515713150337,0.44711254648995824
moae,alpha_volume_aleatoric_5%,96,95.045,0.45082722771550465,0.44711254648995824
moae,alpha_volume_aleatoric_5%,97,96.035,0.4505491854408383,0.44711254648995824
moae,alpha_volume_aleatoric_5%,98,97.025,0.447687470118361,0.44711254648995824
moae,alpha_volume_aleatoric_5%,99,98.015,0.4448615472340385,0.44711254648995824
moae,alpha_volume_aleatoric_5%,100,99.005,0.44308643845467055,0.44711254648995824
moae,alpha_volume_epistemic_5%,0,0.0,0.4532921269510317,0.41774581040047176
moae,alpha_volume_epistemic_5%,1,0.990000000000002,0.4529349167147921,0.41774581040047176
moae,alpha_volume_epistemic_5%,2,1.980000000000004,0.4525167158558809,0.41774581040047176
moae,alpha_volume_epistemic_5%,3,2.969999999999995,0.45208349454136265,0.41774581040047176
moae,alpha_volume_epistemic_5%,4,3.959999999999997,0.4518361758218608,0.41774581040047176
moae,alpha_volume_epistemic_5%,5,4.949999999999999,0.45165109112954116,0.41774581040047176
moae,alpha_volume_epistemic_5%,6,5.940000000000001,0.45132876268038835,0.41774581040047176
moae,alpha_volume_epistemic_5%,7,6.930000000000003,0.45088203412651306,0.41774581040047176
moae,alpha_volume_epistemic_5%,8,7.920000000000005,0.4504596974711456,0.41774581040047176
moae,alpha_volume_epistemic_5%,9,8.909999999999997,0.45004028370063487,0.41774581040047176
moae,alpha_volume_epistemic_5%,10,9.899999999999999,0.4496686635423552,0.41774581040047176
moae,alpha_volume_epistemic_5%,11,10.89,0.4495040964827758,0.41774581040047176
moae,alpha_volume_epistemic_5%,12,11.880000000000003,0.44920068452335926,0.41774581040047176
moae,alpha_volume_epistemic_5%,13,12.870000000000005,0.44883367434999294,0.41774581040047176
moae,alpha_volume_epistemic_5%,14,13.859999999999994,0.44856937229909516,0.41774581040047176
moae,alpha_volume_epistemic_5%,15,14.849999999999996,0.44806073384810396,0.41774581040047176
moae,alpha_volume_epistemic_5%,16,15.839999999999998,0.4476317128350257,0.41774581040047176
moae,alpha_volume_epistemic_5%,17,16.830000000000002,0.4472317670882754,0.41774581040047176
moae,alpha_volume_epistemic_5%,18,17.820000000000004,0.4467178660070123,0.41774581040047176
moae,alpha_volume_epistemic_5%,19,18.810000000000006,0.4465756109673683,0.41774581040047176
moae,alpha_volume_epistemic_5%,20,19.799999999999997,0.4460729468332775,0.41774581040047176
moae,alpha_volume_epistemic_5%,21,20.79,0.445604873878845,0.41774581040047176
moae,alpha_volume_epistemic_5%,22,21.78,0.44505116669382194,0.41774581040047176
moae,alpha_volume_epistemic_5%,23,22.770000000000003,0.44454160731841014,0.41774581040047176
moae,alpha_volume_epistemic_5%,24,23.760000000000005,0.44405994780160873,0.41774581040047176
moae,alpha_volume_epistemic_5%,25,24.750000000000007,0.4433465816851926,0.41774581040047176
moae,alpha_volume_epistemic_5%,26,25.739999999999995,0.44278763973147167,0.41774581040047176
moae,alpha_volume_epistemic_5%,27,26.729999999999997,0.442502662294244,0.41774581040047176
moae,alpha_volume_epistemic_5%,28,27.72,0.441987915947361,0.41774581040047176
moae,alpha_volume_epistemic_5%,29,28.71,0.4413264621416386,0.41774581040047176
moae,alpha_volume_epistemic_5%,30,29.700000000000003,0.44075309289835846,0.41774581040047176
moae,alpha_volume_epistemic_5%,31,30.689999999999994,0.4401922287899838,0.41774581040047176
moae,alpha_volume_epistemic_5%,32,31.679999999999996,0.43938315236643166,0.41774581040047176
moae,alpha_volume_epistemic_5%,33,32.67,0.43896057400010147,0.41774581040047176
moae,alpha_volume_epistemic_5%,34,33.660000000000004,0.4380959062331254,0.41774581040047176
moae,alpha_volume_epistemic_5%,35,34.650000000000006,0.4374000767249827,0.41774581040047176
moae,alpha_volume_epistemic_5%,36,35.64000000000001,0.436597852000328,0.41774581040047176
moae,alpha_volume_epistemic_5%,37,36.629999999999995,0.43563789582064555,0.41774581040047176
moae,alpha_volume_epistemic_5%,38,37.62,0.43504692579675885,0.41774581040047176
moae,alpha_volume_epistemic_5%,39,38.61,0.43430761198623763,0.41774581040047176
moae,alpha_volume_epistemic_5%,40,39.6,0.4333881639696757,0.41774581040047176
moae,alpha_volume_epistemic_5%,41,40.59,0.4328745320114795,0.41774581040047176
moae,alpha_volume_epistemic_5%,42,41.58,0.4323816807350919,0.41774581040047176
moae,alpha_volume_epistemic_5%,43,42.56999999999999,0.43127585323598344,0.41774581040047176
moae,alpha_volume_epistemic_5%,44,43.56,0.43042571658277756,0.41774581040047176
moae,alpha_volume_epistemic_5%,45,44.55,0.4293604715161842,0.41774581040047176
moae,alpha_volume_epistemic_5%,46,45.540000000000006,0.42855413529449987,0.41774581040047176
moae,alpha_volume_epistemic_5%,47,46.53,0.42753139914889476,0.41774581040047176
moae,alpha_volume_epistemic_5%,48,47.519999999999996,0.42691638089195216,0.41774581040047176
moae,alpha_volume_epistemic_5%,49,48.51,0.4259758493875356,0.41774581040047176
moae,alpha_volume_epistemic_5%,50,49.5,0.4247869728441703,0.41774581040047176
moae,alpha_volume_epistemic_5%,51,50.495000000000005,0.42337328930985807,0.41774581040047176
moae,alpha_volume_epistemic_5%,52,51.485,0.4224903152361788,0.41774581040047176
moae,alpha_volume_epistemic_5%,53,52.47500000000001,0.42135730261209614,0.41774581040047176
moae,alpha_volume_epistemic_5%,54,53.465,0.42050428232135645,0.41774581040047176
moae,alpha_volume_epistemic_5%,55,54.455,0.4195087125976966,0.41774581040047176
moae,alpha_volume_epistemic_5%,56,55.445,0.41800698007071074,0.41774581040047176
moae,alpha_volume_epistemic_5%,57,56.435,0.4164270485196345,0.41774581040047176
moae,alpha_volume_epistemic_5%,58,57.42499999999999,0.41499925394951226,0.41774581040047176
moae,alpha_volume_epistemic_5%,59,58.41499999999999,0.4134424090341604,0.41774581040047176
moae,alpha_volume_epistemic_5%,60,59.404999999999994,0.41242365361383626,0.41774581040047176
moae,alpha_volume_epistemic_5%,61,60.394999999999996,0.41078456099464694,0.41774581040047176
moae,alpha_volume_epistemic_5%,62,61.385,0.40906302121246274,0.41774581040047176
moae,alpha_volume_epistemic_5%,63,62.375,0.40772827604276596,0.41774581040047176
moae,alpha_volume_epistemic_5%,64,63.365,0.4063504377329046,0.41774581040047176
moae,alpha_volume_epistemic_5%,65,64.355,0.40538950786063055,0.41774581040047176
moae,alpha_volume_epistemic_5%,66,65.345,0.4040337060970134,0.41774581040047176
moae,alpha_volume_epistemic_5%,67,66.335,0.4031105277805309,0.41774581040047176
moae,alpha_volume_epistemic_5%,68,67.325,0.4021520549956175,0.41774581040047176
moae,alpha_volume_epistemic_5%,69,68.315,0.4009567271443365,0.41774581040047176
moae,alpha_volume_epistemic_5%,70,69.30499999999999,0.4004993507701324,0.41774581040047176
moae,alpha_volume_epistemic_5%,71,70.295,0.39891870106956406,0.41774581040047176
moae,alpha_volume_epistemic_5%,72,71.285,0.3975661978706951,0.41774581040047176
moae,alpha_volume_epistemic_5%,73,72.275,0.39767088992903743,0.41774581040047176
moae,alpha_volume_epistemic_5%,74,73.265,0.39799403425329694,0.41774581040047176
moae,alpha_volume_epistemic_5%,75,74.25500000000001,0.39742075543794875,0.41774581040047176
moae,alpha_volume_epistemic_5%,76,75.245,0.39746998605376255,0.41774581040047176
moae,alpha_volume_epistemic_5%,77,76.235,0.3963128932963618,0.41774581040047176
moae,alpha_volume_epistemic_5%,78,77.225,0.3965337305036265,0.41774581040047176
moae,alpha_volume_epistemic_5%,79,78.215,0.39663377061683847,0.41774581040047176
moae,alpha_volume_epistemic_5%,80,79.205,0.3966198952993441,0.41774581040047176
moae,alpha_volume_epistemic_5%,81,80.195,0.3964476730763091,0.41774581040047176
moae,alpha_volume_epistemic_5%,82,81.185,0.3965888574345726,0.41774581040047176
moae,alpha_volume_epistemic_5%,83,82.175,0.3970061244009144,0.41774581040047176
moae,alpha_volume_epistemic_5%,84,83.165,0.39610115129153656,0.41774581040047176
moae,alpha_volume_epistemic_5%,85,84.155,0.39601565272586947,0.41774581040047176
moae,alpha_volume_epistemic_5%,86,85.14500000000001,0.3953170027880487,0.41774581040047176
moae,alpha_volume_epistemic_5%,87,86.135,0.3956014265667809,0.41774581040047176
moae,alpha_volume_epistemic_5%,88,87.125,0.39596303302875224,0.41774581040047176
moae,alpha_volume_epistemic_5%,89,88.115,0.3943243961644369,0.41774581040047176
moae,alpha_volume_epistemic_5%,90,89.105,0.3953953638363352,0.41774581040047176
moae,alpha_volume_epistemic_5%,91,90.095,0.3973172344213872,0.41774581040047176
moae,alpha_volume_epistemic_5%,92,91.08500000000001,0.39602106407980103,0.41774581040047176
moae,alpha_volume_epistemic_5%,93,92.07499999999999,0.39555756424764427,0.41774581040047176
moae,alpha_volume_epistemic_5%,94,93.065,0.39472169116179684,0.41774581040047176
moae,alpha_volume_epistemic_5%,95,94.055,0.39561203631554986,0.41774581040047176
moae,alpha_volume_epistemic_5%,96,95.045,0.39265424124261294,0.41774581040047176
moae,alpha_volume_epistemic_5%,97,96.035,0.38589817146068894,0.41774581040047176
moae,alpha_volume_epistemic_5%,98,97.025,0.38345010113333894,0.41774581040047176
moae,alpha_volume_epistemic_5%,99,98.015,0.37788521747470216,0.41774581040047176
moae,alpha_volume_epistemic_5%,100,99.005,0.4025654343092808,0.41774581040047176
moae,integrated_volume_total,0,0.0,0.4532921269510317,0.44809876470013443
moae,integrated_volume_total,1,0.990000000000002,0.45306536470013864,0.44809876470013443
moae,integrated_volume_total,2,1.980000000000004,0.4531349183896236,0.44809876470013443
moae,integrated_volume_total,3,2.969999999999995,0.4531343266245404,0.44809876470013443
moae,integrated_volume_total,4,3.959999999999997,0.4528215255564271,0.44809876470013443
moae,integrated_volume_total,5,4.949999999999999,0.4527615672443151,0.44809876470013443
moae,integrated_volume_total,6,5.940000000000001,0.4527595783922164,0.44809876470013443
moae,integrated_volume_total,7,6.930000000000003,0.45267725039005985,0.44809876470013443
moae,integrated_volume_total,8,7.920000000000005,0.4526786010748316,0.44809876470013443
moae,integrated_volume_total,9,8.909999999999997,0.4529928103961575,0.44809876470013443
moae,integrated_volume_total,10,9.899999999999999,0.4526962452548511,0.44809876470013443
moae,integrated_volume_total,11,10.89,0.4526297442192642,0.44809876470013443
moae,integrated_volume_total,12,11.880000000000003,0.4525882648699077,0.44809876470013443
moae,integrated_volume_total,13,12.870000000000005,0.4524911383266642,0.44809876470013443
moae,integrated_volume_total,14,13.859999999999994,0.4523463951280687,0.44809876470013443
moae,integrated_volume_total,15,14.849999999999996,0.45241732940176976,0.44809876470013443
moae,integrated_volume_total,16,15.839999999999998,0.45235632842083756,0.44809876470013443
moae,integrated_volume_total,17,16.830000000000002,0.4523637146706353,0.44809876470013443
moae,integrated_volume_total,18,17.820000000000004,0.45233395287307837,0.44809876470013443
moae,integrated_volume_total,19,18.810000000000006,0.4523109133986623,0.44809876470013443
moae,integrated_volume_total,20,19.799999999999997,0.45231467852215457,0.44809876470013443
moae,integrated_volume_total,21,20.79,0.4515746332268151,0.44809876470013443
moae,integrated_volume_total,22,21.78,0.45174667096503357,0.44809876470013443
moae,integrated_volume_total,23,22.770000000000003,0.45137563771410477,0.44809876470013443
moae,integrated_volume_total,24,23.760000000000005,0.45148378545694323,0.44809876470013443
moae,integrated_volume_total,25,24.750000000000007,0.4513416881382768,0.44809876470013443
moae,integrated_volume_total,26,25.739999999999995,0.45098503897334746,0.44809876470013443
moae,integrated_volume_total,27,26.729999999999997,0.4508072662572939,0.44809876470013443
moae,integrated_volume_total,28,27.72,0.4506075307310887,0.44809876470013443
moae,integrated_volume_total,29,28.71,0.45061711742524635,0.44809876470013443
moae,integrated_volume_total,30,29.700000000000003,0.4507717827011996,0.44809876470013443
moae,integrated_volume_total,31,30.689999999999994,0.4505258863437517,0.44809876470013443
moae,integrated_volume_total,32,31.679999999999996,0.450995591567243,0.44809876470013443
moae,integrated_volume_total,33,32.67,0.450819153456484,0.44809876470013443
moae,integrated_volume_total,34,33.660000000000004,0.4509386702704415,0.44809876470013443
moae,integrated_volume_total,35,34.650000000000006,0.45112821920976776,0.44809876470013443
moae,integrated_volume_total,36,35.64000000000001,0.45124432103770495,0.44809876470013443
moae,integrated_volume_total,37,36.629999999999995,0.45144140825948753,0.44809876470013443
moae,integrated_volume_total,38,37.62,0.451106676958395,0.44809876470013443
moae,integrated_volume_total,39,38.61,0.45100137807983415,0.44809876470013443
moae,integrated_volume_total,40,39.6,0.4511881918962574,0.44809876470013443
moae,integrated_volume_total,41,40.59,0.4511279423674669,0.44809876470013443
moae,integrated_volume_total,42,41.58,0.45082581392794757,0.44809876470013443
moae,integrated_volume_total,43,42.56999999999999,0.45076710142869186,0.44809876470013443
moae,integrated_volume_total,44,43.56,0.4509611154164509,0.44809876470013443
moae,integrated_volume_total,45,44.55,0.45079265239844374,0.44809876470013443
moae,integrated_volume_total,46,45.540000000000006,0.4501990147836618,0.44809876470013443
moae,integrated_volume_total,47,46.53,0.4511422472321598,0.44809876470013443
moae,integrated_volume_total,48,47.519999999999996,0.4523905841380998,0.44809876470013443
moae,integrated_volume_total,49,48.51,0.45323787142292427,0.44809876470013443
moae,integrated_volume_total,50,49.5,0.4543581685853688,0.44809876470013443
moae,integrated_volume_total,51,50.495000000000005,0.455541466666873,0.44809876470013443
moae,integrated_volume_total,52,51.485,0.4565799359696708,0.44809876470013443
moae,integrated_volume_total,53,52.47500000000001,0.45676930767031726,0.44809876470013443
moae,integrated_volume_total,54,53.465,0.456867787598377,0.44809876470013443
moae,integrated_volume_total,55,54.455,0.45686291540148105,0.44809876470013443
moae,integrated_volume_total,56,55.445,0.4569798236112728,0.44809876470013443
moae,integrated_volume_total,57,56.435,0.4568064264401683,0.44809876470013443
moae,integrated_volume_total,58,57.42499999999999,0.4569086488809144,0.44809876470013443
moae,integrated_volume_total,59,58.41499999999999,0.4563491969225217,0.44809876470013443
moae,integrated_volume_total,60,59.404999999999994,0.4567681761842792,0.44809876470013443
moae,integrated_volume_total,61,60.394999999999996,0.45623693343285443,0.44809876470013443
moae,integrated_volume_total,62,61.385,0.4562788254115637,0.44809876470013443
moae,integrated_volume_total,63,62.375,0.45574210172711005,0.44809876470013443
moae,integrated_volume_total,64,63.365,0.45539656841207055,0.44809876470013443
moae,integrated_volume_total,65,64.355,0.45487292524599765,0.44809876470013443
moae,integrated_volume_total,66,65.345,0.4543608313435082,0.44809876470013443
moae,integrated_volume_total,67,66.335,0.454549061158794,0.44809876470013443
moae,integrated_volume_total,68,67.325,0.4537092868300568,0.44809876470013443
moae,integrated_volume_total,69,68.315,0.4538044447707426,0.44809876470013443
moae,integrated_volume_total,70,69.30499999999999,0.4533677453510207,0.44809876470013443
moae,integrated_volume_total,71,70.295,0.4530558407494404,0.44809876470013443
moae,integrated_volume_total,72,71.285,0.45287695871355527,0.44809876470013443
moae,integrated_volume_total,73,72.275,0.4517238303071707,0.44809876470013443
moae,integrated_volume_total,74,73.265,0.4517444668887573,0.44809876470013443
moae,integrated_volume_total,75,74.25500000000001,0.4513664254495134,0.44809876470013443
moae,integrated_volume_total,76,75.245,0.4519621306990764,0.44809876470013443
moae,integrated_volume_total,77,76.235,0.4517707637109419,0.44809876470013443
moae,integrated_volume_total,78,77.225,0.4517078005281553,0.44809876470013443
moae,integrated_volume_total,79,78.215,0.4521903150472611,0.44809876470013443
moae,integrated_volume_total,80,79.205,0.45157002151735554,0.44809876470013443
moae,integrated_volume_total,81,80.195,0.4515177689157266,0.44809876470013443
moae,integrated_volume_total,82,81.185,0.4518110797154933,0.44809876470013443
moae,integrated_volume_total,83,82.175,0.4528313968017771,0.44809876470013443
moae,integrated_volume_total,84,83.165,0.45292327317125464,0.44809876470013443
moae,integrated_volume_total,85,84.155,0.45252971489525656,0.44809876470013443
moae,integrated_volume_total,86,85.14500000000001,0.4514549905297129,0.44809876470013443
moae,integrated_volume_total,87,86.135,0.4520722443443856,0.44809876470013443
moae,integrated_volume_total,88,87.125,0.4521858729865121,0.44809876470013443
moae,integrated_volume_total,89,88.115,0.45248099545932646,0.44809876470013443
moae,integrated_volume_total,90,89.105,0.4525061682099738,0.44809876470013443
moae,integrated_volume_total,91,90.095,0.4478132635757279,0.44809876470013443
moae,integrated_volume_total,92,91.08500000000001,0.4453148965860349,0.44809876470013443
moae,integrated_volume_total,93,92.07499999999999,0.4498932180252293,0.44809876470013443
moae,integrated_volume_total,94,93.065,0.4500193066528221,0.44809876470013443
moae,integrated_volume_total,95,94.055,0.4505345228954839,0.44809876470013443
moae,integrated_volume_total,96,95.045,0.45416578894790866,0.44809876470013443
moae,integrated_volume_total,97,96.035,0.4503454890747817,0.44809876470013443
moae,integrated_volume_total,98,97.025,0.45425602834867934,0.44809876470013443
moae,integrated_volume_total,99,98.015,0.4525404594070277,0.44809876470013443
moae,integrated_volume_total,100,99.005,0.4625248912536625,0.44809876470013443
moae,integrated_volume_aleatoric,0,0.0,0.4532921269510317,0.44711254648995824
moae,integrated_volume_aleatoric,1,0.990000000000002,0.45342930060479264,0.44711254648995824
moae,integrated_volume_aleatoric,2,1.980000000000004,0.45343171604596005,0.44711254648995824
moae,integrated_volume_aleatoric,3,2.969999999999995,0.45365356695199466,0.44711254648995824
moae,integrated_volume_aleatoric,4,3.959999999999997,0.4536803174067822,0.44711254648995824
moae,integrated_volume_aleatoric,5,4.949999999999999,0.45403715413011225,0.44711254648995824
moae,integrated_volume_aleatoric,6,5.940000000000001,0.45417664680799025,0.44711254648995824
moae,integrated_volume_aleatoric,7,6.930000000000003,0.45419116255199754,0.44711254648995824
moae,integrated_volume_aleatoric,8,7.920000000000005,0.45403058026451176,0.44711254648995824
moae,integrated_volume_aleatoric,9,8.909999999999997,0.45390895865459374,0.44711254648995824
moae,integrated_volume_aleatoric,10,9.899999999999999,0.4537087974875088,0.44711254648995824
moae,integrated_volume_aleatoric,11,10.89,0.45327470594181846,0.44711254648995824
moae,integrated_volume_aleatoric,12,11.880000000000003,0.4533154142524221,0.44711254648995824
moae,integrated_volume_aleatoric,13,12.870000000000005,0.4534137351889718,0.44711254648995824
moae,integrated_volume_aleatoric,14,13.859999999999994,0.4531777158325581,0.44711254648995824
moae,integrated_volume_aleatoric,15,14.849999999999996,0.4530157286157122,0.44711254648995824
moae,integrated_volume_aleatoric,16,15.839999999999998,0.4528452216517728,0.44711254648995824
moae,integrated_volume_aleatoric,17,16.830000000000002,0.45268996190422595,0.44711254648995824
moae,integrated_volume_aleatoric,18,17.820000000000004,0.45260646439625013,0.44711254648995824
moae,integrated_volume_aleatoric,19,18.810000000000006,0.4525171812183585,0.44711254648995824
moae,integrated_volume_aleatoric,20,19.799999999999997,0.4521345715149373,0.44711254648995824
moae,integrated_volume_aleatoric,21,20.79,0.45243938849729554,0.44711254648995824
moae,integrated_volume_aleatoric,22,21.78,0.45231902366353355,0.44711254648995824
moae,integrated_volume_aleatoric,23,22.770000000000003,0.4522124403911929,0.44711254648995824
moae,integrated_volume_aleatoric,24,23.760000000000005,0.4522951230438972,0.44711254648995824
moae,integrated_volume_aleatoric,25,24.750000000000007,0.4523153464644001,0.44711254648995824
moae,integrated_volume_aleatoric,26,25.739999999999995,0.4522142934306687,0.44711254648995824
moae,integrated_volume_aleatoric,27,26.729999999999997,0.4523205272122841,0.44711254648995824
moae,integrated_volume_aleatoric,28,27.72,0.4522062289799634,0.44711254648995824
moae,integrated_volume_aleatoric,29,28.71,0.4524832577844468,0.44711254648995824
moae,integrated_volume_aleatoric,30,29.700000000000003,0.4520224536631722,0.44711254648995824
moae,integrated_volume_aleatoric,31,30.689999999999994,0.45187779153758095,0.44711254648995824
moae,integrated_volume_aleatoric,32,31.679999999999996,0.4517953510626996,0.44711254648995824
moae,integrated_volume_aleatoric,33,32.67,0.45174419174749997,0.44711254648995824
moae,integrated_volume_aleatoric,34,33.660000000000004,0.45139164880378296,0.44711254648995824
moae,integrated_volume_aleatoric,35,34.650000000000006,0.4514364163940365,0.44711254648995824
moae,integrated_volume_aleatoric,36,35.64000000000001,0.4514395024374974,0.44711254648995824
moae,integrated_volume_aleatoric,37,36.629999999999995,0.4507388481118394,0.44711254648995824
moae,integrated_volume_aleatoric,38,37.62,0.4507433591812592,0.44711254648995824
moae,integrated_volume_aleatoric,39,38.61,0.4509398411243125,0.44711254648995824
moae,integrated_volume_aleatoric,40,39.6,0.45136370528894015,0.44711254648995824
moae,integrated_volume_aleatoric,41,40.59,0.4513766155622103,0.44711254648995824
moae,integrated_volume_aleatoric,42,41.58,0.45098556430962156,0.44711254648995824
moae,integrated_volume_aleatoric,43,42.56999999999999,0.45161923404576054,0.44711254648995824
moae,integrated_volume_aleatoric,44,43.56,0.4515703962436449,0.44711254648995824
moae,integrated_volume_aleatoric,45,44.55,0.4516823843097585,0.44711254648995824
moae,integrated_volume_aleatoric,46,45.540000000000006,0.45145666767489484,0.44711254648995824
moae,integrated_volume_aleatoric,47,46.53,0.45178283182145906,0.44711254648995824
moae,integrated_volume_aleatoric,48,47.519999999999996,0.45126498576028196,0.44711254648995824
moae,integrated_volume_aleatoric,49,48.51,0.45093974242453355,0.44711254648995824
moae,integrated_volume_aleatoric,50,49.5,0.4511098639315499,0.44711254648995824
moae,integrated_volume_aleatoric,51,50.495000000000005,0.45152340819148745,0.44711254648995824
moae,integrated_volume_aleatoric,52,51.485,0.4511662245409335,0.44711254648995824
moae,integrated_volume_aleatoric,53,52.47500000000001,0.4511424431983295,0.44711254648995824
moae,integrated_volume_aleatoric,54,53.465,0.45114337445846503,0.44711254648995824
moae,integrated_volume_aleatoric,55,54.455,0.45125715803347227,0.44711254648995824
moae,integrated_volume_aleatoric,56,55.445,0.4509836628926457,0.44711254648995824
moae,integrated_volume_aleatoric,57,56.435,0.451034652349107,0.44711254648995824
moae,integrated_volume_aleatoric,58,57.42499999999999,0.45064612623392925,0.44711254648995824
moae,integrated_volume_aleatoric,59,58.41499999999999,0.45071557905056053,0.44711254648995824
moae,integrated_volume_aleatoric,60,59.404999999999994,0.4508196981870759,0.44711254648995824
moae,integrated_volume_aleatoric,61,60.394999999999996,0.4510908493754269,0.44711254648995824
moae,integrated_volume_aleatoric,62,61.385,0.45117274894368464,0.44711254648995824
moae,integrated_volume_aleatoric,63,62.375,0.4516581014893887,0.44711254648995824
moae,integrated_volume_aleatoric,64,63.365,0.4512396718910072,0.44711254648995824
moae,integrated_volume_aleatoric,65,64.355,0.4515909263835316,0.44711254648995824
moae,integrated_volume_aleatoric,66,65.345,0.45135084260898445,0.44711254648995824
moae,integrated_volume_aleatoric,67,66.335,0.4515734034469783,0.44711254648995824
moae,integrated_volume_aleatoric,68,67.325,0.45136931289171967,0.44711254648995824
moae,integrated_volume_aleatoric,69,68.315,0.451380928397068,0.44711254648995824
moae,integrated_volume_aleatoric,70,69.30499999999999,0.4516747323654758,0.44711254648995824
moae,integrated_volume_aleatoric,71,70.295,0.4524589696085274,0.44711254648995824
moae,integrated_volume_aleatoric,72,71.285,0.4522257956085173,0.44711254648995824
moae,integrated_volume_aleatoric,73,72.275,0.45188590554755026,0.44711254648995824
moae,integrated_volume_aleatoric,74,73.265,0.45194865186140054,0.44711254648995824
moae,integrated_volume_aleatoric,75,74.25500000000001,0.45171966015410686,0.44711254648995824
moae,integrated_volume_aleatoric,76,75.245,0.4514534640678885,0.44711254648995824
moae,integrated_volume_aleatoric,77,76.235,0.45135613345824055,0.44711254648995824
moae,integrated_volume_aleatoric,78,77.225,0.45221264359863983,0.44711254648995824
moae,integrated_volume_aleatoric,79,78.215,0.4512846773549692,0.44711254648995824
moae,integrated_volume_aleatoric,80,79.205,0.4509740506920139,0.44711254648995824
moae,integrated_volume_aleatoric,81,80.195,0.44996707304946565,0.44711254648995824
moae,integrated_volume_aleatoric,82,81.185,0.44993384084170795,0.44711254648995824
moae,integrated_volume_aleatoric,83,82.175,0.4505764955006472,0.44711254648995824
moae,integrated_volume_aleatoric,84,83.165,0.45043696943016814,0.44711254648995824
moae,integrated_volume_aleatoric,85,84.155,0.44931326418322265,0.44711254648995824
moae,integrated_volume_aleatoric,86,85.14500000000001,0.4494123085430715,0.44711254648995824
moae,integrated_volume_aleatoric,87,86.135,0.44919121843941406,0.44711254648995824
moae,integrated_volume_aleatoric,88,87.125,0.450228655834265,0.44711254648995824
moae,integrated_volume_aleatoric,89,88.115,0.4520373778215775,0.44711254648995824
moae,integrated_volume_aleatoric,90,89.105,0.4506963151891756,0.44711254648995824
moae,integrated_volume_aleatoric,91,90.095,0.45237772238506296,0.44711254648995824
moae,integrated_volume_aleatoric,92,91.08500000000001,0.4526809546658903,0.44711254648995824
moae,integrated_volume_aleatoric,93,92.07499999999999,0.45266025615930316,0.44711254648995824
moae,integrated_volume_aleatoric,94,93.065,0.4506320612898758,0.44711254648995824
moae,integrated_volume_aleatoric,95,94.055,0.44896515713150337,0.44711254648995824
moae,integrated_volume_aleatoric,96,95.045,0.45082722771550465,0.44711254648995824
moae,integrated_volume_aleatoric,97,96.035,0.4505491854408383,0.44711254648995824
moae,integrated_volume_aleatoric,98,97.025,0.447687470118361,0.44711254648995824
moae,integrated_volume_aleatoric,99,98.015,0.4448615472340385,0.44711254648995824
moae,integrated_volume_aleatoric,100,99.005,0.44308643845467055,0.44711254648995824
moae,integrated_volume_epistemic,0,0.0,0.4532921269510316,0.41771855519102963
moae,integrated_volume_epistemic,1,0.990000000000002,0.4528250905552538,0.41771855519102963
moae,integrated_volume_epistemic,2,1.980000000000004,0.4525660842046218,0.41771855519102963
moae,integrated_volume_epistemic,3,2.969999999999995,0.4521735299340956,0.41771855519102963
moae,integrated_volume_epistemic,4,3.959999999999997,0.4519431303865959,0.41771855519102963
moae,integrated_volume_epistemic,5,4.949999999999999,0.4515657875197766,0.41771855519102963
moae,integrated_volume_epistemic,6,5.940000000000001,0.45131523403064333,0.41771855519102963
moae,integrated_volume_epistemic,7,6.930000000000003,0.4508600961553809,0.41771855519102963
moae,integrated_volume_epistemic,8,7.920000000000005,0.4504879322722572,0.41771855519102963
moae,integrated_volume_epistemic,9,8.909999999999997,0.44999927763711256,0.41771855519102963
moae,integrated_volume_epistemic,10,9.899999999999999,0.44965277487458816,0.41771855519102963
moae,integrated_volume_epistemic,11,10.89,0.4494573474053315,0.41771855519102963
moae,integrated_volume_epistemic,12,11.880000000000003,0.4491780121580888,0.41771855519102963
moae,integrated_volume_epistemic,13,12.870000000000005,0.448768677235128,0.41771855519102963
moae,integrated_volume_epistemic,14,13.859999999999994,0.4482886465371181,0.41771855519102963
moae,integrated_volume_epistemic,15,14.849999999999996,0.4480619899302028,0.41771855519102963
moae,integrated_volume_epistemic,16,15.839999999999998,0.4476222301985647,0.41771855519102963
moae,integrated_volume_epistemic,17,16.830000000000002,0.447212971757165,0.41771855519102963
moae,integrated_volume_epistemic,18,17.820000000000004,0.4467551920146321,0.41771855519102963
moae,integrated_volume_epistemic,19,18.810000000000006,0.446584629803718,0.41771855519102963
moae,integrated_volume_epistemic,20,19.799999999999997,0.44613155770023927,0.41771855519102963
moae,integrated_volume_epistemic,21,20.79,0.4456790012007378,0.41771855519102963
moae,integrated_volume_epistemic,22,21.78,0.44510237322747226,0.41771855519102963
moae,integrated_volume_epistemic,23,22.770000000000003,0.44449800053857724,0.41771855519102963
moae,integrated_volume_epistemic,24,23.760000000000005,0.44398814865571457,0.41771855519102963
moae,integrated_volume_epistemic,25,24.750000000000007,0.44337273080496953,0.41771855519102963
moae,integrated_volume_epistemic,26,25.739999999999995,0.4430010433732486,0.41771855519102963
moae,integrated_volume_epistemic,27,26.729999999999997,0.44233832752533037,0.41771855519102963
moae,integrated_volume_epistemic,28,27.72,0.44168285995026363,0.41771855519102963
moae,integrated_volume_epistemic,29,28.71,0.4409319413671698,0.41771855519102963
moae,integrated_volume_epistemic,30,29.700000000000003,0.44057418876157733,0.41771855519102963
moae,integrated_volume_epistemic,31,30.689999999999994,0.4401629087846972,0.41771855519102963
moae,integrated_volume_epistemic,32,31.679999999999996,0.43961709713129343,0.41771855519102963
moae,integrated_volume_epistemic,33,32.67,0.43880652652501956,0.41771855519102963
moae,integrated_volume_epistemic,34,33.660000000000004,0.43813263645834677,0.41771855519102963
moae,integrated_volume_epistemic,35,34.650000000000006,0.43734545816545994,0.41771855519102963
moae,integrated_volume_epistemic,36,35.64000000000001,0.43665431208684163,0.41771855519102963
moae,integrated_volume_epistemic,37,36.629999999999995,0.43580105041771994,0.41771855519102963
moae,integrated_volume_epistemic,38,37.62,0.4350158872805568,0.41771855519102963
moae,integrated_volume_epistemic,39,38.61,0.4339961526251488,0.41771855519102963
moae,integrated_volume_epistemic,40,39.6,0.43319930141608237,0.41771855519102963
moae,integrated_volume_epistemic,41,40.59,0.43257131866619003,0.41771855519102963
moae,integrated_volume_epistemic,42,41.58,0.4319620013575858,0.41771855519102963
moae,integrated_volume_epistemic,43,42.56999999999999,0.4313322498057223,0.41771855519102963
moae,integrated_volume_epistemic,44,43.56,0.4302206388230932,0.41771855519102963
moae,integrated_volume_epistemic,45,44.55,0.42916377543437095,0.41771855519102963
moae,integrated_volume_epistemic,46,45.540000000000006,0.42842068795083416,0.41771855519102963
moae,integrated_volume_epistemic,47,46.53,0.4275907671439746,0.41771855519102963
moae,integrated_volume_epistemic,48,47.519999999999996,0.42658073158742904,0.41771855519102963
moae,integrated_volume_epistemic,49,48.51,0.42527281552889884,0.41771855519102963
moae,integrated_volume_epistemic,50,49.5,0.42425447234654606,0.41771855519102963
moae,integrated_volume_epistemic,51,50.495000000000005,0.4235585395935883,0.41771855519102963
moae,integrated_volume_epistemic,52,51.485,0.42240639903658195,0.41771855519102963
moae,integrated_volume_epistemic,53,52.47500000000001,0.42154813573440736,0.41771855519102963
moae,integrated_volume_epistemic,54,53.465,0.4203845295347454,0.41771855519102963
moae,integrated_volume_epistemic,55,54.455,0.41946478613060084,0.41771855519102963
moae,integrated_volume_epistemic,56,55.445,0.41827577953687856,0.41771855519102963
moae,integrated_volume_epistemic,57,56.435,0.41689638112173405,0.41771855519102963
moae,integrated_volume_epistemic,58,57.42499999999999,0.4154794999814668,0.41771855519102963
moae,integrated_volume_epistemic,59,58.41499999999999,0.41417727321684217,0.41771855519102963
moae,integrated_volume_epistemic,60,59.404999999999994,0.41216068874343825,0.41771855519102963
moae,integrated_volume_epistemic,61,60.394999999999996,0.410774520386538,0.41771855519102963
moae,integrated_volume_epistemic,62,61.385,0.40914615104526914,0.41771855519102963
moae,integrated_volume_epistemic,63,62.375,0.40777270219923867,0.41771855519102963
moae,integrated_volume_epistemic,64,63.365,0.40661001217017795,0.41771855519102963
moae,integrated_volume_epistemic,65,64.355,0.4060278655922972,0.41771855519102963
moae,integrated_volume_epistemic,66,65.345,0.4041800686832043,0.41771855519102963
moae,integrated_volume_epistemic,67,66.335,0.40327618377635194,0.41771855519102963
moae,integrated_volume_epistemic,68,67.325,0.40185502067165907,0.41771855519102963
moae,integrated_volume_epistemic,69,68.315,0.40078093564019573,0.41771855519102963
moae,integrated_volume_epistemic,70,69.30499999999999,0.40046365711094983,0.41771855519102963
moae,integrated_volume_epistemic,71,70.295,0.39948395144582305,0.41771855519102963
moae,integrated_volume_epistemic,72,71.285,0.39841004532028024,0.41771855519102963
moae,integrated_volume_epistemic,73,72.275,0.3972990121901624,0.41771855519102963
moae,integrated_volume_epistemic,74,73.265,0.39720899174944946,0.41771855519102963
moae,integrated_volume_epistemic,75,74.25500000000001,0.3974140444357334,0.41771855519102963
moae,integrated_volume_epistemic,76,75.245,0.3967365931645222,0.41771855519102963
moae,integrated_volume_epistemic,77,76.235,0.3973434682950518,0.41771855519102963
moae,integrated_volume_epistemic,78,77.225,0.39626688924787173,0.41771855519102963
moae,integrated_volume_epistemic,79,78.215,0.3964681650727498,0.41771855519102963
moae,integrated_volume_epistemic,80,79.205,0.3963935872559285,0.41771855519102963
moae,integrated_volume_epistemic,81,80.195,0.3965977091470218,0.41771855519102963
moae,integrated_volume_epistemic,82,81.185,0.3950371726888672,0.41771855519102963
moae,integrated_volume_epistemic,83,82.175,0.39550311317903936,0.41771855519102963
moae,integrated_volume_epistemic,84,83.165,0.39482269019384464,0.41771855519102963
moae,integrated_volume_epistemic,85,84.155,0.3958872266177811,0.41771855519102963
moae,integrated_volume_epistemic,86,85.14500000000001,0.3961165740551729,0.41771855519102963
moae,integrated_volume_epistemic,87,86.135,0.3957914115090917,0.41771855519102963
moae,integrated_volume_epistemic,88,87.125,0.3965357030612668,0.41771855519102963
moae,integrated_volume_epistemic,89,88.115,0.3973593407815861,0.41771855519102963
moae,integrated_volume_epistemic,90,89.105,0.3949975233711018,0.41771855519102963
moae,integrated_volume_epistemic,91,90.095,0.3967079661213068,0.41771855519102963
moae,integrated_volume_epistemic,92,91.08500000000001,0.39489777488357247,0.41771855519102963
moae,integrated_volume_epistemic,93,92.07499999999999,0.3929346569817719,0.41771855519102963
moae,integrated_volume_epistemic,94,93.065,0.39343706118214167,0.41771855519102963
moae,integrated_volume_epistemic,95,94.055,0.39560580875372864,0.41771855519102963
moae,integrated_volume_epistemic,96,95.045,0.39411569188761575,0.41771855519102963
moae,integrated_volume_epistemic,97,96.035,0.38654626551414245,0.41771855519102963
moae,integrated_volume_epistemic,98,97.025,0.3850872857269938,0.41771855519102963
moae,integrated_volume_epistemic,99,98.015,0.38514757791426746,0.41771855519102963
moae,integrated_volume_epistemic,100,99.005,0.3897888386181123,0.41771855519102963
