metric,measure,point_index,abstention,risk,aurc
coverage_true,differential_entropy_total,0,0.0,0.6783108514493963,0.7611766301479944
coverage_true,differential_entropy_total,1,0.990000000000002,0.6750949135634517,0.7611766301479944
coverage_true,differential_entropy_total,2,1.980000000000004,0.6718140138634471,0.7611766301479944
coverage_true,differential_entropy_total,3,2.969999999999995,0.6684661639273713,0.7611766301479944
coverage_true,differential_entropy_total,4,3.959999999999997,0.6650492933449662,0.7611766301479944
coverage_true,differential_entropy_total,5,4.949999999999999,0.6615612454479567,0.7611766301479944
coverage_true,differential_entropy_total,6,5.940000000000001,0.6579997727706359,0.7611766301479944
coverage_true,differential_entropy_total,7,6.930000000000003,0.6543625322207344,0.7611766301479944
coverage_true,differential_entropy_total,8,7.920000000000005,0.650647079938765,0.7611766301479944
coverage_true,differential_entropy_total,9,8.909999999999997,0.6468508658221453,0.7611766301479944
coverage_true,differential_entropy_total,10,9.899999999999999,0.6429712276883126,0.7611766301479944
coverage_true,differential_entropy_total,11,10.89,0.6390053850487565,0.7611766301479944
coverage_true,differential_entropy_total,12,11.880000000000003,0.6349504324633728,0.7611766301479944
coverage_true,differential_entropy_total,13,12.870000000000005,0.6308033324417553,0.7611766301479944
coverage_true,differential_entropy_total,14,13.859999999999994,0.6265609078549791,0.7611766301479944
coverage_true,differential_entropy_total,15,14.849999999999996,0.6222198338180344,0.7611766301479944
coverage_true,differential_entropy_total,16,15.839999999999998,0.6177766289993272,0.7611766301479944
coverage_true,differential_entropy_total,17,16.830000000000002,0.6132276463094997,0.7611766301479944
coverage_true,differential_entropy_total,18,17.820000000000004,0.6085690629172404,0.7611766301479944
coverage_true,differential_entropy_total,19,18.810000000000006,0.6037968695346293,0.7611766301479944
coverage_true,differential_entropy_total,20,19.799999999999997,0.5989068589089064,0.7611766301479944
coverage_true,differential_entropy_total,21,20.79,0.5938946134512311,0.7611766301479944
coverage_true,differential_entropy_total,22,21.78,0.5887554919259749,0.7611766301479944
coverage_true,differential_entropy_total,23,22.770000000000003,0.5834846151162436,0.7611766301479944
coverage_true,differential_entropy_total,24,23.760000000000005,0.5780768503725764,0.7611766301479944
coverage_true,differential_entropy_total,25,24.750000000000007,0.5725267949419662,0.7611766301479944
coverage_true,differential_entropy_total,26,25.739999999999995,0.5668287579633813,0.7611766301479944
coverage_true,differential_entropy_total,27,26.729999999999997,0.5609767410036636,0.7611766301479944
coverage_true,differential_entropy_total,28,27.72,0.5549644169938596,0.7611766301479944
coverage_true,differential_entropy_total,29,28.71,0.5487851074104908,0.7611766301479944
coverage_true,differential_entropy_total,30,29.700000000000003,0.5424317575287569,0.7611766301479944
coverage_true,differential_entropy_total,31,30.689999999999994,0.5358969095548891,0.7611766301479944
coverage_true,differential_entropy_total,32,31.679999999999996,0.5291726734225276,0.7611766301479944
coverage_true,differential_entropy_total,33,32.67,0.5222506950126959,0.7611766301479944
coverage_true,differential_entropy_total,34,33.660000000000004,0.5204321733211417,0.7611766301479944
coverage_true,differential_entropy_total,35,34.650000000000006,0.5277888526792462,0.7611766301479944
coverage_true,differential_entropy_total,36,35.64000000000001,0.5353718562314004,0.7611766301479944
coverage_true,differential_entropy_total,37,36.629999999999995,0.543191791250073,0.7611766301479944
coverage_true,differential_entropy_total,38,37.62,0.5512599383773857,0.7611766301479944
coverage_true,differential_entropy_total,39,38.61,0.5595883059202726,0.7611766301479944
coverage_true,differential_entropy_total,40,39.6,0.5681896894852604,0.7611766301479944
coverage_true,differential_entropy_total,41,40.59,0.5770777375757267,0.7611766301479944
coverage_true,differential_entropy_total,42,41.58,0.5862670238589203,0.7611766301479944
coverage_true,differential_entropy_total,43,42.56999999999999,0.59577312690758,0.7611766301479944
coverage_true,differential_entropy_total,44,43.56,0.6056127183339213,0.7611766301479944
coverage_true,differential_entropy_total,45,44.55,0.6158036603648461,0.7611766301479944
coverage_true,differential_entropy_total,46,45.540000000000006,0.6263651140597669,0.7611766301479944
coverage_true,differential_entropy_total,47,46.53,0.6373176595503854,0.7611766301479944
coverage_true,differential_entropy_total,48,47.519999999999996,0.6486834298899258,0.7611766301479944
coverage_true,differential_entropy_total,49,48.51,0.6604862603435134,0.7611766301479944
coverage_true,differential_entropy_total,50,49.5,0.6727518552386477,0.7611766301479944
coverage_true,differential_entropy_total,51,50.495000000000005,0.6855736945538214,0.7611766301479944
coverage_true,differential_entropy_total,52,51.485,0.6988530741698679,0.7611766301479944
coverage_true,differential_entropy_total,53,52.47500000000001,0.7126857030576608,0.7611766301479944
coverage_true,differential_entropy_total,54,53.465,0.7271068912061786,0.7611766301479944
coverage_true,differential_entropy_total,55,54.455,0.7421550187011468,0.7611766301479944
coverage_true,differential_entropy_total,56,55.445,0.7578718768086168,0.7611766301479944
coverage_true,differential_entropy_total,57,56.435,0.7743030555646075,0.7611766301479944
coverage_true,differential_entropy_total,58,57.42499999999999,0.7914983854406652,0.7611766301479944
coverage_true,differential_entropy_total,59,58.41499999999999,0.8095124420969222,0.7611766301479944
coverage_true,differential_entropy_total,60,59.404999999999994,0.8284051249923566,0.7611766301479944
coverage_true,differential_entropy_total,61,60.394999999999996,0.8482423227756323,0.7611766301479944
coverage_true,differential_entropy_total,62,61.385,0.8690966810305092,0.7611766301479944
coverage_true,differential_entropy_total,63,62.375,0.8910484912281011,0.7611766301479944
coverage_true,differential_entropy_total,64,63.365,0.9141867238138804,0.7611766301479944
coverage_true,differential_entropy_total,65,64.355,0.9386102334516961,0.7611766301479944
coverage_true,differential_entropy_total,66,65.345,0.9644291708512454,0.7611766301479944
coverage_true,differential_entropy_total,67,66.335,0.9917666437045625,0.7611766301479944
coverage_true,differential_entropy_total,68,67.325,0.9999371242649155,0.7611766301479944
coverage_true,differential_entropy_total,69,68.315,0.9999371242649155,0.7611766301479944
coverage_true,differential_entropy_total,70,69.30499999999999,0.9999371242649155,0.7611766301479944
coverage_true,differential_entropy_total,71,70.295,0.9999371242649155,0.7611766301479944
coverage_true,differential_entropy_total,72,71.285,0.9999371242649155,0.7611766301479944
coverage_true,differential_entropy_total,73,72.275,0.9999371242649158,0.7611766301479944
coverage_true,differential_entropy_total,74,73.265,0.9999371242649154,0.7611766301479944
coverage_true,differential_entropy_total,75,74.25500000000001,0.9999371242649155,0.7611766301479944
coverage_true,differential_entropy_total,76,75.245,0.9999371242649158,0.7611766301479944
coverage_true,differential_entropy_total,77,76.235,0.9999371242649155,0.7611766301479944
coverage_true,differential_entropy_total,78,77.225,0.9999371242649154,0.7611766301479944
coverage_true,differential_entropy_total,79,78.215,0.9999371242649154,0.7611766301479944
coverage_true,differential_entropy_total,80,79.205,0.9999371242649155,0.7611766301479944
coverage_true,differential_entropy_total,81,80.195,0.9999371242649155,0.7611766301479944
coverage_true,differential_entropy_total,82,81.185,0.9999371242649155,0.7611766301479944
coverage_true,differential_entropy_total,83,82.175,0.9999371242649155,0.7611766301479944
coverage_true,differential_entropy_total,84,83.165,0.9999371242649158,0.7611766301479944
coverage_true,differential_entropy_total,85,84.155,0.9999371242649155,0.7611766301479944
coverage_true,differential_entropy_total,86,85.14500000000001,0.9999371242649158,0.7611766301479944
coverage_true,differential_entropy_total,87,86.135,0.9999371242649155,0.7611766301479944
coverage_true,differential_entropy_total,88,87.125,0.9999371242649155,0.7611766301479944
coverage_true,differential_entropy_total,89,88.115,0.9999371242649155,0.7611766301479944
coverage_true,differential_entropy_total,90,89.105,0.9999371242649154,0.7611766301479944
coverage_true,differential_entropy_total,91,90.095,0.9999371242649158,0.7611766301479944
coverage_true,differential_entropy_total,92,91.08500000000001,0.9999371242649155,0.7611766301479944
coverage_true,differential_entropy_total,93,92.07499999999999,0.9999371242649155,0.7611766301479944
coverage_true,differential_entropy_total,94,93.065,0.9999371242649155,0.7611766301479944
coverage_true,differential_entropy_total,95,94.055,0.9999371242649158,0.7611766301479944
coverage_true,differential_entropy_total,96,95.045,0.9999371242649155,0.7611766301479944
coverage_true,differential_entropy_total,97,96.035,0.9999371242649154,0.7611766301479944
coverage_true,differential_entropy_total,98,97.025,0.9999371242649155,0.7611766301479944
coverage_true,differential_entropy_total,99,98.015,0.9999371242649155,0.7611766301479944
coverage_true,differential_entropy_total,100,99.005,0.9999371242649158,0.7611766301479944
coverage_true,differential_entropy_aleatoric,0,0.0,0.6783108514493963,0.7611766301479944
coverage_true,differential_entropy_aleatoric,1,0.990000000000002,0.6750949135634517,0.7611766301479944
coverage_true,differential_entropy_aleatoric,2,1.980000000000004,0.6718140138634471,0.7611766301479944
coverage_true,differential_entropy_aleatoric,3,2.969999999999995,0.6684661639273713,0.7611766301479944
coverage_true,differential_entropy_aleatoric,4,3.959999999999997,0.6650492933449662,0.7611766301479944
coverage_true,differential_entropy_aleatoric,5,4.949999999999999,0.6615612454479567,0.7611766301479944
coverage_true,differential_entropy_aleatoric,6,5.940000000000001,0.6579997727706359,0.7611766301479944
coverage_true,differential_entropy_aleatoric,7,6.930000000000003,0.6543625322207344,0.7611766301479944
coverage_true,differential_entropy_aleatoric,8,7.920000000000005,0.650647079938765,0.7611766301479944
coverage_true,differential_entropy_aleatoric,9,8.909999999999997,0.6468508658221453,0.7611766301479944
coverage_true,differential_entropy_aleatoric,10,9.899999999999999,0.6429712276883126,0.7611766301479944
coverage_true,differential_entropy_aleatoric,11,10.89,0.6390053850487565,0.7611766301479944
coverage_true,differential_entropy_aleatoric,12,11.880000000000003,0.6349504324633728,0.7611766301479944
coverage_true,differential_entropy_aleatoric,13,12.870000000000005,0.6308033324417553,0.7611766301479944
coverage_true,differential_entropy_aleatoric,14,13.859999999999994,0.6265609078549791,0.7611766301479944
coverage_true,differential_entropy_aleatoric,15,14.849999999999996,0.6222198338180344,0.7611766301479944
coverage_true,differential_entropy_aleatoric,16,15.839999999999998,0.6177766289993272,0.7611766301479944
coverage_true,differential_entropy_aleatoric,17,16.830000000000002,0.6132276463094997,0.7611766301479944
coverage_true,differential_entropy_aleatoric,18,17.820000000000004,0.6085690629172404,0.7611766301479944
coverage_true,differential_entropy_aleatoric,19,18.810000000000006,0.6037968695346293,0.7611766301479944
coverage_true,differential_entropy_aleatoric,20,19.799999999999997,0.5989068589089064,0.7611766301479944
coverage_true,differential_entropy_aleatoric,21,20.79,0.5938946134512311,0.7611766301479944
coverage_true,differential_entropy_aleatoric,22,21.78,0.5887554919259749,0.7611766301479944
coverage_true,differential_entropy_aleatoric,23,22.770000000000003,0.5834846151162436,0.7611766301479944
coverage_true,differential_entropy_aleatoric,24,23.760000000000005,0.5780768503725764,0.7611766301479944
coverage_true,differential_entropy_aleatoric,25,24.750000000000007,0.5725267949419662,0.7611766301479944
coverage_true,differential_entropy_aleatoric,26,25.739999999999995,0.5668287579633813,0.7611766301479944
coverage_true,differential_entropy_aleatoric,27,26.729999999999997,0.5609767410036636,0.7611766301479944
coverage_true,differential_entropy_aleatoric,28,27.72,0.5549644169938596,0.7611766301479944
coverage_true,differential_entropy_aleatoric,29,28.71,0.5487851074104908,0.7611766301479944
coverage_true,differential_entropy_aleatoric,30,29.700000000000003,0.5424317575287569,0.7611766301479944
coverage_true,differential_entropy_aleatoric,31,30.689999999999994,0.5358969095548891,0.7611766301479944
coverage_true,differential_entropy_aleatoric,32,31.679999999999996,0.5291726734225276,0.7611766301479944
coverage_true,differential_entropy_aleatoric,33,32.67,0.5222506950126959,0.7611766301479944
coverage_true,differential_entropy_aleatoric,34,33.660000000000004,0.5204321733211417,0.7611766301479944
coverage_true,differential_entropy_aleatoric,35,34.650000000000006,0.5277888526792462,0.7611766301479944
coverage_true,differential_entropy_aleatoric,36,35.64000000000001,0.5353718562314004,0.7611766301479944
coverage_true,differential_entropy_aleatoric,37,36.629999999999995,0.543191791250073,0.7611766301479944
coverage_true,differential_entropy_aleatoric,38,37.62,0.5512599383773857,0.7611766301479944
coverage_true,differential_entropy_aleatoric,39,38.61,0.5595883059202726,0.7611766301479944
coverage_true,differential_entropy_aleatoric,40,39.6,0.5681896894852604,0.7611766301479944
coverage_true,differential_entropy_aleatoric,41,40.59,0.5770777375757267,0.7611766301479944
coverage_true,differential_entropy_aleatoric,42,41.58,0.5862670238589203,0.7611766301479944
coverage_true,differential_entropy_aleatoric,43,42.56999999999999,0.59577312690758,0.7611766301479944
coverage_true,differential_entropy_aleatoric,44,43.56,0.6056127183339213,0.7611766301479944
coverage_true,differential_entropy_aleatoric,45,44.55,0.6158036603648461,0.7611766301479944
coverage_true,differential_entropy_aleatoric,46,45.540000000000006,0.6263651140597669,0.7611766301479944
coverage_true,differential_entropy_aleatoric,47,46.53,0.6373176595503854,0.7611766301479944
coverage_true,differential_entropy_aleatoric,48,47.519999999999996,0.6486834298899258,0.7611766301479944
coverage_true,differential_entropy_aleatoric,49,48.51,0.6604862603435134,0.7611766301479944
coverage_true,differential_entropy_aleatoric,50,49.5,0.6727518552386477,0.7611766301479944
coverage_true,differential_entropy_aleatoric,51,50.495000000000005,0.6855736945538214,0.7611766301479944
coverage_true,differential_entropy_aleatoric,52,51.485,0.6988530741698679,0.7611766301479944
coverage_true,differential_entropy_aleatoric,53,52.47500000000001,0.7126857030576608,0.7611766301479944
coverage_true,differential_entropy_aleatoric,54,53.465,0.7271068912061786,0.7611766301479944
coverage_true,differential_entropy_aleatoric,55,54.455,0.7421550187011468,0.7611766301479944
coverage_true,differential_entropy_aleatoric,56,55.445,0.7578718768086168,0.7611766301479944
coverage_true,differential_entropy_aleatoric,57,56.435,0.7743030555646075,0.7611766301479944
coverage_true,differential_entropy_aleatoric,58,57.42499999999999,0.7914983854406652,0.7611766301479944
coverage_true,differential_entropy_aleatoric,59,58.41499999999999,0.8095124420969222,0.7611766301479944
coverage_true,differential_entropy_aleatoric,60,59.404999999999994,0.8284051249923566,0.7611766301479944
coverage_true,differential_entropy_aleatoric,61,60.394999999999996,0.8482423227756323,0.7611766301479944
coverage_true,differential_entropy_aleatoric,62,61.385,0.8690966810305092,0.7611766301479944
coverage_true,differential_entropy_aleatoric,63,62.375,0.8910484912281011,0.7611766301479944
coverage_true,differential_entropy_aleatoric,64,63.365,0.9141867238138804,0.7611766301479944
coverage_true,differential_entropy_aleatoric,65,64.355,0.9386102334516961,0.7611766301479944
coverage_true,differential_entropy_aleatoric,66,65.345,0.9644291708512454,0.7611766301479944
coverage_true,differential_entropy_aleatoric,67,66.335,0.9917666437045625,0.7611766301479944
coverage_true,differential_entropy_aleatoric,68,67.325,0.9999371242649155,0.7611766301479944
coverage_true,differential_entropy_aleatoric,69,68.315,0.9999371242649155,0.7611766301479944
coverage_true,differential_entropy_aleatoric,70,69.30499999999999,0.9999371242649155,0.7611766301479944
coverage_true,differential_entropy_aleatoric,71,70.295,0.9999371242649155,0.7611766301479944
coverage_true,differential_entropy_aleatoric,72,71.285,0.9999371242649155,0.7611766301479944
coverage_true,differential_entropy_aleatoric,73,72.275,0.9999371242649158,0.7611766301479944
coverage_true,differential_entropy_aleatoric,74,73.265,0.9999371242649154,0.7611766301479944
coverage_true,differential_entropy_aleatoric,75,74.25500000000001,0.9999371242649155,0.7611766301479944
coverage_true,differential_entropy_aleatoric,76,75.245,0.9999371242649158,0.7611766301479944
coverage_true,differential_entropy_aleatoric,77,76.235,0.9999371242649155,0.7611766301479944
coverage_true,differential_entropy_aleatoric,78,77.225,0.9999371242649154,0.7611766301479944
coverage_true,differential_entropy_aleatoric,79,78.215,0.9999371242649154,0.7611766301479944
coverage_true,differential_entropy_aleatoric,80,79.205,0.9999371242649155,0.7611766301479944
coverage_true,differential_entropy_aleatoric,81,80.195,0.9999371242649155,0.7611766301479944
coverage_true,differential_entropy_aleatoric,82,81.185,0.9999371242649155,0.7611766301479944
coverage_true,differential_entropy_aleatoric,83,82.175,0.9999371242649155,0.7611766301479944
coverage_true,differential_entropy_aleatoric,84,83.165,0.9999371242649158,0.7611766301479944
coverage_true,differential_entropy_aleatoric,85,84.155,0.9999371242649155,0.7611766301479944
coverage_true,differential_entropy_aleatoric,86,85.14500000000001,0.9999371242649158,0.7611766301479944
coverage_true,differential_entropy_aleatoric,87,86.135,0.9999371242649155,0.7611766301479944
coverage_true,differential_entropy_aleatoric,88,87.125,0.9999371242649155,0.7611766301479944
coverage_true,differential_entropy_aleatoric,89,88.115,0.9999371242649155,0.7611766301479944
coverage_true,differential_entropy_aleatoric,90,89.105,0.9999371242649154,0.7611766301479944
coverage_true,differential_entropy_aleatoric,91,90.095,0.9999371242649158,0.7611766301479944
coverage_true,differential_entropy_aleatoric,92,91.08500000000001,0.9999371242649155,0.7611766301479944
coverage_true,differential_entropy_aleatoric,93,92.07499999999999,0.9999371242649155,0.7611766301479944
coverage_true,differential_entropy_aleatoric,94,93.065,0.9999371242649155,0.7611766301479944
coverage_true,differential_entropy_aleatoric,95,94.055,0.9999371242649158,0.7611766301479944
coverage_true,differential_entropy_aleatoric,96,95.045,0.9999371242649155,0.7611766301479944
coverage_true,differential_entropy_aleatoric,97,96.035,0.9999371242649154,0.7611766301479944
coverage_true,differential_entropy_aleatoric,98,97.025,0.9999371242649155,0.7611766301479944
coverage_true,differential_entropy_aleatoric,99,98.015,0.9999371242649155,0.7611766301479944
coverage_true,differential_entropy_aleatoric,100,99.005,0.9999371242649158,0.7611766301479944
coverage_true,differential_entropy_epistemic,0,0.0,0.6783108514493962,0.7345625902736416
coverage_true,differential_entropy_epistemic,1,0.990000000000002,0.6750949135634517,0.7345625902736416
coverage_true,differential_entropy_epistemic,2,1.980000000000004,0.671814013863447,0.7345625902736416
coverage_true,differential_entropy_epistemic,3,2.969999999999995,0.668466163927371,0.7345625902736416
coverage_true,differential_entropy_epistemic,4,3.959999999999997,0.6650492933449661,0.7345625902736416
coverage_true,differential_entropy_epistemic,5,4.949999999999999,0.6615612454479567,0.7345625902736416
coverage_true,differential_entropy_epistemic,6,5.940000000000001,0.6579997727706359,0.7345625902736416
coverage_true,differential_entropy_epistemic,7,6.930000000000003,0.6543625322207343,0.7345625902736416
coverage_true,differential_entropy_epistemic,8,7.920000000000005,0.650647079938765,0.7345625902736416
coverage_true,differential_entropy_epistemic,9,8.909999999999997,0.6468508658221453,0.7345625902736416
coverage_true,differential_entropy_epistemic,10,9.899999999999999,0.6429712276883126,0.7345625902736416
coverage_true,differential_entropy_epistemic,11,10.89,0.6390053850487564,0.7345625902736416
coverage_true,differential_entropy_epistemic,12,11.880000000000003,0.6349504324633728,0.7345625902736416
coverage_true,differential_entropy_epistemic,13,12.870000000000005,0.6308033324417553,0.7345625902736416
coverage_true,differential_entropy_epistemic,14,13.859999999999994,0.626560907854979,0.7345625902736416
coverage_true,differential_entropy_epistemic,15,14.849999999999996,0.6222198338180343,0.7345625902736416
coverage_true,differential_entropy_epistemic,16,15.839999999999998,0.6177766289993268,0.7345625902736416
coverage_true,differential_entropy_epistemic,17,16.830000000000002,0.6132276463094997,0.7345625902736416
coverage_true,differential_entropy_epistemic,18,17.820000000000004,0.6085690629172404,0.7345625902736416
coverage_true,differential_entropy_epistemic,19,18.810000000000006,0.6037968695346293,0.7345625902736416
coverage_true,differential_entropy_epistemic,20,19.799999999999997,0.5989068589089064,0.7345625902736416
coverage_true,differential_entropy_epistemic,21,20.79,0.5938946134512311,0.7345625902736416
coverage_true,differential_entropy_epistemic,22,21.78,0.5887554919259748,0.7345625902736416
coverage_true,differential_entropy_epistemic,23,22.770000000000003,0.5834846151162436,0.7345625902736416
coverage_true,differential_entropy_epistemic,24,23.760000000000005,0.5803554655053782,0.7345625902736416
coverage_true,differential_entropy_epistemic,25,24.750000000000007,0.5867631179891822,0.7345625902736416
coverage_true,differential_entropy_epistemic,26,25.739999999999995,0.5933416181960933,0.7345625902736416
coverage_true,differential_entropy_epistemic,27,26.729999999999997,0.5991758441231723,0.7345625902736416
coverage_true,differential_entropy_epistemic,28,27.72,0.604635788968303,0.7345625902736416
coverage_true,differential_entropy_epistemic,29,28.71,0.6097735495989135,0.7345625902736416
coverage_true,differential_entropy_epistemic,30,29.700000000000003,0.6148500863969711,0.7345625902736416
coverage_true,differential_entropy_epistemic,31,30.689999999999994,0.6194450352341135,0.7345625902736416
coverage_true,differential_entropy_epistemic,32,31.679999999999996,0.6244556808023296,0.7345625902736416
coverage_true,differential_entropy_epistemic,33,32.67,0.6293269928825859,0.7345625902736416
coverage_true,differential_entropy_epistemic,34,33.660000000000004,0.6338345122958601,0.7345625902736416
coverage_true,differential_entropy_epistemic,35,34.650000000000006,0.6388478142783779,0.7345625902736416
coverage_true,differential_entropy_epistemic,36,35.64000000000001,0.6425157826387428,0.7345625902736416
coverage_true,differential_entropy_epistemic,37,36.629999999999995,0.646679104949168,0.7345625902736416
coverage_true,differential_entropy_epistemic,38,37.62,0.6500462774081404,0.7345625902736416
coverage_true,differential_entropy_epistemic,39,38.61,0.6542295014374002,0.7345625902736416
coverage_true,differential_entropy_epistemic,40,39.6,0.6578308112141229,0.7345625902736416
coverage_true,differential_entropy_epistemic,41,40.59,0.6610647920967834,0.7345625902736416
coverage_true,differential_entropy_epistemic,42,41.58,0.6577176302589173,0.7345625902736416
coverage_true,differential_entropy_epistemic,43,42.56999999999999,0.6544231207028856,0.7345625902736416
coverage_true,differential_entropy_epistemic,44,43.56,0.6512695337647865,0.7345625902736416
coverage_true,differential_entropy_epistemic,45,44.55,0.6475682082405881,0.7345625902736416
coverage_true,differential_entropy_epistemic,46,45.540000000000006,0.6432006648043064,0.7345625902736416
coverage_true,differential_entropy_epistemic,47,46.53,0.638129898271747,0.7345625902736416
coverage_true,differential_entropy_epistemic,48,47.519999999999996,0.63259196483348,0.7345625902736416
coverage_true,differential_entropy_epistemic,49,48.51,0.626466198608707,0.7345625902736416
coverage_true,differential_entropy_epistemic,50,49.5,0.6195269151546432,0.7345625902736416
coverage_true,differential_entropy_epistemic,51,50.495000000000005,0.6221161464167914,0.7345625902736416
coverage_true,differential_entropy_epistemic,52,51.485,0.627137976674483,0.7345625902736416
coverage_true,differential_entropy_epistemic,53,52.47500000000001,0.6318613371046828,0.7345625902736416
coverage_true,differential_entropy_epistemic,54,53.465,0.6362671784887886,0.7345625902736416
coverage_true,differential_entropy_epistemic,55,54.455,0.6406526524331275,0.7345625902736416
coverage_true,differential_entropy_epistemic,56,55.445,0.6473991464258763,0.7345625902736416
coverage_true,differential_entropy_epistemic,57,56.435,0.6538984248934072,0.7345625902736416
coverage_true,differential_entropy_epistemic,58,57.42499999999999,0.6608133034045798,0.7345625902736416
coverage_true,differential_entropy_epistemic,59,58.41499999999999,0.6685215896690664,0.7345625902736416
coverage_true,differential_entropy_epistemic,60,59.404999999999994,0.6751793820524198,0.7345625902736416
coverage_true,differential_entropy_epistemic,61,60.394999999999996,0.6838758270253964,0.7345625902736416
coverage_true,differential_entropy_epistemic,62,61.385,0.6932681197785416,0.7345625902736416
coverage_true,differential_entropy_epistemic,63,62.375,0.7027699125496045,0.7345625902736416
coverage_true,differential_entropy_epistemic,64,63.365,0.7154196665471948,0.7345625902736416
coverage_true,differential_entropy_epistemic,65,64.355,0.7274182915783569,0.7345625902736416
coverage_true,differential_entropy_epistemic,66,65.345,0.7409379346593195,0.7345625902736416
coverage_true,differential_entropy_epistemic,67,66.335,0.7536759733405904,0.7345625902736416
coverage_true,differential_entropy_epistemic,68,67.325,0.7691057984943803,0.7345625902736416
coverage_true,differential_entropy_epistemic,69,68.315,0.7824538513255374,0.7345625902736416
coverage_true,differential_entropy_epistemic,70,69.30499999999999,0.79682013986603,0.7345625902736416
coverage_true,differential_entropy_epistemic,71,70.295,0.8127938228949787,0.7345625902736416
coverage_true,differential_entropy_epistemic,72,71.285,0.8286925865072753,0.7345625902736416
coverage_true,differential_entropy_epistemic,73,72.275,0.8455527189729528,0.7345625902736416
coverage_true,differential_entropy_epistemic,74,73.265,0.8638420140634441,0.7345625902736416
coverage_true,differential_entropy_epistemic,75,74.25500000000001,0.882975589705581,0.7345625902736416
coverage_true,differential_entropy_epistemic,76,75.245,0.902080067219363,0.7345625902736416
coverage_true,differential_entropy_epistemic,77,76.235,0.9229793045046432,0.7345625902736416
coverage_true,differential_entropy_epistemic,78,77.225,0.9412459569155157,0.7345625902736416
coverage_true,differential_entropy_epistemic,79,78.215,0.9647169967329171,0.7345625902736416
coverage_true,differential_entropy_epistemic,80,79.205,0.9878702223364468,0.7345625902736416
coverage_true,differential_entropy_epistemic,81,80.195,0.9999371242649155,0.7345625902736416
coverage_true,differential_entropy_epistemic,82,81.185,0.9999371242649155,0.7345625902736416
coverage_true,differential_entropy_epistemic,83,82.175,0.9999371242649155,0.7345625902736416
coverage_true,differential_entropy_epistemic,84,83.165,0.9999371242649158,0.7345625902736416
coverage_true,differential_entropy_epistemic,85,84.155,0.9999371242649155,0.7345625902736416
coverage_true,differential_entropy_epistemic,86,85.14500000000001,0.9999371242649158,0.7345625902736416
coverage_true,differential_entropy_epistemic,87,86.135,0.9999371242649155,0.7345625902736416
coverage_true,differential_entropy_epistemic,88,87.125,0.9999371242649155,0.7345625902736416
coverage_true,differential_entropy_epistemic,89,88.115,0.9999371242649155,0.7345625902736416
coverage_true,differential_entropy_epistemic,90,89.105,0.9999371242649154,0.7345625902736416
coverage_true,differential_entropy_epistemic,91,90.095,0.9999371242649158,0.7345625902736416
coverage_true,differential_entropy_epistemic,92,91.08500000000001,0.9999371242649155,0.7345625902736416
coverage_true,differential_entropy_epistemic,93,92.07499999999999,0.9999371242649155,0.7345625902736416
coverage_true,differential_entropy_epistemic,94,93.065,0.9999371242649155,0.7345625902736416
coverage_true,differential_entropy_epistemic,95,94.055,0.9999371242649158,0.7345625902736416
coverage_true,differential_entropy_epistemic,96,95.045,0.9999371242649155,0.7345625902736416
coverage_true,differential_entropy_epistemic,97,96.035,0.9999371242649154,0.7345625902736416
coverage_true,differential_entropy_epistemic,98,97.025,0.9999371242649155,0.7345625902736416
coverage_true,differential_entropy_epistemic,99,98.015,0.9999371242649155,0.7345625902736416
coverage_true,differential_entropy_epistemic,100,99.005,0.9999371242649158,0.7345625902736416
coverage_true,variance_total,0,0.0,0.6783108514493963,0.7611766301479944
coverage_true,variance_total,1,0.990000000000002,0.6750949135634517,0.7611766301479944
coverage_true,variance_total,2,1.980000000000004,0.6718140138634471,0.7611766301479944
coverage_true,variance_total,3,2.969999999999995,0.6684661639273713,0.7611766301479944
coverage_true,variance_total,4,3.959999999999997,0.6650492933449662,0.7611766301479944
coverage_true,variance_total,5,4.949999999999999,0.6615612454479567,0.7611766301479944
coverage_true,variance_total,6,5.940000000000001,0.6579997727706359,0.7611766301479944
coverage_true,variance_total,7,6.930000000000003,0.6543625322207344,0.7611766301479944
coverage_true,variance_total,8,7.920000000000005,0.650647079938765,0.7611766301479944
coverage_true,variance_total,9,8.909999999999997,0.6468508658221453,0.7611766301479944
coverage_true,variance_total,10,9.899999999999999,0.6429712276883126,0.7611766301479944
coverage_true,variance_total,11,10.89,0.6390053850487565,0.7611766301479944
coverage_true,variance_total,12,11.880000000000003,0.6349504324633728,0.7611766301479944
coverage_true,variance_total,13,12.870000000000005,0.6308033324417553,0.7611766301479944
coverage_true,variance_total,14,13.859999999999994,0.6265609078549791,0.7611766301479944
coverage_true,variance_total,15,14.849999999999996,0.6222198338180344,0.7611766301479944
coverage_true,variance_total,16,15.839999999999998,0.6177766289993272,0.7611766301479944
coverage_true,variance_total,17,16.830000000000002,0.6132276463094997,0.7611766301479944
coverage_true,variance_total,18,17.820000000000004,0.6085690629172404,0.7611766301479944
coverage_true,variance_total,19,18.810000000000006,0.6037968695346293,0.7611766301479944
coverage_true,variance_total,20,19.799999999999997,0.5989068589089064,0.7611766301479944
coverage_true,variance_total,21,20.79,0.5938946134512311,0.7611766301479944
coverage_true,variance_total,22,21.78,0.5887554919259749,0.7611766301479944
coverage_true,variance_total,23,22.770000000000003,0.5834846151162436,0.7611766301479944
coverage_true,variance_total,24,23.760000000000005,0.5780768503725764,0.7611766301479944
coverage_true,variance_total,25,24.750000000000007,0.5725267949419662,0.7611766301479944
coverage_true,variance_total,26,25.739999999999995,0.5668287579633813,0.7611766301479944
coverage_true,variance_total,27,26.729999999999997,0.5609767410036636,0.7611766301479944
coverage_true,variance_total,28,27.72,0.5549644169938596,0.7611766301479944
coverage_true,variance_total,29,28.71,0.5487851074104908,0.7611766301479944
coverage_true,variance_total,30,29.700000000000003,0.5424317575287569,0.7611766301479944
coverage_true,variance_total,31,30.689999999999994,0.5358969095548891,0.7611766301479944
coverage_true,variance_total,32,31.679999999999996,0.5291726734225276,0.7611766301479944
coverage_true,variance_total,33,32.67,0.5222506950126959,0.7611766301479944
coverage_true,variance_total,34,33.660000000000004,0.5204321733211417,0.7611766301479944
coverage_true,variance_total,35,34.650000000000006,0.5277888526792462,0.7611766301479944
coverage_true,variance_total,36,35.64000000000001,0.5353718562314004,0.7611766301479944
coverage_true,variance_total,37,36.629999999999995,0.543191791250073,0.7611766301479944
coverage_true,variance_total,38,37.62,0.5512599383773857,0.7611766301479944
coverage_true,variance_total,39,38.61,0.5595883059202726,0.7611766301479944
coverage_true,variance_total,40,39.6,0.5681896894852604,0.7611766301479944
coverage_true,variance_total,41,40.59,0.5770777375757267,0.7611766301479944
coverage_true,variance_total,42,41.58,0.5862670238589203,0.7611766301479944
coverage_true,variance_total,43,42.56999999999999,0.59577312690758,0.7611766301479944
coverage_true,variance_total,44,43.56,0.6056127183339213,0.7611766301479944
coverage_true,variance_total,45,44.55,0.6158036603648461,0.7611766301479944
coverage_true,variance_total,46,45.540000000000006,0.6263651140597669,0.7611766301479944
coverage_true,variance_total,47,46.53,0.6373176595503854,0.7611766301479944
coverage_true,variance_total,48,47.519999999999996,0.6486834298899258,0.7611766301479944
coverage_true,variance_total,49,48.51,0.6604862603435134,0.7611766301479944
coverage_true,variance_total,50,49.5,0.6727518552386477,0.7611766301479944
coverage_true,variance_total,51,50.495000000000005,0.6855736945538214,0.7611766301479944
coverage_true,variance_total,52,51.485,0.6988530741698679,0.7611766301479944
coverage_true,variance_total,53,52.47500000000001,0.7126857030576608,0.7611766301479944
coverage_true,variance_total,54,53.465,0.7271068912061786,0.7611766301479944
coverage_true,variance_total,55,54.455,0.7421550187011468,0.7611766301479944
coverage_true,variance_total,56,55.445,0.7578718768086168,0.7611766301479944
coverage_true,variance_total,57,56.435,0.7743030555646075,0.7611766301479944
coverage_true,variance_total,58,57.42499999999999,0.7914983854406652,0.7611766301479944
coverage_true,variance_total,59,58.41499999999999,0.8095124420969222,0.7611766301479944
coverage_true,variance_total,60,59.404999999999994,0.8284051249923566,0.7611766301479944
coverage_true,variance_total,61,60.394999999999996,0.8482423227756323,0.7611766301479944
coverage_true,variance_total,62,61.385,0.8690966810305092,0.7611766301479944
coverage_true,variance_total,63,62.375,0.8910484912281011,0.7611766301479944
coverage_true,variance_total,64,63.365,0.9141867238138804,0.7611766301479944
coverage_true,variance_total,65,64.355,0.9386102334516961,0.7611766301479944
coverage_true,variance_total,66,65.345,0.9644291708512454,0.7611766301479944
coverage_true,variance_total,67,66.335,0.9917666437045625,0.7611766301479944
coverage_true,variance_total,68,67.325,0.9999371242649155,0.7611766301479944
coverage_true,variance_total,69,68.315,0.9999371242649155,0.7611766301479944
coverage_true,variance_total,70,69.30499999999999,0.9999371242649155,0.7611766301479944
coverage_true,variance_total,71,70.295,0.9999371242649155,0.7611766301479944
coverage_true,variance_total,72,71.285,0.9999371242649155,0.7611766301479944
coverage_true,variance_total,73,72.275,0.9999371242649158,0.7611766301479944
coverage_true,variance_total,74,73.265,0.9999371242649154,0.7611766301479944
coverage_true,variance_total,75,74.25500000000001,0.9999371242649155,0.7611766301479944
coverage_true,variance_total,76,75.245,0.9999371242649158,0.7611766301479944
coverage_true,variance_total,77,76.235,0.9999371242649155,0.7611766301479944
coverage_true,variance_total,78,77.225,0.9999371242649154,0.7611766301479944
coverage_true,variance_total,79,78.215,0.9999371242649154,0.7611766301479944
coverage_true,variance_total,80,79.205,0.9999371242649155,0.7611766301479944
coverage_true,variance_total,81,80.195,0.9999371242649155,0.7611766301479944
coverage_true,variance_total,82,81.185,0.9999371242649155,0.7611766301479944
coverage_true,variance_total,83,82.175,0.9999371242649155,0.7611766301479944
coverage_true,variance_total,84,83.165,0.9999371242649158,0.7611766301479944
coverage_true,variance_total,85,84.155,0.9999371242649155,0.7611766301479944
coverage_true,variance_total,86,85.14500000000001,0.9999371242649158,0.7611766301479944
coverage_true,variance_total,87,86.135,0.9999371242649155,0.7611766301479944
coverage_true,variance_total,88,87.125,0.9999371242649155,0.7611766301479944
coverage_true,variance_total,89,88.115,0.9999371242649155,0.7611766301479944
coverage_true,variance_total,90,89.105,0.9999371242649154,0.7611766301479944
coverage_true,variance_total,91,90.095,0.9999371242649158,0.7611766301479944
coverage_true,variance_total,92,91.08500000000001,0.9999371242649155,0.7611766301479944
coverage_true,variance_total,93,92.07499999999999,0.9999371242649155,0.7611766301479944
coverage_true,variance_total,94,93.065,0.9999371242649155,0.7611766301479944
coverage_true,variance_total,95,94.055,0.9999371242649158,0.7611766301479944
coverage_true,variance_total,96,95.045,0.9999371242649155,0.7611766301479944
coverage_true,variance_total,97,96.035,0.9999371242649154,0.7611766301479944
coverage_true,variance_total,98,97.025,0.9999371242649155,0.7611766301479944
coverage_true,variance_total,99,98.015,0.9999371242649155,0.7611766301479944
coverage_true,variance_total,100,99.005,0.9999371242649158,0.7611766301479944
coverage_true,variance_aleatoric,0,0.0,0.6783108514493963,0.7611766301479944
coverage_true,variance_aleatoric,1,0.990000000000002,0.6750949135634517,0.7611766301479944
coverage_true,variance_aleatoric,2,1.980000000000004,0.6718140138634471,0.7611766301479944
coverage_true,variance_aleatoric,3,2.969999999999995,0.6684661639273713,0.7611766301479944
coverage_true,variance_aleatoric,4,3.959999999999997,0.6650492933449662,0.7611766301479944
coverage_true,variance_aleatoric,5,4.949999999999999,0.6615612454479567,0.7611766301479944
coverage_true,variance_aleatoric,6,5.940000000000001,0.6579997727706359,0.7611766301479944
coverage_true,variance_aleatoric,7,6.930000000000003,0.6543625322207344,0.7611766301479944
coverage_true,variance_aleatoric,8,7.920000000000005,0.650647079938765,0.7611766301479944
coverage_true,variance_aleatoric,9,8.909999999999997,0.6468508658221453,0.7611766301479944
coverage_true,variance_aleatoric,10,9.899999999999999,0.6429712276883126,0.7611766301479944
coverage_true,variance_aleatoric,11,10.89,0.6390053850487565,0.7611766301479944
coverage_true,variance_aleatoric,12,11.880000000000003,0.6349504324633728,0.7611766301479944
coverage_true,variance_aleatoric,13,12.870000000000005,0.6308033324417553,0.7611766301479944
coverage_true,variance_aleatoric,14,13.859999999999994,0.6265609078549791,0.7611766301479944
coverage_true,variance_aleatoric,15,14.849999999999996,0.6222198338180344,0.7611766301479944
coverage_true,variance_aleatoric,16,15.839999999999998,0.6177766289993272,0.7611766301479944
coverage_true,variance_aleatoric,17,16.830000000000002,0.6132276463094997,0.7611766301479944
coverage_true,variance_aleatoric,18,17.820000000000004,0.6085690629172404,0.7611766301479944
coverage_true,variance_aleatoric,19,18.810000000000006,0.6037968695346293,0.7611766301479944
coverage_true,variance_aleatoric,20,19.799999999999997,0.5989068589089064,0.7611766301479944
coverage_true,variance_aleatoric,21,20.79,0.5938946134512311,0.7611766301479944
coverage_true,variance_aleatoric,22,21.78,0.5887554919259749,0.7611766301479944
coverage_true,variance_aleatoric,23,22.770000000000003,0.5834846151162436,0.7611766301479944
coverage_true,variance_aleatoric,24,23.760000000000005,0.5780768503725764,0.7611766301479944
coverage_true,variance_aleatoric,25,24.750000000000007,0.5725267949419662,0.7611766301479944
coverage_true,variance_aleatoric,26,25.739999999999995,0.5668287579633813,0.7611766301479944
coverage_true,variance_aleatoric,27,26.729999999999997,0.5609767410036636,0.7611766301479944
coverage_true,variance_aleatoric,28,27.72,0.5549644169938596,0.7611766301479944
coverage_true,variance_aleatoric,29,28.71,0.5487851074104908,0.7611766301479944
coverage_true,variance_aleatoric,30,29.700000000000003,0.5424317575287569,0.7611766301479944
coverage_true,variance_aleatoric,31,30.689999999999994,0.5358969095548891,0.7611766301479944
coverage_true,variance_aleatoric,32,31.679999999999996,0.5291726734225276,0.7611766301479944
coverage_true,variance_aleatoric,33,32.67,0.5222506950126959,0.7611766301479944
coverage_true,variance_aleatoric,34,33.660000000000004,0.5204321733211417,0.7611766301479944
coverage_true,variance_aleatoric,35,34.650000000000006,0.5277888526792462,0.7611766301479944
coverage_true,variance_aleatoric,36,35.64000000000001,0.5353718562314004,0.7611766301479944
coverage_true,variance_aleatoric,37,36.629999999999995,0.543191791250073,0.7611766301479944
coverage_true,variance_aleatoric,38,37.62,0.5512599383773857,0.7611766301479944
coverage_true,variance_aleatoric,39,38.61,0.5595883059202726,0.7611766301479944
coverage_true,variance_aleatoric,40,39.6,0.5681896894852604,0.7611766301479944
coverage_true,variance_aleatoric,41,40.59,0.5770777375757267,0.7611766301479944
coverage_true,variance_aleatoric,42,41.58,0.5862670238589203,0.7611766301479944
coverage_true,variance_aleatoric,43,42.56999999999999,0.59577312690758,0.7611766301479944
coverage_true,variance_aleatoric,44,43.56,0.6056127183339213,0.7611766301479944
coverage_true,variance_aleatoric,45,44.55,0.6158036603648461,0.7611766301479944
coverage_true,variance_aleatoric,46,45.540000000000006,0.6263651140597669,0.7611766301479944
coverage_true,variance_aleatoric,47,46.53,0.6373176595503854,0.7611766301479944
coverage_true,variance_aleatoric,48,47.519999999999996,0.6486834298899258,0.7611766301479944
coverage_true,variance_aleatoric,49,48.51,0.6604862603435134,0.7611766301479944
coverage_true,variance_aleatoric,50,49.5,0.6727518552386477,0.7611766301479944
coverage_true,variance_aleatoric,51,50.495000000000005,0.6855736945538214,0.7611766301479944
coverage_true,variance_aleatoric,52,51.485,0.6988530741698679,0.7611766301479944
coverage_true,variance_aleatoric,53,52.47500000000001,0.7126857030576608,0.7611766301479944
coverage_true,variance_aleatoric,54,53.465,0.7271068912061786,0.7611766301479944
coverage_true,variance_aleatoric,55,54.455,0.7421550187011468,0.7611766301479944
coverage_true,variance_aleatoric,56,55.445,0.7578718768086168,0.7611766301479944
coverage_true,variance_aleatoric,57,56.435,0.7743030555646075,0.7611766301479944
coverage_true,variance_aleatoric,58,57.42499999999999,0.7914983854406652,0.7611766301479944
coverage_true,variance_aleatoric,59,58.41499999999999,0.8095124420969222,0.7611766301479944
coverage_true,variance_aleatoric,60,59.404999999999994,0.8284051249923566,0.7611766301479944
coverage_true,variance_aleatoric,61,60.394999999999996,0.8482423227756323,0.7611766301479944
coverage_true,variance_aleatoric,62,61.385,0.8690966810305092,0.7611766301479944
coverage_true,variance_aleatoric,63,62.375,0.8910484912281011,0.7611766301479944
coverage_true,variance_aleatoric,64,63.365,0.9141867238138804,0.7611766301479944
coverage_true,variance_aleatoric,65,64.355,0.9386102334516961,0.7611766301479944
coverage_true,variance_aleatoric,66,65.345,0.9644291708512454,0.7611766301479944
coverage_true,variance_aleatoric,67,66.335,0.9917666437045625,0.7611766301479944
coverage_true,variance_aleatoric,68,67.325,0.9999371242649155,0.7611766301479944
coverage_true,variance_aleatoric,69,68.315,0.9999371242649155,0.7611766301479944
coverage_true,variance_aleatoric,70,69.30499999999999,0.9999371242649155,0.7611766301479944
coverage_true,variance_aleatoric,71,70.295,0.9999371242649155,0.7611766301479944
coverage_true,variance_aleatoric,72,71.285,0.9999371242649155,0.7611766301479944
coverage_true,variance_aleatoric,73,72.275,0.9999371242649158,0.7611766301479944
coverage_true,variance_aleatoric,74,73.265,0.9999371242649154,0.7611766301479944
coverage_true,variance_aleatoric,75,74.25500000000001,0.9999371242649155,0.7611766301479944
coverage_true,variance_aleatoric,76,75.245,0.9999371242649158,0.7611766301479944
coverage_true,variance_aleatoric,77,76.235,0.9999371242649155,0.7611766301479944
coverage_true,variance_aleatoric,78,77.225,0.9999371242649154,0.7611766301479944
coverage_true,variance_aleatoric,79,78.215,0.9999371242649154,0.7611766301479944
coverage_true,variance_aleatoric,80,79.205,0.9999371242649155,0.7611766301479944
coverage_true,variance_aleatoric,81,80.195,0.9999371242649155,0.7611766301479944
coverage_true,variance_aleatoric,82,81.185,0.9999371242649155,0.7611766301479944
coverage_true,variance_aleatoric,83,82.175,0.9999371242649155,0.7611766301479944
coverage_true,variance_aleatoric,84,83.165,0.9999371242649158,0.7611766301479944
coverage_true,variance_aleatoric,85,84.155,0.9999371242649155,0.7611766301479944
coverage_true,variance_aleatoric,86,85.14500000000001,0.9999371242649158,0.7611766301479944
coverage_true,variance_aleatoric,87,86.135,0.9999371242649155,0.7611766301479944
coverage_true,variance_aleatoric,88,87.125,0.9999371242649155,0.7611766301479944
coverage_true,variance_aleatoric,89,88.115,0.9999371242649155,0.7611766301479944
coverage_true,variance_aleatoric,90,89.105,0.9999371242649154,0.7611766301479944
coverage_true,variance_aleatoric,91,90.095,0.9999371242649158,0.7611766301479944
coverage_true,variance_aleatoric,92,91.08500000000001,0.9999371242649155,0.7611766301479944
coverage_true,variance_aleatoric,93,92.07499999999999,0.9999371242649155,0.7611766301479944
coverage_true,variance_aleatoric,94,93.065,0.9999371242649155,0.7611766301479944
coverage_true,variance_aleatoric,95,94.055,0.9999371242649158,0.7611766301479944
coverage_true,variance_aleatoric,96,95.045,0.9999371242649155,0.7611766301479944
coverage_true,variance_aleatoric,97,96.035,0.9999371242649154,0.7611766301479944
coverage_true,variance_aleatoric,98,97.025,0.9999371242649155,0.7611766301479944
coverage_true,variance_aleatoric,99,98.015,0.9999371242649155,0.7611766301479944
coverage_true,variance_aleatoric,100,99.005,0.9999371242649158,0.7611766301479944
coverage_true,variance_epistemic,0,0.0,0.6783108514493962,0.741401482803679
coverage_true,variance_epistemic,1,0.990000000000002,0.6750949135634517,0.741401482803679
coverage_true,variance_epistemic,2,1.980000000000004,0.671814013863447,0.741401482803679
coverage_true,variance_epistemic,3,2.969999999999995,0.668466163927371,0.741401482803679
coverage_true,variance_epistemic,4,3.959999999999997,0.6650492933449661,0.741401482803679
coverage_true,variance_epistemic,5,4.949999999999999,0.6615612454479567,0.741401482803679
coverage_true,variance_epistemic,6,5.940000000000001,0.6579997727706359,0.741401482803679
coverage_true,variance_epistemic,7,6.930000000000003,0.6543625322207343,0.741401482803679
coverage_true,variance_epistemic,8,7.920000000000005,0.650647079938765,0.741401482803679
coverage_true,variance_epistemic,9,8.909999999999997,0.6468508658221453,0.741401482803679
coverage_true,variance_epistemic,10,9.899999999999999,0.6429712276883126,0.741401482803679
coverage_true,variance_epistemic,11,10.89,0.6390053850487564,0.741401482803679
coverage_true,variance_epistemic,12,11.880000000000003,0.6349504324633728,0.741401482803679
coverage_true,variance_epistemic,13,12.870000000000005,0.6308033324417553,0.741401482803679
coverage_true,variance_epistemic,14,13.859999999999994,0.626560907854979,0.741401482803679
coverage_true,variance_epistemic,15,14.849999999999996,0.6222198338180343,0.741401482803679
coverage_true,variance_epistemic,16,15.839999999999998,0.6177766289993268,0.741401482803679
coverage_true,variance_epistemic,17,16.830000000000002,0.6132276463094997,0.741401482803679
coverage_true,variance_epistemic,18,17.820000000000004,0.6085690629172404,0.741401482803679
coverage_true,variance_epistemic,19,18.810000000000006,0.6037968695346293,0.741401482803679
coverage_true,variance_epistemic,20,19.799999999999997,0.5989068589089064,0.741401482803679
coverage_true,variance_epistemic,21,20.79,0.5938946134512311,0.741401482803679
coverage_true,variance_epistemic,22,21.78,0.5887554919259748,0.741401482803679
coverage_true,variance_epistemic,23,22.770000000000003,0.584546834569436,0.741401482803679
coverage_true,variance_epistemic,24,23.760000000000005,0.5911788873861868,0.741401482803679
coverage_true,variance_epistemic,25,24.750000000000007,0.5977930619717099,0.741401482803679
coverage_true,variance_epistemic,26,25.739999999999995,0.6035438707856419,0.741401482803679
coverage_true,variance_epistemic,27,26.729999999999997,0.6087914804256693,0.741401482803679
coverage_true,variance_epistemic,28,27.72,0.6141828403021004,0.741401482803679
coverage_true,variance_epistemic,29,28.71,0.6193178008181893,0.741401482803679
coverage_true,variance_epistemic,30,29.700000000000003,0.62439145863648,0.741401482803679
coverage_true,variance_epistemic,31,30.689999999999994,0.6286353290588284,0.741401482803679
coverage_true,variance_epistemic,32,31.679999999999996,0.6337791477957574,0.741401482803679
coverage_true,variance_epistemic,33,32.67,0.6383575240282393,0.741401482803679
coverage_true,variance_epistemic,34,33.660000000000004,0.6432180284778607,0.741401482803679
coverage_true,variance_epistemic,35,34.650000000000006,0.6477827440346908,0.741401482803679
coverage_true,variance_epistemic,36,35.64000000000001,0.652187977534857,0.741401482803679
coverage_true,variance_epistemic,37,36.629999999999995,0.6565785536473889,0.741401482803679
coverage_true,variance_epistemic,38,37.62,0.6608764163778391,0.741401482803679
coverage_true,variance_epistemic,39,38.61,0.6644482351726385,0.741401482803679
coverage_true,variance_epistemic,40,39.6,0.668776295774599,0.741401482803679
coverage_true,variance_epistemic,41,40.59,0.6730049246060632,0.741401482803679
coverage_true,variance_epistemic,42,41.58,0.6759726406801885,0.741401482803679
coverage_true,variance_epistemic,43,42.56999999999999,0.6731608694369158,0.741401482803679
coverage_true,variance_epistemic,44,43.56,0.6697374591076086,0.741401482803679
coverage_true,variance_epistemic,45,44.55,0.6665399108074697,0.741401482803679
coverage_true,variance_epistemic,46,45.540000000000006,0.6629602848886869,0.741401482803679
coverage_true,variance_epistemic,47,46.53,0.658887110039876,0.741401482803679
coverage_true,variance_epistemic,48,47.519999999999996,0.6544763573102463,0.741401482803679
coverage_true,variance_epistemic,49,48.51,0.6495211164785759,0.741401482803679
coverage_true,variance_epistemic,50,49.5,0.6437026958391191,0.741401482803679
coverage_true,variance_epistemic,51,50.495000000000005,0.6370301323844804,0.741401482803679
coverage_true,variance_epistemic,52,51.485,0.6355925998188765,0.741401482803679
coverage_true,variance_epistemic,53,52.47500000000001,0.640492079700164,0.741401482803679
coverage_true,variance_epistemic,54,53.465,0.6460148188945357,0.741401482803679
coverage_true,variance_epistemic,55,54.455,0.6519895555549209,0.741401482803679
coverage_true,variance_epistemic,56,55.445,0.6580131930704927,0.741401482803679
coverage_true,variance_epistemic,57,56.435,0.6647536721848307,0.741401482803679
coverage_true,variance_epistemic,58,57.42499999999999,0.6728277168441508,0.741401482803679
coverage_true,variance_epistemic,59,58.41499999999999,0.6810541098848757,0.741401482803679
coverage_true,variance_epistemic,60,59.404999999999994,0.690276099937115,0.741401482803679
coverage_true,variance_epistemic,61,60.394999999999996,0.699349915209444,0.741401482803679
coverage_true,variance_epistemic,62,61.385,0.7076393241452624,0.741401482803679
coverage_true,variance_epistemic,63,62.375,0.7181605320601083,0.741401482803679
coverage_true,variance_epistemic,64,63.365,0.7291186552521222,0.741401482803679
coverage_true,variance_epistemic,65,64.355,0.7397378215209683,0.741401482803679
coverage_true,variance_epistemic,66,65.345,0.7538878941395992,0.741401482803679
coverage_true,variance_epistemic,67,66.335,0.7667200738843121,0.741401482803679
coverage_true,variance_epistemic,68,67.325,0.7800344729070607,0.741401482803679
coverage_true,variance_epistemic,69,68.315,0.7943331897634025,0.741401482803679
coverage_true,variance_epistemic,70,69.30499999999999,0.8087681977718466,0.741401482803679
coverage_true,variance_epistemic,71,70.295,0.8218910667115729,0.741401482803679
coverage_true,variance_epistemic,72,71.285,0.8375993190893706,0.741401482803679
coverage_true,variance_epistemic,73,72.275,0.8547774917807027,0.741401482803679
coverage_true,variance_epistemic,74,73.265,0.8717839037834241,0.741401482803679
coverage_true,variance_epistemic,75,74.25500000000001,0.8919726308255298,0.741401482803679
coverage_true,variance_epistemic,76,75.245,0.9089027703998299,0.741401482803679
coverage_true,variance_epistemic,77,76.235,0.9304923370406064,0.741401482803679
coverage_true,variance_epistemic,78,77.225,0.949297452797383,0.741401482803679
coverage_true,variance_epistemic,79,78.215,0.9713623038144265,0.741401482803679
coverage_true,variance_epistemic,80,79.205,0.9943677849133146,0.741401482803679
coverage_true,variance_epistemic,81,80.195,0.9999371242649155,0.741401482803679
coverage_true,variance_epistemic,82,81.185,0.9999371242649155,0.741401482803679
coverage_true,variance_epistemic,83,82.175,0.9999371242649155,0.741401482803679
coverage_true,variance_epistemic,84,83.165,0.9999371242649158,0.741401482803679
coverage_true,variance_epistemic,85,84.155,0.9999371242649155,0.741401482803679
coverage_true,variance_epistemic,86,85.14500000000001,0.9999371242649158,0.741401482803679
coverage_true,variance_epistemic,87,86.135,0.9999371242649155,0.741401482803679
coverage_true,variance_epistemic,88,87.125,0.9999371242649155,0.741401482803679
coverage_true,variance_epistemic,89,88.115,0.9999371242649155,0.741401482803679
coverage_true,variance_epistemic,90,89.105,0.9999371242649154,0.741401482803679
coverage_true,variance_epistemic,91,90.095,0.9999371242649158,0.741401482803679
coverage_true,variance_epistemic,92,91.08500000000001,0.9999371242649155,0.741401482803679
coverage_true,variance_epistemic,93,92.07499999999999,0.9999371242649155,0.741401482803679
coverage_true,variance_epistemic,94,93.065,0.9999371242649155,0.741401482803679
coverage_true,variance_epistemic,95,94.055,0.9999371242649158,0.741401482803679
coverage_true,variance_epistemic,96,95.045,0.9999371242649155,0.741401482803679
coverage_true,variance_epistemic,97,96.035,0.9999371242649154,0.741401482803679
coverage_true,variance_epistemic,98,97.025,0.9999371242649155,0.741401482803679
coverage_true,variance_epistemic,99,98.015,0.9999371242649155,0.741401482803679
coverage_true,variance_epistemic,100,99.005,0.9999371242649158,0.741401482803679
coverage_true,alpha_volume_total_5%,0,0.0,0.6783108514493961,0.6749266509438636
coverage_true,alpha_volume_total_5%,1,0.990000000000002,0.6787015637647882,0.6749266509438636
coverage_true,alpha_volume_total_5%,2,1.980000000000004,0.6786078607104692,0.6749266509438636
coverage_true,alpha_volume_total_5%,3,2.969999999999995,0.678810644009923,0.6749266509438636
coverage_true,alpha_volume_total_5%,4,3.959999999999997,0.6790678537090569,0.6749266509438636
coverage_true,alpha_volume_total_5%,5,4.949999999999999,0.6791273450834654,0.6749266509438636
coverage_true,alpha_volume_total_5%,6,5.940000000000001,0.6791880887747075,0.6749266509438636
coverage_true,alpha_volume_total_5%,7,6.930000000000003,0.678783482386197,0.6749266509438636
coverage_true,alpha_volume_total_5%,8,7.920000000000005,0.6791562748545078,0.6749266509438636
coverage_true,alpha_volume_total_5%,9,8.909999999999997,0.6793252658859739,0.6749266509438636
coverage_true,alpha_volume_total_5%,10,9.899999999999999,0.6791230626754403,0.6749266509438636
coverage_true,alpha_volume_total_5%,11,10.89,0.6790788264621032,0.6749266509438636
coverage_true,alpha_volume_total_5%,12,11.880000000000003,0.6793621664545281,0.6749266509438636
coverage_true,alpha_volume_total_5%,13,12.870000000000005,0.6794304095941538,0.6749266509438636
coverage_true,alpha_volume_total_5%,14,13.859999999999994,0.6798363439848888,0.6749266509438636
coverage_true,alpha_volume_total_5%,15,14.849999999999996,0.6797983435095618,0.6749266509438636
coverage_true,alpha_volume_total_5%,16,15.839999999999998,0.6799314642383214,0.6749266509438636
coverage_true,alpha_volume_total_5%,17,16.830000000000002,0.6793715030040491,0.6749266509438636
coverage_true,alpha_volume_total_5%,18,17.820000000000004,0.6793852492616209,0.6749266509438636
coverage_true,alpha_volume_total_5%,19,18.810000000000006,0.6792210230609207,0.6749266509438636
coverage_true,alpha_volume_total_5%,20,19.799999999999997,0.6798951165486945,0.6749266509438636
coverage_true,alpha_volume_total_5%,21,20.79,0.6794894713196822,0.6749266509438636
coverage_true,alpha_volume_total_5%,22,21.78,0.6788884799000472,0.6749266509438636
coverage_true,alpha_volume_total_5%,23,22.770000000000003,0.6788969154118207,0.6749266509438636
coverage_true,alpha_volume_total_5%,24,23.760000000000005,0.6793486340526577,0.6749266509438636
coverage_true,alpha_volume_total_5%,25,24.750000000000007,0.6795557281212614,0.6749266509438636
coverage_true,alpha_volume_total_5%,26,25.739999999999995,0.6793134664506962,0.6749266509438636
coverage_true,alpha_volume_total_5%,27,26.729999999999997,0.6799867053777193,0.6749266509438636
coverage_true,alpha_volume_total_5%,28,27.72,0.680478098864765,0.6749266509438636
coverage_true,alpha_volume_total_5%,29,28.71,0.6801708635566931,0.6749266509438636
coverage_true,alpha_volume_total_5%,30,29.700000000000003,0.6803354757242472,0.6749266509438636
coverage_true,alpha_volume_total_5%,31,30.689999999999994,0.6804351669799474,0.6749266509438636
coverage_true,alpha_volume_total_5%,32,31.679999999999996,0.6802552181114799,0.6749266509438636
coverage_true,alpha_volume_total_5%,33,32.67,0.6803566609437383,0.6749266509438636
coverage_true,alpha_volume_total_5%,34,33.660000000000004,0.680388391028265,0.6749266509438636
coverage_true,alpha_volume_total_5%,35,34.650000000000006,0.6811595064301743,0.6749266509438636
coverage_true,alpha_volume_total_5%,36,35.64000000000001,0.6809046492031648,0.6749266509438636
coverage_true,alpha_volume_total_5%,37,36.629999999999995,0.6804133801284902,0.6749266509438636
coverage_true,alpha_volume_total_5%,38,37.62,0.6809895316072802,0.6749266509438636
coverage_true,alpha_volume_total_5%,39,38.61,0.6812698430137225,0.6749266509438636
coverage_true,alpha_volume_total_5%,40,39.6,0.6819588136759023,0.6749266509438636
coverage_true,alpha_volume_total_5%,41,40.59,0.6813711399016809,0.6749266509438636
coverage_true,alpha_volume_total_5%,42,41.58,0.6814243632494367,0.6749266509438636
coverage_true,alpha_volume_total_5%,43,42.56999999999999,0.6815634473445529,0.6749266509438636
coverage_true,alpha_volume_total_5%,44,43.56,0.6823059082992513,0.6749266509438636
coverage_true,alpha_volume_total_5%,45,44.55,0.6820305670318041,0.6749266509438636
coverage_true,alpha_volume_total_5%,46,45.540000000000006,0.6811249580604268,0.6749266509438636
coverage_true,alpha_volume_total_5%,47,46.53,0.6800955655420944,0.6749266509438636
coverage_true,alpha_volume_total_5%,48,47.519999999999996,0.6793951403405138,0.6749266509438636
coverage_true,alpha_volume_total_5%,49,48.51,0.6796986919017372,0.6749266509438636
coverage_true,alpha_volume_total_5%,50,49.5,0.6798230321977432,0.6749266509438636
coverage_true,alpha_volume_total_5%,51,50.495000000000005,0.6801149807355822,0.6749266509438636
coverage_true,alpha_volume_total_5%,52,51.485,0.6805513017161217,0.6749266509438636
coverage_true,alpha_volume_total_5%,53,52.47500000000001,0.6797873430466497,0.6749266509438636
coverage_true,alpha_volume_total_5%,54,53.465,0.6787834823861971,0.6749266509438636
coverage_true,alpha_volume_total_5%,55,54.455,0.6793252658859739,0.6749266509438636
coverage_true,alpha_volume_total_5%,56,55.445,0.6793495929581395,0.6749266509438636
coverage_true,alpha_volume_total_5%,57,56.435,0.6800396326564275,0.6749266509438636
coverage_true,alpha_volume_total_5%,58,57.42499999999999,0.6809884505012175,0.6749266509438636
coverage_true,alpha_volume_total_5%,59,58.41499999999999,0.6809380680310254,0.6749266509438636
coverage_true,alpha_volume_total_5%,60,59.404999999999994,0.6817173307426421,0.6749266509438636
coverage_true,alpha_volume_total_5%,61,60.394999999999996,0.6814389627444442,0.6749266509438636
coverage_true,alpha_volume_total_5%,62,61.385,0.6818961232796582,0.6749266509438636
coverage_true,alpha_volume_total_5%,63,62.375,0.6819925762104243,0.6749266509438636
coverage_true,alpha_volume_total_5%,64,63.365,0.6824894052372734,0.6749266509438636
coverage_true,alpha_volume_total_5%,65,64.355,0.683826108704501,0.6749266509438636
coverage_true,alpha_volume_total_5%,66,65.345,0.6842644560735786,0.6749266509438636
coverage_true,alpha_volume_total_5%,67,66.335,0.6844419012239148,0.6749266509438636
coverage_true,alpha_volume_total_5%,68,67.325,0.6852208381375895,0.6749266509438636
coverage_true,alpha_volume_total_5%,69,68.315,0.6845254588185206,0.6749266509438636
coverage_true,alpha_volume_total_5%,70,69.30499999999999,0.6852001252195833,0.6749266509438636
coverage_true,alpha_volume_total_5%,71,70.295,0.6872193680694914,0.6749266509438636
coverage_true,alpha_volume_total_5%,72,71.285,0.6875292776589749,0.6749266509438636
coverage_true,alpha_volume_total_5%,73,72.275,0.6871651103870612,0.6749266509438636
coverage_true,alpha_volume_total_5%,74,73.265,0.686954470300259,0.6749266509438636
coverage_true,alpha_volume_total_5%,75,74.25500000000001,0.6887894522000189,0.6749266509438636
coverage_true,alpha_volume_total_5%,76,75.245,0.6878471873527052,0.6749266509438636
coverage_true,alpha_volume_total_5%,77,76.235,0.6882478014891412,0.6749266509438636
coverage_true,alpha_volume_total_5%,78,77.225,0.6891070069307299,0.6749266509438636
coverage_true,alpha_volume_total_5%,79,78.215,0.6869431607258354,0.6749266509438636
coverage_true,alpha_volume_total_5%,80,79.205,0.6850373950931469,0.6749266509438636
coverage_true,alpha_volume_total_5%,81,80.195,0.6817228226735609,0.6749266509438636
coverage_true,alpha_volume_total_5%,82,81.185,0.6785723930971282,0.6749266509438636
coverage_true,alpha_volume_total_5%,83,82.175,0.6804864324848349,0.6749266509438636
coverage_true,alpha_volume_total_5%,84,83.165,0.6831988680098963,0.6749266509438636
coverage_true,alpha_volume_total_5%,85,84.155,0.6816819955484817,0.6749266509438636
coverage_true,alpha_volume_total_5%,86,85.14500000000001,0.682561716588598,0.6749266509438636
coverage_true,alpha_volume_total_5%,87,86.135,0.6832190248748072,0.6749266509438636
coverage_true,alpha_volume_total_5%,88,87.125,0.6866010456933027,0.6749266509438636
coverage_true,alpha_volume_total_5%,89,88.115,0.6864862550937973,0.6749266509438636
coverage_true,alpha_volume_total_5%,90,89.105,0.6832501713475722,0.6749266509438636
coverage_true,alpha_volume_total_5%,91,90.095,0.687649399317907,0.6749266509438636
coverage_true,alpha_volume_total_5%,92,91.08500000000001,0.6870714950353364,0.6749266509438636
coverage_true,alpha_volume_total_5%,93,92.07499999999999,0.686958114413695,0.6749266509438636
coverage_true,alpha_volume_total_5%,94,93.065,0.6861165298809933,0.6749266509438636
coverage_true,alpha_volume_total_5%,95,94.055,0.6882414827065205,0.6749266509438636
coverage_true,alpha_volume_total_5%,96,95.045,0.6805028232573013,0.6749266509438636
coverage_true,alpha_volume_total_5%,97,96.035,0.6737679106580111,0.6749266509438636
coverage_true,alpha_volume_total_5%,98,97.025,0.6625506024464204,0.6749266509438636
coverage_true,alpha_volume_total_5%,99,98.015,0.6911959340738844,0.6749266509438636
coverage_true,alpha_volume_total_5%,100,99.005,0.699246440319122,0.6749266509438636
coverage_true,alpha_volume_aleatoric_5%,0,0.0,0.6783108514493961,0.6749266509438636
coverage_true,alpha_volume_aleatoric_5%,1,0.990000000000002,0.6787015637647882,0.6749266509438636
coverage_true,alpha_volume_aleatoric_5%,2,1.980000000000004,0.6786078607104692,0.6749266509438636
coverage_true,alpha_volume_aleatoric_5%,3,2.969999999999995,0.678810644009923,0.6749266509438636
coverage_true,alpha_volume_aleatoric_5%,4,3.959999999999997,0.6790678537090569,0.6749266509438636
coverage_true,alpha_volume_aleatoric_5%,5,4.949999999999999,0.6791273450834654,0.6749266509438636
coverage_true,alpha_volume_aleatoric_5%,6,5.940000000000001,0.6791880887747075,0.6749266509438636
coverage_true,alpha_volume_aleatoric_5%,7,6.930000000000003,0.678783482386197,0.6749266509438636
coverage_true,alpha_volume_aleatoric_5%,8,7.920000000000005,0.6791562748545078,0.6749266509438636
coverage_true,alpha_volume_aleatoric_5%,9,8.909999999999997,0.6793252658859739,0.6749266509438636
coverage_true,alpha_volume_aleatoric_5%,10,9.899999999999999,0.6791230626754403,0.6749266509438636
coverage_true,alpha_volume_aleatoric_5%,11,10.89,0.6790788264621032,0.6749266509438636
coverage_true,alpha_volume_aleatoric_5%,12,11.880000000000003,0.6793621664545281,0.6749266509438636
coverage_true,alpha_volume_aleatoric_5%,13,12.870000000000005,0.6794304095941538,0.6749266509438636
coverage_true,alpha_volume_aleatoric_5%,14,13.859999999999994,0.6798363439848888,0.6749266509438636
coverage_true,alpha_volume_aleatoric_5%,15,14.849999999999996,0.6797983435095618,0.6749266509438636
coverage_true,alpha_volume_aleatoric_5%,16,15.839999999999998,0.6799314642383214,0.6749266509438636
coverage_true,alpha_volume_aleatoric_5%,17,16.830000000000002,0.6793715030040491,0.6749266509438636
coverage_true,alpha_volume_aleatoric_5%,18,17.820000000000004,0.6793852492616209,0.6749266509438636
coverage_true,alpha_volume_aleatoric_5%,19,18.810000000000006,0.6792210230609207,0.6749266509438636
coverage_true,alpha_volume_aleatoric_5%,20,19.799999999999997,0.6798951165486945,0.6749266509438636
coverage_true,alpha_volume_aleatoric_5%,21,20.79,0.6794894713196822,0.6749266509438636
coverage_true,alpha_volume_aleatoric_5%,22,21.78,0.6788884799000472,0.6749266509438636
coverage_true,alpha_volume_aleatoric_5%,23,22.770000000000003,0.6788969154118207,0.6749266509438636
coverage_true,alpha_volume_aleatoric_5%,24,23.760000000000005,0.6793486340526577,0.6749266509438636
coverage_true,alpha_volume_aleatoric_5%,25,24.750000000000007,0.6795557281212614,0.6749266509438636
coverage_true,alpha_volume_aleatoric_5%,26,25.739999999999995,0.6793134664506962,0.6749266509438636
coverage_true,alpha_volume_aleatoric_5%,27,26.729999999999997,0.6799867053777193,0.6749266509438636
coverage_true,alpha_volume_aleatoric_5%,28,27.72,0.680478098864765,0.6749266509438636
coverage_true,alpha_volume_aleatoric_5%,29,28.71,0.6801708635566931,0.6749266509438636
coverage_true,alpha_volume_aleatoric_5%,30,29.700000000000003,0.6803354757242472,0.6749266509438636
coverage_true,alpha_volume_aleatoric_5%,31,30.689999999999994,0.6804351669799474,0.6749266509438636
coverage_true,alpha_volume_aleatoric_5%,32,31.679999999999996,0.6802552181114799,0.6749266509438636
coverage_true,alpha_volume_aleatoric_5%,33,32.67,0.6803566609437383,0.6749266509438636
coverage_true,alpha_volume_aleatoric_5%,34,33.660000000000004,0.680388391028265,0.6749266509438636
coverage_true,alpha_volume_aleatoric_5%,35,34.650000000000006,0.6811595064301743,0.6749266509438636
coverage_true,alpha_volume_aleatoric_5%,36,35.64000000000001,0.6809046492031648,0.6749266509438636
coverage_true,alpha_volume_aleatoric_5%,37,36.629999999999995,0.6804133801284902,0.6749266509438636
coverage_true,alpha_volume_aleatoric_5%,38,37.62,0.6809895316072802,0.6749266509438636
coverage_true,alpha_volume_aleatoric_5%,39,38.61,0.6812698430137225,0.6749266509438636
coverage_true,alpha_volume_aleatoric_5%,40,39.6,0.6819588136759023,0.6749266509438636
coverage_true,alpha_volume_aleatoric_5%,41,40.59,0.6813711399016809,0.6749266509438636
coverage_true,alpha_volume_aleatoric_5%,42,41.58,0.6814243632494367,0.6749266509438636
coverage_true,alpha_volume_aleatoric_5%,43,42.56999999999999,0.6815634473445529,0.6749266509438636
coverage_true,alpha_volume_aleatoric_5%,44,43.56,0.6823059082992513,0.6749266509438636
coverage_true,alpha_volume_aleatoric_5%,45,44.55,0.6820305670318041,0.6749266509438636
coverage_true,alpha_volume_aleatoric_5%,46,45.540000000000006,0.6811249580604268,0.6749266509438636
coverage_true,alpha_volume_aleatoric_5%,47,46.53,0.6800955655420944,0.6749266509438636
coverage_true,alpha_volume_aleatoric_5%,48,47.519999999999996,0.6793951403405138,0.6749266509438636
coverage_true,alpha_volume_aleatoric_5%,49,48.51,0.6796986919017372,0.6749266509438636
coverage_true,alpha_volume_aleatoric_5%,50,49.5,0.6798230321977432,0.6749266509438636
coverage_true,alpha_volume_aleatoric_5%,51,50.495000000000005,0.6801149807355822,0.6749266509438636
coverage_true,alpha_volume_aleatoric_5%,52,51.485,0.6805513017161217,0.6749266509438636
coverage_true,alpha_volume_aleatoric_5%,53,52.47500000000001,0.6797873430466497,0.6749266509438636
coverage_true,alpha_volume_aleatoric_5%,54,53.465,0.6787834823861971,0.6749266509438636
coverage_true,alpha_volume_aleatoric_5%,55,54.455,0.6793252658859739,0.6749266509438636
coverage_true,alpha_volume_aleatoric_5%,56,55.445,0.6793495929581395,0.6749266509438636
coverage_true,alpha_volume_aleatoric_5%,57,56.435,0.6800396326564275,0.6749266509438636
coverage_true,alpha_volume_aleatoric_5%,58,57.42499999999999,0.6809884505012175,0.6749266509438636
coverage_true,alpha_volume_aleatoric_5%,59,58.41499999999999,0.6809380680310254,0.6749266509438636
coverage_true,alpha_volume_aleatoric_5%,60,59.404999999999994,0.6817173307426421,0.6749266509438636
coverage_true,alpha_volume_aleatoric_5%,61,60.394999999999996,0.6814389627444442,0.6749266509438636
coverage_true,alpha_volume_aleatoric_5%,62,61.385,0.6818961232796582,0.6749266509438636
coverage_true,alpha_volume_aleatoric_5%,63,62.375,0.6819925762104243,0.6749266509438636
coverage_true,alpha_volume_aleatoric_5%,64,63.365,0.6824894052372734,0.6749266509438636
coverage_true,alpha_volume_aleatoric_5%,65,64.355,0.683826108704501,0.6749266509438636
coverage_true,alpha_volume_aleatoric_5%,66,65.345,0.6842644560735786,0.6749266509438636
coverage_true,alpha_volume_aleatoric_5%,67,66.335,0.6844419012239148,0.6749266509438636
coverage_true,alpha_volume_aleatoric_5%,68,67.325,0.6852208381375895,0.6749266509438636
coverage_true,alpha_volume_aleatoric_5%,69,68.315,0.6845254588185206,0.6749266509438636
coverage_true,alpha_volume_aleatoric_5%,70,69.30499999999999,0.6852001252195833,0.6749266509438636
coverage_true,alpha_volume_aleatoric_5%,71,70.295,0.6872193680694914,0.6749266509438636
coverage_true,alpha_volume_aleatoric_5%,72,71.285,0.6875292776589749,0.6749266509438636
coverage_true,alpha_volume_aleatoric_5%,73,72.275,0.6871651103870612,0.6749266509438636
coverage_true,alpha_volume_aleatoric_5%,74,73.265,0.686954470300259,0.6749266509438636
coverage_true,alpha_volume_aleatoric_5%,75,74.25500000000001,0.6887894522000189,0.6749266509438636
coverage_true,alpha_volume_aleatoric_5%,76,75.245,0.6878471873527052,0.6749266509438636
coverage_true,alpha_volume_aleatoric_5%,77,76.235,0.6882478014891412,0.6749266509438636
coverage_true,alpha_volume_aleatoric_5%,78,77.225,0.6891070069307299,0.6749266509438636
coverage_true,alpha_volume_aleatoric_5%,79,78.215,0.6869431607258354,0.6749266509438636
coverage_true,alpha_volume_aleatoric_5%,80,79.205,0.6850373950931469,0.6749266509438636
coverage_true,alpha_volume_aleatoric_5%,81,80.195,0.6817228226735609,0.6749266509438636
coverage_true,alpha_volume_aleatoric_5%,82,81.185,0.6785723930971282,0.6749266509438636
coverage_true,alpha_volume_aleatoric_5%,83,82.175,0.6804864324848349,0.6749266509438636
coverage_true,alpha_volume_aleatoric_5%,84,83.165,0.6831988680098963,0.6749266509438636
coverage_true,alpha_volume_aleatoric_5%,85,84.155,0.6816819955484817,0.6749266509438636
coverage_true,alpha_volume_aleatoric_5%,86,85.14500000000001,0.682561716588598,0.6749266509438636
coverage_true,alpha_volume_aleatoric_5%,87,86.135,0.6832190248748072,0.6749266509438636
coverage_true,alpha_volume_aleatoric_5%,88,87.125,0.6866010456933027,0.6749266509438636
coverage_true,alpha_volume_aleatoric_5%,89,88.115,0.6864862550937973,0.6749266509438636
coverage_true,alpha_volume_aleatoric_5%,90,89.105,0.6832501713475722,0.6749266509438636
coverage_true,alpha_volume_aleatoric_5%,91,90.095,0.687649399317907,0.6749266509438636
coverage_true,alpha_volume_aleatoric_5%,92,91.08500000000001,0.6870714950353364,0.6749266509438636
coverage_true,alpha_volume_aleatoric_5%,93,92.07499999999999,0.686958114413695,0.6749266509438636
coverage_true,alpha_volume_aleatoric_5%,94,93.065,0.6861165298809933,0.6749266509438636
coverage_true,alpha_volume_aleatoric_5%,95,94.055,0.6882414827065205,0.6749266509438636
coverage_true,alpha_volume_aleatoric_5%,96,95.045,0.6805028232573013,0.6749266509438636
coverage_true,alpha_volume_aleatoric_5%,97,96.035,0.6737679106580111,0.6749266509438636
coverage_true,alpha_volume_aleatoric_5%,98,97.025,0.6625506024464204,0.6749266509438636
coverage_true,alpha_volume_aleatoric_5%,99,98.015,0.6911959340738844,0.6749266509438636
coverage_true,alpha_volume_aleatoric_5%,100,99.005,0.699246440319122,0.6749266509438636
coverage_true,alpha_volume_epistemic_5%,0,0.0,0.6783108514493963,0.32695883312383084
coverage_true,alpha_volume_epistemic_5%,1,0.990000000000002,0.6750949135634517,0.32695883312383084
coverage_true,alpha_volume_epistemic_5%,2,1.980000000000004,0.6718140138634471,0.32695883312383084
coverage_true,alpha_volume_epistemic_5%,3,2.969999999999995,0.668466163927371,0.32695883312383084
coverage_true,alpha_volume_epistemic_5%,4,3.959999999999997,0.6650492933449661,0.32695883312383084
coverage_true,alpha_volume_epistemic_5%,5,4.949999999999999,0.6615612454479568,0.32695883312383084
coverage_true,alpha_volume_epistemic_5%,6,5.940000000000001,0.657999772770636,0.32695883312383084
coverage_true,alpha_volume_epistemic_5%,7,6.930000000000003,0.6543625322207344,0.32695883312383084
coverage_true,alpha_volume_epistemic_5%,8,7.920000000000005,0.650647079938765,0.32695883312383084
coverage_true,alpha_volume_epistemic_5%,9,8.909999999999997,0.6468508658221455,0.32695883312383084
coverage_true,alpha_volume_epistemic_5%,10,9.899999999999999,0.6429712276883126,0.32695883312383084
coverage_true,alpha_volume_epistemic_5%,11,10.89,0.6390053850487565,0.32695883312383084
coverage_true,alpha_volume_epistemic_5%,12,11.880000000000003,0.6349504324633728,0.32695883312383084
coverage_true,alpha_volume_epistemic_5%,13,12.870000000000005,0.6308033324417555,0.32695883312383084
coverage_true,alpha_volume_epistemic_5%,14,13.859999999999994,0.6265609078549791,0.32695883312383084
coverage_true,alpha_volume_epistemic_5%,15,14.849999999999996,0.6222198338180343,0.32695883312383084
coverage_true,alpha_volume_epistemic_5%,16,15.839999999999998,0.6177766289993272,0.32695883312383084
coverage_true,alpha_volume_epistemic_5%,17,16.830000000000002,0.6132276463094997,0.32695883312383084
coverage_true,alpha_volume_epistemic_5%,18,17.820000000000004,0.6085690629172404,0.32695883312383084
coverage_true,alpha_volume_epistemic_5%,19,18.810000000000006,0.6037968695346293,0.32695883312383084
coverage_true,alpha_volume_epistemic_5%,20,19.799999999999997,0.5989068589089064,0.32695883312383084
coverage_true,alpha_volume_epistemic_5%,21,20.79,0.5938946134512311,0.32695883312383084
coverage_true,alpha_volume_epistemic_5%,22,21.78,0.5887554919259749,0.32695883312383084
coverage_true,alpha_volume_epistemic_5%,23,22.770000000000003,0.5834846151162436,0.32695883312383084
coverage_true,alpha_volume_epistemic_5%,24,23.760000000000005,0.5780768503725764,0.32695883312383084
coverage_true,alpha_volume_epistemic_5%,25,24.750000000000007,0.5725267949419663,0.32695883312383084
coverage_true,alpha_volume_epistemic_5%,26,25.739999999999995,0.5668287579633813,0.32695883312383084
coverage_true,alpha_volume_epistemic_5%,27,26.729999999999997,0.5609767410036636,0.32695883312383084
coverage_true,alpha_volume_epistemic_5%,28,27.72,0.5549644169938596,0.32695883312383084
coverage_true,alpha_volume_epistemic_5%,29,28.71,0.5487851074104908,0.32695883312383084
coverage_true,alpha_volume_epistemic_5%,30,29.700000000000003,0.5424317575287569,0.32695883312383084
coverage_true,alpha_volume_epistemic_5%,31,30.689999999999994,0.5358969095548891,0.32695883312383084
coverage_true,alpha_volume_epistemic_5%,32,31.679999999999996,0.5291726734225277,0.32695883312383084
coverage_true,alpha_volume_epistemic_5%,33,32.67,0.522250695012696,0.32695883312383084
coverage_true,alpha_volume_epistemic_5%,34,33.660000000000004,0.5151221215282267,0.32695883312383084
coverage_true,alpha_volume_epistemic_5%,35,34.650000000000006,0.5077775637208921,0.32695883312383084
coverage_true,alpha_volume_epistemic_5%,36,35.64000000000001,0.5002070546323497,0.32695883312383084
coverage_true,alpha_volume_epistemic_5%,37,36.629999999999995,0.49240000446766236,0.32695883312383084
coverage_true,alpha_volume_epistemic_5%,38,37.62,0.4843451511717456,0.32695883312383084
coverage_true,alpha_volume_epistemic_5%,39,38.61,0.47603050622367216,0.32695883312383084
coverage_true,alpha_volume_epistemic_5%,40,39.6,0.4674432951001483,0.32695883312383084
coverage_true,alpha_volume_epistemic_5%,41,40.59,0.458569891786344,0.32695883312383084
coverage_true,alpha_volume_epistemic_5%,42,41.58,0.4493957466279429,0.32695883312383084
coverage_true,alpha_volume_epistemic_5%,43,42.56999999999999,0.4399053067209152,0.32695883312383084
coverage_true,alpha_volume_epistemic_5%,44,43.56,0.430081927922748,0.32695883312383084
coverage_true,alpha_volume_epistemic_5%,45,44.55,0.4199077774380095,0.32695883312383084
coverage_true,alpha_volume_epistemic_5%,46,45.540000000000006,0.4093637257788352,0.32695883312383084
coverage_true,alpha_volume_epistemic_5%,47,46.53,0.39842922672326714,0.32695883312383084
coverage_true,alpha_volume_epistemic_5%,48,47.519999999999996,0.38708218368656305,0.32695883312383084
coverage_true,alpha_volume_epistemic_5%,49,48.51,0.3752988006768025,0.32695883312383084
coverage_true,alpha_volume_epistemic_5%,50,49.5,0.3630534157193326,0.32695883312383084
coverage_true,alpha_volume_epistemic_5%,51,50.495000000000005,0.3502527028619877,0.32695883312383084
coverage_true,alpha_volume_epistemic_5%,52,51.485,0.3369952035898266,0.32695883312383084
coverage_true,alpha_volume_epistemic_5%,53,52.47500000000001,0.32318536663099795,0.32695883312383084
coverage_true,alpha_volume_epistemic_5%,54,53.465,0.3087879401765533,0.32695883312383084
coverage_true,alpha_volume_epistemic_5%,55,54.455,0.29376460737937504,0.32695883312383084
coverage_true,alpha_volume_epistemic_5%,56,55.445,0.2780736458325973,0.32695883312383084
coverage_true,alpha_volume_epistemic_5%,57,56.435,0.26166954061859526,0.32695883312383084
coverage_true,alpha_volume_epistemic_5%,58,57.42499999999999,0.24450254337115304,0.32695883312383084
coverage_true,alpha_volume_epistemic_5%,59,58.41499999999999,0.22651816835408373,0.32695883312383084
coverage_true,alpha_volume_epistemic_5%,60,59.404999999999994,0.207656614804343,0.32695883312383084
coverage_true,alpha_volume_epistemic_5%,61,60.394999999999996,0.18785210263754676,0.32695883312383084
coverage_true,alpha_volume_epistemic_5%,62,61.385,0.16740700695105112,0.32695883312383084
coverage_true,alpha_volume_epistemic_5%,63,62.375,0.14973365147216788,0.32695883312383084
coverage_true,alpha_volume_epistemic_5%,64,63.365,0.13729599899021488,0.32695883312383084
coverage_true,alpha_volume_epistemic_5%,65,64.355,0.12484435998974623,0.32695883312383084
coverage_true,alpha_volume_epistemic_5%,66,65.345,0.11140280766636204,0.32695883312383084
coverage_true,alpha_volume_epistemic_5%,67,66.335,0.09731403499222946,0.32695883312383084
coverage_true,alpha_volume_epistemic_5%,68,67.325,0.08325763670399901,0.32695883312383084
coverage_true,alpha_volume_epistemic_5%,69,68.315,0.06832285215694903,0.32695883312383084
coverage_true,alpha_volume_epistemic_5%,70,69.30499999999999,0.0525819013642303,0.32695883312383084
coverage_true,alpha_volume_epistemic_5%,71,70.295,0.038390943007401514,0.32695883312383084
coverage_true,alpha_volume_epistemic_5%,72,71.285,0.03481702579373953,0.32695883312383084
coverage_true,alpha_volume_epistemic_5%,73,72.275,0.03481702579373952,0.32695883312383084
coverage_true,alpha_volume_epistemic_5%,74,73.265,0.03481702579373953,0.32695883312383084
coverage_true,alpha_volume_epistemic_5%,75,74.25500000000001,0.03481702579373953,0.32695883312383084
coverage_true,alpha_volume_epistemic_5%,76,75.245,0.03481702579373952,0.32695883312383084
coverage_true,alpha_volume_epistemic_5%,77,76.235,0.03481702579373953,0.32695883312383084
coverage_true,alpha_volume_epistemic_5%,78,77.225,0.03481702579373953,0.32695883312383084
coverage_true,alpha_volume_epistemic_5%,79,78.215,0.03481702579373953,0.32695883312383084
coverage_true,alpha_volume_epistemic_5%,80,79.205,0.03481702579373953,0.32695883312383084
coverage_true,alpha_volume_epistemic_5%,81,80.195,0.03481702579373952,0.32695883312383084
coverage_true,alpha_volume_epistemic_5%,82,81.185,0.03481702579373952,0.32695883312383084
coverage_true,alpha_volume_epistemic_5%,83,82.175,0.03481702579373953,0.32695883312383084
coverage_true,alpha_volume_epistemic_5%,84,83.165,0.03481702579373952,0.32695883312383084
coverage_true,alpha_volume_epistemic_5%,85,84.155,0.03481702579373953,0.32695883312383084
coverage_true,alpha_volume_epistemic_5%,86,85.14500000000001,0.03481702579373952,0.32695883312383084
coverage_true,alpha_volume_epistemic_5%,87,86.135,0.03481702579373953,0.32695883312383084
coverage_true,alpha_volume_epistemic_5%,88,87.125,0.03481702579373952,0.32695883312383084
coverage_true,alpha_volume_epistemic_5%,89,88.115,0.03481702579373953,0.32695883312383084
coverage_true,alpha_volume_epistemic_5%,90,89.105,0.03481702579373953,0.32695883312383084
coverage_true,alpha_volume_epistemic_5%,91,90.095,0.03481702579373953,0.32695883312383084
coverage_true,alpha_volume_epistemic_5%,92,91.08500000000001,0.03481702579373953,0.32695883312383084
coverage_true,alpha_volume_epistemic_5%,93,92.07499999999999,0.03481702579373953,0.32695883312383084
coverage_true,alpha_volume_epistemic_5%,94,93.065,0.03481702579373953,0.32695883312383084
coverage_true,alpha_volume_epistemic_5%,95,94.055,0.03481702579373953,0.32695883312383084
coverage_true,alpha_volume_epistemic_5%,96,95.045,0.03481702579373952,0.32695883312383084
coverage_true,alpha_volume_epistemic_5%,97,96.035,0.03481702579373953,0.32695883312383084
coverage_true,alpha_volume_epistemic_5%,98,97.025,0.03481702579373953,0.32695883312383084
coverage_true,alpha_volume_epistemic_5%,99,98.015,0.03481702579373952,0.32695883312383084
coverage_true,alpha_volume_epistemic_5%,100,99.005,0.03481702579373952,0.32695883312383084
coverage_true,integrated_volume_total,0,0.0,0.6783108514493962,0.6667333798712036
coverage_true,integrated_volume_total,1,0.990000000000002,0.6779217475050398,0.6667333798712036
coverage_true,integrated_volume_total,2,1.980000000000004,0.6774263221283785,0.6667333798712036
coverage_true,integrated_volume_total,3,2.969999999999995,0.6765726555305246,0.6667333798712036
coverage_true,integrated_volume_total,4,3.959999999999997,0.6759526180725924,0.6667333798712036
coverage_true,integrated_volume_total,5,4.949999999999999,0.6748627428598162,0.6667333798712036
coverage_true,integrated_volume_total,6,5.940000000000001,0.6743655664880667,0.6667333798712036
coverage_true,integrated_volume_total,7,6.930000000000003,0.6739615113344178,0.6667333798712036
coverage_true,integrated_volume_total,8,7.920000000000005,0.6730771082915921,0.6667333798712036
coverage_true,integrated_volume_total,9,8.909999999999997,0.6724913383032105,0.6667333798712036
coverage_true,integrated_volume_total,10,9.899999999999999,0.6710893215671895,0.6667333798712036
coverage_true,integrated_volume_total,11,10.89,0.670305991990533,0.6667333798712036
coverage_true,integrated_volume_total,12,11.880000000000003,0.6696145848880353,0.6667333798712036
coverage_true,integrated_volume_total,13,12.870000000000005,0.6687966979617387,0.6667333798712036
coverage_true,integrated_volume_total,14,13.859999999999994,0.6686322564707121,0.6667333798712036
coverage_true,integrated_volume_total,15,14.849999999999996,0.6674438995009467,0.6667333798712036
coverage_true,integrated_volume_total,16,15.839999999999998,0.666514276557579,0.6667333798712036
coverage_true,integrated_volume_total,17,16.830000000000002,0.6656785642497389,0.6667333798712036
coverage_true,integrated_volume_total,18,17.820000000000004,0.6649401565247075,0.6667333798712036
coverage_true,integrated_volume_total,19,18.810000000000006,0.6634705103072036,0.6667333798712036
coverage_true,integrated_volume_total,20,19.799999999999997,0.662024750635606,0.6667333798712036
coverage_true,integrated_volume_total,21,20.79,0.6610911459984921,0.6667333798712036
coverage_true,integrated_volume_total,22,21.78,0.6608125281708184,0.6667333798712036
coverage_true,integrated_volume_total,23,22.770000000000003,0.6597769652543573,0.6667333798712036
coverage_true,integrated_volume_total,24,23.760000000000005,0.6588410978574412,0.6667333798712036
coverage_true,integrated_volume_total,25,24.750000000000007,0.6578806056439684,0.6667333798712036
coverage_true,integrated_volume_total,26,25.739999999999995,0.6566345737516361,0.6667333798712036
coverage_true,integrated_volume_total,27,26.729999999999997,0.6552890093952782,0.6667333798712036
coverage_true,integrated_volume_total,28,27.72,0.6536395349753479,0.6667333798712036
coverage_true,integrated_volume_total,29,28.71,0.6529595941230129,0.6667333798712036
coverage_true,integrated_volume_total,30,29.700000000000003,0.6518486449372247,0.6667333798712036
coverage_true,integrated_volume_total,31,30.689999999999994,0.6505667120496248,0.6667333798712036
coverage_true,integrated_volume_total,32,31.679999999999996,0.6498833180571324,0.6667333798712036
coverage_true,integrated_volume_total,33,32.67,0.6496098525192517,0.6667333798712036
coverage_true,integrated_volume_total,34,33.660000000000004,0.6491827441904496,0.6667333798712036
coverage_true,integrated_volume_total,35,34.650000000000006,0.6474873744559695,0.6667333798712036
coverage_true,integrated_volume_total,36,35.64000000000001,0.6460397606241487,0.6667333798712036
coverage_true,integrated_volume_total,37,36.629999999999995,0.6449276640256364,0.6667333798712036
coverage_true,integrated_volume_total,38,37.62,0.6430066870778359,0.6667333798712036
coverage_true,integrated_volume_total,39,38.61,0.6404735137168875,0.6667333798712036
coverage_true,integrated_volume_total,40,39.6,0.6386562397213179,0.6667333798712036
coverage_true,integrated_volume_total,41,40.59,0.6371845270782238,0.6667333798712036
coverage_true,integrated_volume_total,42,41.58,0.6359107399819239,0.6667333798712036
coverage_true,integrated_volume_total,43,42.56999999999999,0.6335847274919459,0.6667333798712036
coverage_true,integrated_volume_total,44,43.56,0.6327161087675996,0.6667333798712036
coverage_true,integrated_volume_total,45,44.55,0.6308591857963621,0.6667333798712036
coverage_true,integrated_volume_total,46,45.540000000000006,0.6294663997232347,0.6667333798712036
coverage_true,integrated_volume_total,47,46.53,0.6373176595503853,0.6667333798712036
coverage_true,integrated_volume_total,48,47.519999999999996,0.6486834298899257,0.6667333798712036
coverage_true,integrated_volume_total,49,48.51,0.6604862603435133,0.6667333798712036
coverage_true,integrated_volume_total,50,49.5,0.6727518552386476,0.6667333798712036
coverage_true,integrated_volume_total,51,50.495000000000005,0.6855736945538214,0.6667333798712036
coverage_true,integrated_volume_total,52,51.485,0.6964658864585094,0.6667333798712036
coverage_true,integrated_volume_total,53,52.47500000000001,0.6966426756448837,0.6667333798712036
coverage_true,integrated_volume_total,54,53.465,0.6969306852692372,0.6667333798712036
coverage_true,integrated_volume_total,55,54.455,0.6965955014827248,0.6667333798712036
coverage_true,integrated_volume_total,56,55.445,0.6963537289092085,0.6667333798712036
coverage_true,integrated_volume_total,57,56.435,0.6966548070820762,0.6667333798712036
coverage_true,integrated_volume_total,58,57.42499999999999,0.6971965742923363,0.6667333798712036
coverage_true,integrated_volume_total,59,58.41499999999999,0.6971839275700377,0.6667333798712036
coverage_true,integrated_volume_total,60,59.404999999999994,0.6970517922160724,0.6667333798712036
coverage_true,integrated_volume_total,61,60.394999999999996,0.6967912077144439,0.6667333798712036
coverage_true,integrated_volume_total,62,61.385,0.6957674596684063,0.6667333798712036
coverage_true,integrated_volume_total,63,62.375,0.696100644095053,0.6667333798712036
coverage_true,integrated_volume_total,64,63.365,0.6955297887160022,0.6667333798712036
coverage_true,integrated_volume_total,65,64.355,0.6964163975469501,0.6667333798712036
coverage_true,integrated_volume_total,66,65.345,0.696239687420934,0.6667333798712036
coverage_true,integrated_volume_total,67,66.335,0.6961959258896858,0.6667333798712036
coverage_true,integrated_volume_total,68,67.325,0.6967402517077123,0.6667333798712036
coverage_true,integrated_volume_total,69,68.315,0.6962524980456439,0.6667333798712036
coverage_true,integrated_volume_total,70,69.30499999999999,0.6949472250901181,0.6667333798712036
coverage_true,integrated_volume_total,71,70.295,0.6945296532792546,0.6667333798712036
coverage_true,integrated_volume_total,72,71.285,0.695259649334001,0.6667333798712036
coverage_true,integrated_volume_total,73,72.275,0.6939531507550278,0.6667333798712036
coverage_true,integrated_volume_total,74,73.265,0.694174370045695,0.6667333798712036
coverage_true,integrated_volume_total,75,74.25500000000001,0.6932879727599934,0.6667333798712036
coverage_true,integrated_volume_total,76,75.245,0.6944749561565874,0.6667333798712036
coverage_true,integrated_volume_total,77,76.235,0.6941363945578691,0.6667333798712036
coverage_true,integrated_volume_total,78,77.225,0.6958872139891443,0.6667333798712036
coverage_true,integrated_volume_total,79,78.215,0.6942529985154955,0.6667333798712036
coverage_true,integrated_volume_total,80,79.205,0.6945516831521319,0.6667333798712036
coverage_true,integrated_volume_total,81,80.195,0.6931746390401716,0.6667333798712036
coverage_true,integrated_volume_total,82,81.185,0.6929350626465265,0.6667333798712036
coverage_true,integrated_volume_total,83,82.175,0.6942931996719398,0.6667333798712036
coverage_true,integrated_volume_total,84,83.165,0.6915114557306162,0.6667333798712036
coverage_true,integrated_volume_total,85,84.155,0.6926458085951721,0.6667333798712036
coverage_true,integrated_volume_total,86,85.14500000000001,0.6884089605375988,0.6667333798712036
coverage_true,integrated_volume_total,87,86.135,0.6849592342121156,0.6667333798712036
coverage_true,integrated_volume_total,88,87.125,0.6832278103976751,0.6667333798712036
coverage_true,integrated_volume_total,89,88.115,0.6803958884648249,0.6667333798712036
coverage_true,integrated_volume_total,90,89.105,0.6779351455643441,0.6667333798712036
coverage_true,integrated_volume_total,91,90.095,0.6779056325488896,0.6667333798712036
coverage_true,integrated_volume_total,92,91.08500000000001,0.6757044047000056,0.6667333798712036
coverage_true,integrated_volume_total,93,92.07499999999999,0.6839135715163095,0.6667333798712036
coverage_true,integrated_volume_total,94,93.065,0.685420697077481,0.6667333798712036
coverage_true,integrated_volume_total,95,94.055,0.6809361161074958,0.6667333798712036
coverage_true,integrated_volume_total,96,95.045,0.6727117427449204,0.6667333798712036
coverage_true,integrated_volume_total,97,96.035,0.6725508613535076,0.6667333798712036
coverage_true,integrated_volume_total,98,97.025,0.6560624001037569,0.6667333798712036
coverage_true,integrated_volume_total,99,98.015,0.6644545711439526,0.6667333798712036
coverage_true,integrated_volume_total,100,99.005,0.6604476423906326,0.6667333798712036
coverage_true,integrated_volume_aleatoric,0,0.0,0.6783108514493961,0.6749266509438636
coverage_true,integrated_volume_aleatoric,1,0.990000000000002,0.6787015637647882,0.6749266509438636
coverage_true,integrated_volume_aleatoric,2,1.980000000000004,0.6786078607104692,0.6749266509438636
coverage_true,integrated_volume_aleatoric,3,2.969999999999995,0.678810644009923,0.6749266509438636
coverage_true,integrated_volume_aleatoric,4,3.959999999999997,0.6790678537090569,0.6749266509438636
coverage_true,integrated_volume_aleatoric,5,4.949999999999999,0.6791273450834654,0.6749266509438636
coverage_true,integrated_volume_aleatoric,6,5.940000000000001,0.6791880887747075,0.6749266509438636
coverage_true,integrated_volume_aleatoric,7,6.930000000000003,0.678783482386197,0.6749266509438636
coverage_true,integrated_volume_aleatoric,8,7.920000000000005,0.6791562748545078,0.6749266509438636
coverage_true,integrated_volume_aleatoric,9,8.909999999999997,0.6793252658859739,0.6749266509438636
coverage_true,integrated_volume_aleatoric,10,9.899999999999999,0.6791230626754403,0.6749266509438636
coverage_true,integrated_volume_aleatoric,11,10.89,0.6790788264621032,0.6749266509438636
coverage_true,integrated_volume_aleatoric,12,11.880000000000003,0.6793621664545281,0.6749266509438636
coverage_true,integrated_volume_aleatoric,13,12.870000000000005,0.6794304095941538,0.6749266509438636
coverage_true,integrated_volume_aleatoric,14,13.859999999999994,0.6798363439848888,0.6749266509438636
coverage_true,integrated_volume_aleatoric,15,14.849999999999996,0.6797983435095618,0.6749266509438636
coverage_true,integrated_volume_aleatoric,16,15.839999999999998,0.6799314642383214,0.6749266509438636
coverage_true,integrated_volume_aleatoric,17,16.830000000000002,0.6793715030040491,0.6749266509438636
coverage_true,integrated_volume_aleatoric,18,17.820000000000004,0.6793852492616209,0.6749266509438636
coverage_true,integrated_volume_aleatoric,19,18.810000000000006,0.6792210230609207,0.6749266509438636
coverage_true,integrated_volume_aleatoric,20,19.799999999999997,0.6798951165486945,0.6749266509438636
coverage_true,integrated_volume_aleatoric,21,20.79,0.6794894713196822,0.6749266509438636
coverage_true,integrated_volume_aleatoric,22,21.78,0.6788884799000472,0.6749266509438636
coverage_true,integrated_volume_aleatoric,23,22.770000000000003,0.6788969154118207,0.6749266509438636
coverage_true,integrated_volume_aleatoric,24,23.760000000000005,0.6793486340526577,0.6749266509438636
coverage_true,integrated_volume_aleatoric,25,24.750000000000007,0.6795557281212614,0.6749266509438636
coverage_true,integrated_volume_aleatoric,26,25.739999999999995,0.6793134664506962,0.6749266509438636
coverage_true,integrated_volume_aleatoric,27,26.729999999999997,0.6799867053777193,0.6749266509438636
coverage_true,integrated_volume_aleatoric,28,27.72,0.680478098864765,0.6749266509438636
coverage_true,integrated_volume_aleatoric,29,28.71,0.6801708635566931,0.6749266509438636
coverage_true,integrated_volume_aleatoric,30,29.700000000000003,0.6803354757242472,0.6749266509438636
coverage_true,integrated_volume_aleatoric,31,30.689999999999994,0.6804351669799474,0.6749266509438636
coverage_true,integrated_volume_aleatoric,32,31.679999999999996,0.6802552181114799,0.6749266509438636
coverage_true,integrated_volume_aleatoric,33,32.67,0.6803566609437383,0.6749266509438636
coverage_true,integrated_volume_aleatoric,34,33.660000000000004,0.680388391028265,0.6749266509438636
coverage_true,integrated_volume_aleatoric,35,34.650000000000006,0.6811595064301743,0.6749266509438636
coverage_true,integrated_volume_aleatoric,36,35.64000000000001,0.6809046492031648,0.6749266509438636
coverage_true,integrated_volume_aleatoric,37,36.629999999999995,0.6804133801284902,0.6749266509438636
coverage_true,integrated_volume_aleatoric,38,37.62,0.6809895316072802,0.6749266509438636
coverage_true,integrated_volume_aleatoric,39,38.61,0.6812698430137225,0.6749266509438636
coverage_true,integrated_volume_aleatoric,40,39.6,0.6819588136759023,0.6749266509438636
coverage_true,integrated_volume_aleatoric,41,40.59,0.6813711399016809,0.6749266509438636
coverage_true,integrated_volume_aleatoric,42,41.58,0.6814243632494367,0.6749266509438636
coverage_true,integrated_volume_aleatoric,43,42.56999999999999,0.6815634473445529,0.6749266509438636
coverage_true,integrated_volume_aleatoric,44,43.56,0.6823059082992513,0.6749266509438636
coverage_true,integrated_volume_aleatoric,45,44.55,0.6820305670318041,0.6749266509438636
coverage_true,integrated_volume_aleatoric,46,45.540000000000006,0.6811249580604268,0.6749266509438636
coverage_true,integrated_volume_aleatoric,47,46.53,0.6800955655420944,0.6749266509438636
coverage_true,integrated_volume_aleatoric,48,47.519999999999996,0.6793951403405138,0.6749266509438636
coverage_true,integrated_volume_aleatoric,49,48.51,0.6796986919017372,0.6749266509438636
coverage_true,integrated_volume_aleatoric,50,49.5,0.6798230321977432,0.6749266509438636
coverage_true,integrated_volume_aleatoric,51,50.495000000000005,0.6801149807355822,0.6749266509438636
coverage_true,integrated_volume_aleatoric,52,51.485,0.6805513017161217,0.6749266509438636
coverage_true,integrated_volume_aleatoric,53,52.47500000000001,0.6797873430466497,0.6749266509438636
coverage_true,integrated_volume_aleatoric,54,53.465,0.6787834823861971,0.6749266509438636
coverage_true,integrated_volume_aleatoric,55,54.455,0.6793252658859739,0.6749266509438636
coverage_true,integrated_volume_aleatoric,56,55.445,0.6793495929581395,0.6749266509438636
coverage_true,integrated_volume_aleatoric,57,56.435,0.6800396326564275,0.6749266509438636
coverage_true,integrated_volume_aleatoric,58,57.42499999999999,0.6809884505012175,0.6749266509438636
coverage_true,integrated_volume_aleatoric,59,58.41499999999999,0.6809380680310254,0.6749266509438636
coverage_true,integrated_volume_aleatoric,60,59.404999999999994,0.6817173307426421,0.6749266509438636
coverage_true,integrated_volume_aleatoric,61,60.394999999999996,0.6814389627444442,0.6749266509438636
coverage_true,integrated_volume_aleatoric,62,61.385,0.6818961232796582,0.6749266509438636
coverage_true,integrated_volume_aleatoric,63,62.375,0.6819925762104243,0.6749266509438636
coverage_true,integrated_volume_aleatoric,64,63.365,0.6824894052372734,0.6749266509438636
coverage_true,integrated_volume_aleatoric,65,64.355,0.683826108704501,0.6749266509438636
coverage_true,integrated_volume_aleatoric,66,65.345,0.6842644560735786,0.6749266509438636
coverage_true,integrated_volume_aleatoric,67,66.335,0.6844419012239148,0.6749266509438636
coverage_true,integrated_volume_aleatoric,68,67.325,0.6852208381375895,0.6749266509438636
coverage_true,integrated_volume_aleatoric,69,68.315,0.6845254588185206,0.6749266509438636
coverage_true,integrated_volume_aleatoric,70,69.30499999999999,0.6852001252195833,0.6749266509438636
coverage_true,integrated_volume_aleatoric,71,70.295,0.6872193680694914,0.6749266509438636
coverage_true,integrated_volume_aleatoric,72,71.285,0.6875292776589749,0.6749266509438636
coverage_true,integrated_volume_aleatoric,73,72.275,0.6871651103870612,0.6749266509438636
coverage_true,integrated_volume_aleatoric,74,73.265,0.686954470300259,0.6749266509438636
coverage_true,integrated_volume_aleatoric,75,74.25500000000001,0.6887894522000189,0.6749266509438636
coverage_true,integrated_volume_aleatoric,76,75.245,0.6878471873527052,0.6749266509438636
coverage_true,integrated_volume_aleatoric,77,76.235,0.6882478014891412,0.6749266509438636
coverage_true,integrated_volume_aleatoric,78,77.225,0.6891070069307299,0.6749266509438636
coverage_true,integrated_volume_aleatoric,79,78.215,0.6869431607258354,0.6749266509438636
coverage_true,integrated_volume_aleatoric,80,79.205,0.6850373950931469,0.6749266509438636
coverage_true,integrated_volume_aleatoric,81,80.195,0.6817228226735609,0.6749266509438636
coverage_true,integrated_volume_aleatoric,82,81.185,0.6785723930971282,0.6749266509438636
coverage_true,integrated_volume_aleatoric,83,82.175,0.6804864324848349,0.6749266509438636
coverage_true,integrated_volume_aleatoric,84,83.165,0.6831988680098963,0.6749266509438636
coverage_true,integrated_volume_aleatoric,85,84.155,0.6816819955484817,0.6749266509438636
coverage_true,integrated_volume_aleatoric,86,85.14500000000001,0.682561716588598,0.6749266509438636
coverage_true,integrated_volume_aleatoric,87,86.135,0.6832190248748072,0.6749266509438636
coverage_true,integrated_volume_aleatoric,88,87.125,0.6866010456933027,0.6749266509438636
coverage_true,integrated_volume_aleatoric,89,88.115,0.6864862550937973,0.6749266509438636
coverage_true,integrated_volume_aleatoric,90,89.105,0.6832501713475722,0.6749266509438636
coverage_true,integrated_volume_aleatoric,91,90.095,0.687649399317907,0.6749266509438636
coverage_true,integrated_volume_aleatoric,92,91.08500000000001,0.6870714950353364,0.6749266509438636
coverage_true,integrated_volume_aleatoric,93,92.07499999999999,0.686958114413695,0.6749266509438636
coverage_true,integrated_volume_aleatoric,94,93.065,0.6861165298809933,0.6749266509438636
coverage_true,integrated_volume_aleatoric,95,94.055,0.6882414827065205,0.6749266509438636
coverage_true,integrated_volume_aleatoric,96,95.045,0.6805028232573013,0.6749266509438636
coverage_true,integrated_volume_aleatoric,97,96.035,0.6737679106580111,0.6749266509438636
coverage_true,integrated_volume_aleatoric,98,97.025,0.6625506024464204,0.6749266509438636
coverage_true,integrated_volume_aleatoric,99,98.015,0.6911959340738844,0.6749266509438636
coverage_true,integrated_volume_aleatoric,100,99.005,0.699246440319122,0.6749266509438636
coverage_true,integrated_volume_epistemic,0,0.0,0.6783108514493962,0.3274935215837533
coverage_true,integrated_volume_epistemic,1,0.990000000000002,0.6750949135634517,0.3274935215837533
coverage_true,integrated_volume_epistemic,2,1.980000000000004,0.6718140138634471,0.3274935215837533
coverage_true,integrated_volume_epistemic,3,2.969999999999995,0.668466163927371,0.3274935215837533
coverage_true,integrated_volume_epistemic,4,3.959999999999997,0.6650492933449661,0.3274935215837533
coverage_true,integrated_volume_epistemic,5,4.949999999999999,0.6615612454479568,0.3274935215837533
coverage_true,integrated_volume_epistemic,6,5.940000000000001,0.657999772770636,0.3274935215837533
coverage_true,integrated_volume_epistemic,7,6.930000000000003,0.6543625322207344,0.3274935215837533
coverage_true,integrated_volume_epistemic,8,7.920000000000005,0.650647079938765,0.3274935215837533
coverage_true,integrated_volume_epistemic,9,8.909999999999997,0.6468508658221453,0.3274935215837533
coverage_true,integrated_volume_epistemic,10,9.899999999999999,0.6429712276883126,0.3274935215837533
coverage_true,integrated_volume_epistemic,11,10.89,0.6390053850487565,0.3274935215837533
coverage_true,integrated_volume_epistemic,12,11.880000000000003,0.6349504324633728,0.3274935215837533
coverage_true,integrated_volume_epistemic,13,12.870000000000005,0.6308033324417555,0.3274935215837533
coverage_true,integrated_volume_epistemic,14,13.859999999999994,0.626560907854979,0.3274935215837533
coverage_true,integrated_volume_epistemic,15,14.849999999999996,0.6222198338180343,0.3274935215837533
coverage_true,integrated_volume_epistemic,16,15.839999999999998,0.6177766289993272,0.3274935215837533
coverage_true,integrated_volume_epistemic,17,16.830000000000002,0.6132276463094997,0.3274935215837533
coverage_true,integrated_volume_epistemic,18,17.820000000000004,0.6085690629172404,0.3274935215837533
coverage_true,integrated_volume_epistemic,19,18.810000000000006,0.6037968695346293,0.3274935215837533
coverage_true,integrated_volume_epistemic,20,19.799999999999997,0.5989068589089064,0.3274935215837533
coverage_true,integrated_volume_epistemic,21,20.79,0.5938946134512311,0.3274935215837533
coverage_true,integrated_volume_epistemic,22,21.78,0.5887554919259748,0.3274935215837533
coverage_true,integrated_volume_epistemic,23,22.770000000000003,0.5834846151162436,0.3274935215837533
coverage_true,integrated_volume_epistemic,24,23.760000000000005,0.5780768503725764,0.3274935215837533
coverage_true,integrated_volume_epistemic,25,24.750000000000007,0.5725267949419662,0.3274935215837533
coverage_true,integrated_volume_epistemic,26,25.739999999999995,0.5668287579633812,0.3274935215837533
coverage_true,integrated_volume_epistemic,27,26.729999999999997,0.5609767410036637,0.3274935215837533
coverage_true,integrated_volume_epistemic,28,27.72,0.5549644169938596,0.3274935215837533
coverage_true,integrated_volume_epistemic,29,28.71,0.5487851074104908,0.3274935215837533
coverage_true,integrated_volume_epistemic,30,29.700000000000003,0.542431757528757,0.3274935215837533
coverage_true,integrated_volume_epistemic,31,30.689999999999994,0.5358969095548891,0.3274935215837533
coverage_true,integrated_volume_epistemic,32,31.679999999999996,0.5291726734225277,0.3274935215837533
coverage_true,integrated_volume_epistemic,33,32.67,0.522250695012696,0.3274935215837533
coverage_true,integrated_volume_epistemic,34,33.660000000000004,0.5151221215282267,0.3274935215837533
coverage_true,integrated_volume_epistemic,35,34.650000000000006,0.507777563720892,0.3274935215837533
coverage_true,integrated_volume_epistemic,36,35.64000000000001,0.5002070546323496,0.3274935215837533
coverage_true,integrated_volume_epistemic,37,36.629999999999995,0.49240000446766236,0.3274935215837533
coverage_true,integrated_volume_epistemic,38,37.62,0.4843451511717456,0.3274935215837533
coverage_true,integrated_volume_epistemic,39,38.61,0.47603050622367216,0.3274935215837533
coverage_true,integrated_volume_epistemic,40,39.6,0.4674432951001483,0.3274935215837533
coverage_true,integrated_volume_epistemic,41,40.59,0.45856989178634394,0.3274935215837533
coverage_true,integrated_volume_epistemic,42,41.58,0.4493957466279429,0.3274935215837533
coverage_true,integrated_volume_epistemic,43,42.56999999999999,0.4399053067209152,0.3274935215837533
coverage_true,integrated_volume_epistemic,44,43.56,0.430081927922748,0.3274935215837533
coverage_true,integrated_volume_epistemic,45,44.55,0.4199077774380095,0.3274935215837533
coverage_true,integrated_volume_epistemic,46,45.540000000000006,0.4093637257788352,0.3274935215837533
coverage_true,integrated_volume_epistemic,47,46.53,0.3984292267232671,0.3274935215837533
coverage_true,integrated_volume_epistemic,48,47.519999999999996,0.3870821836865631,0.3274935215837533
coverage_true,integrated_volume_epistemic,49,48.51,0.3752988006768025,0.3274935215837533
coverage_true,integrated_volume_epistemic,50,49.5,0.3630534157193326,0.3274935215837533
coverage_true,integrated_volume_epistemic,51,50.495000000000005,0.3502527028619877,0.3274935215837533
coverage_true,integrated_volume_epistemic,52,51.485,0.3369952035898266,0.3274935215837533
coverage_true,integrated_volume_epistemic,53,52.47500000000001,0.32318536663099773,0.3274935215837533
coverage_true,integrated_volume_epistemic,54,53.465,0.30878794017655325,0.3274935215837533
coverage_true,integrated_volume_epistemic,55,54.455,0.29408246447624775,0.3274935215837533
coverage_true,integrated_volume_epistemic,56,55.445,0.2783985656278406,0.3274935215837533
coverage_true,integrated_volume_epistemic,57,56.435,0.262223379766117,0.3274935215837533
coverage_true,integrated_volume_epistemic,58,57.42499999999999,0.24529594803225674,0.3274935215837533
coverage_true,integrated_volume_epistemic,59,58.41499999999999,0.2275625450387345,0.3274935215837533
coverage_true,integrated_volume_epistemic,60,59.404999999999994,0.2100340506916966,0.3274935215837533
coverage_true,integrated_volume_epistemic,61,60.394999999999996,0.19223845834326098,0.3274935215837533
coverage_true,integrated_volume_epistemic,62,61.385,0.17415522465368527,0.3274935215837533
coverage_true,integrated_volume_epistemic,63,62.375,0.15627466476413202,0.3274935215837533
coverage_true,integrated_volume_epistemic,64,63.365,0.14058902512120702,0.3274935215837533
coverage_true,integrated_volume_epistemic,65,64.355,0.12673967228860955,0.3274935215837533
coverage_true,integrated_volume_epistemic,66,65.345,0.11209904204702226,0.3274935215837533
coverage_true,integrated_volume_epistemic,67,66.335,0.0977440602848796,0.3274935215837533
coverage_true,integrated_volume_epistemic,68,67.325,0.08340532149335955,0.3274935215837533
coverage_true,integrated_volume_epistemic,69,68.315,0.07152113558252814,0.3274935215837533
coverage_true,integrated_volume_epistemic,70,69.30499999999999,0.05965640933477974,0.3274935215837533
coverage_true,integrated_volume_epistemic,71,70.295,0.047163285259117296,0.3274935215837533
coverage_true,integrated_volume_epistemic,72,71.285,0.03935441786386346,0.3274935215837533
coverage_true,integrated_volume_epistemic,73,72.275,0.035513235062248925,0.3274935215837533
coverage_true,integrated_volume_epistemic,74,73.265,0.03499752328737543,0.3274935215837533
coverage_true,integrated_volume_epistemic,75,74.25500000000001,0.03481702579373953,0.3274935215837533
coverage_true,integrated_volume_epistemic,76,75.245,0.03481702579373952,0.3274935215837533
coverage_true,integrated_volume_epistemic,77,76.235,0.03481702579373953,0.3274935215837533
coverage_true,integrated_volume_epistemic,78,77.225,0.03481702579373953,0.3274935215837533
coverage_true,integrated_volume_epistemic,79,78.215,0.03481702579373953,0.3274935215837533
coverage_true,integrated_volume_epistemic,80,79.205,0.03481702579373953,0.3274935215837533
coverage_true,integrated_volume_epistemic,81,80.195,0.03481702579373952,0.3274935215837533
coverage_true,integrated_volume_epistemic,82,81.185,0.03481702579373952,0.3274935215837533
coverage_true,integrated_volume_epistemic,83,82.175,0.03481702579373953,0.3274935215837533
coverage_true,integrated_volume_epistemic,84,83.165,0.03481702579373952,0.3274935215837533
coverage_true,integrated_volume_epistemic,85,84.155,0.03481702579373953,0.3274935215837533
coverage_true,integrated_volume_epistemic,86,85.14500000000001,0.03481702579373952,0.3274935215837533
coverage_true,integrated_volume_epistemic,87,86.135,0.03481702579373953,0.3274935215837533
coverage_true,integrated_volume_epistemic,88,87.125,0.03481702579373952,0.3274935215837533
coverage_true,integrated_volume_epistemic,89,88.115,0.03481702579373953,0.3274935215837533
coverage_true,integrated_volume_epistemic,90,89.105,0.03481702579373953,0.3274935215837533
coverage_true,integrated_volume_epistemic,91,90.095,0.03481702579373953,0.3274935215837533
coverage_true,integrated_volume_epistemic,92,91.08500000000001,0.03481702579373953,0.3274935215837533
coverage_true,integrated_volume_epistemic,93,92.07499999999999,0.03481702579373953,0.3274935215837533
coverage_true,integrated_volume_epistemic,94,93.065,0.03481702579373953,0.3274935215837533
coverage_true,integrated_volume_epistemic,95,94.055,0.03481702579373953,0.3274935215837533
coverage_true,integrated_volume_epistemic,96,95.045,0.03481702579373952,0.3274935215837533
coverage_true,integrated_volume_epistemic,97,96.035,0.03481702579373953,0.3274935215837533
coverage_true,integrated_volume_epistemic,98,97.025,0.03481702579373953,0.3274935215837533
coverage_true,integrated_volume_epistemic,99,98.015,0.03481702579373952,0.3274935215837533
coverage_true,integrated_volume_epistemic,100,99.005,0.03481702579373952,0.3274935215837533
