metric,measure,point_index,abstention,risk,aurc
lr_est,differential_entropy_total,0,0.0,0.6555172433413187,0.6458409620550801
lr_est,differential_entropy_total,1,0.9499999999999953,0.6560901722558223,0.6458409620550801
lr_est,differential_entropy_total,2,1.9499999999999962,0.6566838243473383,0.6458409620550801
lr_est,differential_entropy_total,3,2.949999999999997,0.6564562323424036,0.6458409620550801
lr_est,differential_entropy_total,4,3.949999999999998,0.6568570687485231,0.6458409620550801
lr_est,differential_entropy_total,5,4.949999999999999,0.6569351231987308,0.6458409620550801
lr_est,differential_entropy_total,6,5.900000000000006,0.6572572353463476,0.6458409620550801
lr_est,differential_entropy_total,7,6.899999999999995,0.6576566680546563,0.6458409620550801
lr_est,differential_entropy_total,8,7.899999999999996,0.6579781767480423,0.6458409620550801
lr_est,differential_entropy_total,9,8.899999999999997,0.6577092054617958,0.6458409620550801
lr_est,differential_entropy_total,10,9.899999999999999,0.6578700660110298,0.6458409620550801
lr_est,differential_entropy_total,11,10.850000000000005,0.6578281506349652,0.6458409620550801
lr_est,differential_entropy_total,12,11.850000000000005,0.6592529526718465,0.6458409620550801
lr_est,differential_entropy_total,13,12.849999999999994,0.6594036429861089,0.6458409620550801
lr_est,differential_entropy_total,14,13.849999999999996,0.6589953868766966,0.6458409620550801
lr_est,differential_entropy_total,15,14.849999999999996,0.6593565284133569,0.6458409620550801
lr_est,differential_entropy_total,16,15.800000000000002,0.6596465762601339,0.6458409620550801
lr_est,differential_entropy_total,17,16.800000000000004,0.6599641993791086,0.6458409620550801
lr_est,differential_entropy_total,18,17.800000000000004,0.6603840546534594,0.6458409620550801
lr_est,differential_entropy_total,19,18.799999999999994,0.6619698974337793,0.6458409620550801
lr_est,differential_entropy_total,20,19.799999999999997,0.6627675777538518,0.6458409620550801
lr_est,differential_entropy_total,21,20.75,0.6632365878406963,0.6458409620550801
lr_est,differential_entropy_total,22,21.750000000000004,0.6638965361946385,0.6458409620550801
lr_est,differential_entropy_total,23,22.750000000000004,0.6644605379658464,0.6458409620550801
lr_est,differential_entropy_total,24,23.750000000000004,0.6652836257907992,0.6458409620550801
lr_est,differential_entropy_total,25,24.750000000000007,0.665551151566828,0.6458409620550801
lr_est,differential_entropy_total,26,25.7,0.6664447935239632,0.6458409620550801
lr_est,differential_entropy_total,27,26.700000000000003,0.6671021474485854,0.6458409620550801
lr_est,differential_entropy_total,28,27.700000000000003,0.6681456975045095,0.6458409620550801
lr_est,differential_entropy_total,29,28.700000000000003,0.6680391152015691,0.6458409620550801
lr_est,differential_entropy_total,30,29.700000000000003,0.6683382485932873,0.6458409620550801
lr_est,differential_entropy_total,31,30.65,0.6688049526603543,0.6458409620550801
lr_est,differential_entropy_total,32,31.65,0.6700558955960326,0.6458409620550801
lr_est,differential_entropy_total,33,32.65,0.6697327813039325,0.6458409620550801
lr_est,differential_entropy_total,34,33.650000000000006,0.6706561938676968,0.6458409620550801
lr_est,differential_entropy_total,35,34.650000000000006,0.6712861019802921,0.6458409620550801
lr_est,differential_entropy_total,36,35.6,0.6695710661134437,0.6458409620550801
lr_est,differential_entropy_total,37,36.6,0.6698459013861346,0.6458409620550801
lr_est,differential_entropy_total,38,37.6,0.669383191179676,0.6458409620550801
lr_est,differential_entropy_total,39,38.6,0.6666429964367865,0.6458409620550801
lr_est,differential_entropy_total,40,39.6,0.6661268965826309,0.6458409620550801
lr_est,differential_entropy_total,41,40.55,0.6637385075312581,0.6458409620550801
lr_est,differential_entropy_total,42,41.55,0.6634883022078678,0.6458409620550801
lr_est,differential_entropy_total,43,42.55,0.6627468231363205,0.6458409620550801
lr_est,differential_entropy_total,44,43.55,0.6628387477599872,0.6458409620550801
lr_est,differential_entropy_total,45,44.55,0.661301300485358,0.6458409620550801
lr_est,differential_entropy_total,46,45.49999999999999,0.660432858062205,0.6458409620550801
lr_est,differential_entropy_total,47,46.5,0.6610501434347115,0.6458409620550801
lr_est,differential_entropy_total,48,47.5,0.6596251953426784,0.6458409620550801
lr_est,differential_entropy_total,49,48.5,0.6571400857119555,0.6458409620550801
lr_est,differential_entropy_total,50,49.5,0.6568912515912292,0.6458409620550801
lr_est,differential_entropy_total,51,50.449999999999996,0.655475446042023,0.6458409620550801
lr_est,differential_entropy_total,52,51.449999999999996,0.6546520682790343,0.6458409620550801
lr_est,differential_entropy_total,53,52.449999999999996,0.6525279920249685,0.6458409620550801
lr_est,differential_entropy_total,54,53.449999999999996,0.6528508580666662,0.6458409620550801
lr_est,differential_entropy_total,55,54.449999999999996,0.6518914096820907,0.6458409620550801
lr_est,differential_entropy_total,56,55.400000000000006,0.6515510444093221,0.6458409620550801
lr_est,differential_entropy_total,57,56.400000000000006,0.6519219449716076,0.6458409620550801
lr_est,differential_entropy_total,58,57.400000000000006,0.6489276964367491,0.6458409620550801
lr_est,differential_entropy_total,59,58.400000000000006,0.6484949154901297,0.6458409620550801
lr_est,differential_entropy_total,60,59.4,0.6496792868559507,0.6458409620550801
lr_est,differential_entropy_total,61,60.349999999999994,0.6478551824584116,0.6458409620550801
lr_est,differential_entropy_total,62,61.349999999999994,0.6468724805544881,0.6458409620550801
lr_est,differential_entropy_total,63,62.349999999999994,0.6476137232185502,0.6458409620550801
lr_est,differential_entropy_total,64,63.349999999999994,0.647732371806092,0.6458409620550801
lr_est,differential_entropy_total,65,64.35,0.6434604473807348,0.6458409620550801
lr_est,differential_entropy_total,66,65.3,0.6417221344833213,0.6458409620550801
lr_est,differential_entropy_total,67,66.3,0.640295372719655,0.6458409620550801
lr_est,differential_entropy_total,68,67.30000000000001,0.6386007855102075,0.6458409620550801
lr_est,differential_entropy_total,69,68.30000000000001,0.6395482366738305,0.6458409620550801
lr_est,differential_entropy_total,70,69.30000000000001,0.6375178595887778,0.6458409620550801
lr_est,differential_entropy_total,71,70.25,0.6344046579517919,0.6458409620550801
lr_est,differential_entropy_total,72,71.25,0.6363168282607525,0.6458409620550801
lr_est,differential_entropy_total,73,72.24999999999999,0.6339877971405385,0.6458409620550801
lr_est,differential_entropy_total,74,73.25,0.6334080838890701,0.6458409620550801
lr_est,differential_entropy_total,75,74.25,0.6321387483627242,0.6458409620550801
lr_est,differential_entropy_total,76,75.2,0.6343621625336623,0.6458409620550801
lr_est,differential_entropy_total,77,76.2,0.6344377012423165,0.6458409620550801
lr_est,differential_entropy_total,78,77.2,0.6344425261846982,0.6458409620550801
lr_est,differential_entropy_total,79,78.2,0.635725549368047,0.6458409620550801
lr_est,differential_entropy_total,80,79.2,0.6354097140622554,0.6458409620550801
lr_est,differential_entropy_total,81,80.15,0.6380091614307378,0.6458409620550801
lr_est,differential_entropy_total,82,81.15,0.6383759958800242,0.6458409620550801
lr_est,differential_entropy_total,83,82.15,0.6395366310453034,0.6458409620550801
lr_est,differential_entropy_total,84,83.15,0.6395537578241358,0.6458409620550801
lr_est,differential_entropy_total,85,84.15,0.6355678360213662,0.6458409620550801
lr_est,differential_entropy_total,86,85.1,0.6341314283609968,0.6458409620550801
lr_est,differential_entropy_total,87,86.1,0.6366040965852632,0.6458409620550801
lr_est,differential_entropy_total,88,87.1,0.6356914381019105,0.6458409620550801
lr_est,differential_entropy_total,89,88.1,0.6387347486681946,0.6458409620550801
lr_est,differential_entropy_total,90,89.1,0.6415287390655842,0.6458409620550801
lr_est,differential_entropy_total,91,90.05,0.6443843314019635,0.6458409620550801
lr_est,differential_entropy_total,92,91.05,0.6409096418845102,0.6458409620550801
lr_est,differential_entropy_total,93,92.05,0.642389902101896,0.6458409620550801
lr_est,differential_entropy_total,94,93.05,0.6431017772926501,0.6458409620550801
lr_est,differential_entropy_total,95,94.05,0.6453695123301566,0.6458409620550801
lr_est,differential_entropy_total,96,95.0,0.6388738771273414,0.6458409620550801
lr_est,differential_entropy_total,97,96.0,0.6454067359058399,0.6458409620550801
lr_est,differential_entropy_total,98,97.0,0.6496651661515946,0.6458409620550801
lr_est,differential_entropy_total,99,98.0,0.6340063544867448,0.6458409620550801
lr_est,differential_entropy_total,100,99.0,0.6404183743515918,0.6458409620550801
lr_est,differential_entropy_aleatoric,0,0.0,0.6555172433413187,0.6488003272500225
lr_est,differential_entropy_aleatoric,1,0.9499999999999953,0.6560901722558223,0.6488003272500225
lr_est,differential_entropy_aleatoric,2,1.9499999999999962,0.6566838243473383,0.6488003272500225
lr_est,differential_entropy_aleatoric,3,2.949999999999997,0.6564562323424036,0.6488003272500225
lr_est,differential_entropy_aleatoric,4,3.949999999999998,0.6568570687485231,0.6488003272500225
lr_est,differential_entropy_aleatoric,5,4.949999999999999,0.6569351231987308,0.6488003272500225
lr_est,differential_entropy_aleatoric,6,5.900000000000006,0.6572572353463476,0.6488003272500225
lr_est,differential_entropy_aleatoric,7,6.899999999999995,0.6576566680546563,0.6488003272500225
lr_est,differential_entropy_aleatoric,8,7.899999999999996,0.6579781767480423,0.6488003272500225
lr_est,differential_entropy_aleatoric,9,8.899999999999997,0.6577092054617958,0.6488003272500225
lr_est,differential_entropy_aleatoric,10,9.899999999999999,0.6578700660110298,0.6488003272500225
lr_est,differential_entropy_aleatoric,11,10.850000000000005,0.6578281506349652,0.6488003272500225
lr_est,differential_entropy_aleatoric,12,11.850000000000005,0.6592529526718465,0.6488003272500225
lr_est,differential_entropy_aleatoric,13,12.849999999999994,0.6594036429861089,0.6488003272500225
lr_est,differential_entropy_aleatoric,14,13.849999999999996,0.6589953868766966,0.6488003272500225
lr_est,differential_entropy_aleatoric,15,14.849999999999996,0.6593565284133569,0.6488003272500225
lr_est,differential_entropy_aleatoric,16,15.800000000000002,0.659646576260134,0.6488003272500225
lr_est,differential_entropy_aleatoric,17,16.800000000000004,0.6599641993791087,0.6488003272500225
lr_est,differential_entropy_aleatoric,18,17.800000000000004,0.6603840546534594,0.6488003272500225
lr_est,differential_entropy_aleatoric,19,18.799999999999994,0.6619698974337793,0.6488003272500225
lr_est,differential_entropy_aleatoric,20,19.799999999999997,0.6627675777538519,0.6488003272500225
lr_est,differential_entropy_aleatoric,21,20.75,0.6632365878406963,0.6488003272500225
lr_est,differential_entropy_aleatoric,22,21.750000000000004,0.6638965361946385,0.6488003272500225
lr_est,differential_entropy_aleatoric,23,22.750000000000004,0.6644605379658464,0.6488003272500225
lr_est,differential_entropy_aleatoric,24,23.750000000000004,0.6652836257907992,0.6488003272500225
lr_est,differential_entropy_aleatoric,25,24.750000000000007,0.665551151566828,0.6488003272500225
lr_est,differential_entropy_aleatoric,26,25.7,0.6664447935239632,0.6488003272500225
lr_est,differential_entropy_aleatoric,27,26.700000000000003,0.6671021474485854,0.6488003272500225
lr_est,differential_entropy_aleatoric,28,27.700000000000003,0.6681456975045095,0.6488003272500225
lr_est,differential_entropy_aleatoric,29,28.700000000000003,0.6680391152015691,0.6488003272500225
lr_est,differential_entropy_aleatoric,30,29.700000000000003,0.6683382485932873,0.6488003272500225
lr_est,differential_entropy_aleatoric,31,30.65,0.6688049526603543,0.6488003272500225
lr_est,differential_entropy_aleatoric,32,31.65,0.6700558955960326,0.6488003272500225
lr_est,differential_entropy_aleatoric,33,32.65,0.6697327813039325,0.6488003272500225
lr_est,differential_entropy_aleatoric,34,33.650000000000006,0.6706561938676968,0.6488003272500225
lr_est,differential_entropy_aleatoric,35,34.650000000000006,0.6712861019802921,0.6488003272500225
lr_est,differential_entropy_aleatoric,36,35.6,0.6695710661134437,0.6488003272500225
lr_est,differential_entropy_aleatoric,37,36.6,0.6698459013861345,0.6488003272500225
lr_est,differential_entropy_aleatoric,38,37.6,0.669383191179676,0.6488003272500225
lr_est,differential_entropy_aleatoric,39,38.6,0.6666429964367865,0.6488003272500225
lr_est,differential_entropy_aleatoric,40,39.6,0.6661268965826309,0.6488003272500225
lr_est,differential_entropy_aleatoric,41,40.55,0.6637385075312581,0.6488003272500225
lr_est,differential_entropy_aleatoric,42,41.55,0.6634883022078678,0.6488003272500225
lr_est,differential_entropy_aleatoric,43,42.55,0.6627468231363205,0.6488003272500225
lr_est,differential_entropy_aleatoric,44,43.55,0.6628387477599872,0.6488003272500225
lr_est,differential_entropy_aleatoric,45,44.55,0.661301300485358,0.6488003272500225
lr_est,differential_entropy_aleatoric,46,45.49999999999999,0.660432858062205,0.6488003272500225
lr_est,differential_entropy_aleatoric,47,46.5,0.6610501434347115,0.6488003272500225
lr_est,differential_entropy_aleatoric,48,47.5,0.6596251953426784,0.6488003272500225
lr_est,differential_entropy_aleatoric,49,48.5,0.6571400857119555,0.6488003272500225
lr_est,differential_entropy_aleatoric,50,49.5,0.6568912515912292,0.6488003272500225
lr_est,differential_entropy_aleatoric,51,50.449999999999996,0.655475446042023,0.6488003272500225
lr_est,differential_entropy_aleatoric,52,51.449999999999996,0.6546520682790343,0.6488003272500225
lr_est,differential_entropy_aleatoric,53,52.449999999999996,0.6525279920249685,0.6488003272500225
lr_est,differential_entropy_aleatoric,54,53.449999999999996,0.6528508580666662,0.6488003272500225
lr_est,differential_entropy_aleatoric,55,54.449999999999996,0.6518914096820907,0.6488003272500225
lr_est,differential_entropy_aleatoric,56,55.400000000000006,0.6515510444093221,0.6488003272500225
lr_est,differential_entropy_aleatoric,57,56.400000000000006,0.6519219449716075,0.6488003272500225
lr_est,differential_entropy_aleatoric,58,57.400000000000006,0.6489276964367491,0.6488003272500225
lr_est,differential_entropy_aleatoric,59,58.400000000000006,0.6484949154901297,0.6488003272500225
lr_est,differential_entropy_aleatoric,60,59.4,0.6496792868559507,0.6488003272500225
lr_est,differential_entropy_aleatoric,61,60.349999999999994,0.6478551824584116,0.6488003272500225
lr_est,differential_entropy_aleatoric,62,61.349999999999994,0.6468724805544881,0.6488003272500225
lr_est,differential_entropy_aleatoric,63,62.349999999999994,0.6476137232185503,0.6488003272500225
lr_est,differential_entropy_aleatoric,64,63.349999999999994,0.647732371806092,0.6488003272500225
lr_est,differential_entropy_aleatoric,65,64.35,0.6434604473807348,0.6488003272500225
lr_est,differential_entropy_aleatoric,66,65.3,0.6394132809465016,0.6488003272500225
lr_est,differential_entropy_aleatoric,67,66.3,0.6394409716715963,0.6488003272500225
lr_est,differential_entropy_aleatoric,68,67.30000000000001,0.6373251820571413,0.6488003272500225
lr_est,differential_entropy_aleatoric,69,68.30000000000001,0.6374936973045886,0.6488003272500225
lr_est,differential_entropy_aleatoric,70,69.30000000000001,0.6402291753668508,0.6488003272500225
lr_est,differential_entropy_aleatoric,71,70.25,0.640577990476527,0.6488003272500225
lr_est,differential_entropy_aleatoric,72,71.25,0.6436866973940689,0.6488003272500225
lr_est,differential_entropy_aleatoric,73,72.24999999999999,0.6425367197232468,0.6488003272500225
lr_est,differential_entropy_aleatoric,74,73.25,0.6424765857102948,0.6488003272500225
lr_est,differential_entropy_aleatoric,75,74.25,0.6454790346986923,0.6488003272500225
lr_est,differential_entropy_aleatoric,76,75.2,0.6436125782157776,0.6488003272500225
lr_est,differential_entropy_aleatoric,77,76.2,0.6437544512331187,0.6488003272500225
lr_est,differential_entropy_aleatoric,78,77.2,0.6439923147744897,0.6488003272500225
lr_est,differential_entropy_aleatoric,79,78.2,0.6440704232401255,0.6488003272500225
lr_est,differential_entropy_aleatoric,80,79.2,0.6456932343552056,0.6488003272500225
lr_est,differential_entropy_aleatoric,81,80.15,0.6447395189459649,0.6488003272500225
lr_est,differential_entropy_aleatoric,82,81.15,0.6435462722945071,0.6488003272500225
lr_est,differential_entropy_aleatoric,83,82.15,0.6432160975341061,0.6488003272500225
lr_est,differential_entropy_aleatoric,84,83.15,0.6451180863819326,0.6488003272500225
lr_est,differential_entropy_aleatoric,85,84.15,0.6445066677383935,0.6488003272500225
lr_est,differential_entropy_aleatoric,86,85.1,0.6457499005437751,0.6488003272500225
lr_est,differential_entropy_aleatoric,87,86.1,0.6491122706441557,0.6488003272500225
lr_est,differential_entropy_aleatoric,88,87.1,0.6513840826583462,0.6488003272500225
lr_est,differential_entropy_aleatoric,89,88.1,0.6535024936045242,0.6488003272500225
lr_est,differential_entropy_aleatoric,90,89.1,0.6507150595414972,0.6488003272500225
lr_est,differential_entropy_aleatoric,91,90.05,0.6511816152965724,0.6488003272500225
lr_est,differential_entropy_aleatoric,92,91.05,0.6522662771377207,0.6488003272500225
lr_est,differential_entropy_aleatoric,93,92.05,0.6533371459270565,0.6488003272500225
lr_est,differential_entropy_aleatoric,94,93.05,0.6592094806565392,0.6488003272500225
lr_est,differential_entropy_aleatoric,95,94.05,0.6606684763387088,0.6488003272500225
lr_est,differential_entropy_aleatoric,96,95.0,0.6609413468468963,0.6488003272500225
lr_est,differential_entropy_aleatoric,97,96.0,0.6502517643524938,0.6488003272500225
lr_est,differential_entropy_aleatoric,98,97.0,0.6575577425051755,0.6488003272500225
lr_est,differential_entropy_aleatoric,99,98.0,0.6580735417577699,0.6488003272500225
lr_est,differential_entropy_aleatoric,100,99.0,0.6368940226966137,0.6488003272500225
lr_est,differential_entropy_epistemic,0,0.0,0.6555172433413187,0.6390162032129234
lr_est,differential_entropy_epistemic,1,0.9499999999999953,0.6557312764965804,0.6390162032129234
lr_est,differential_entropy_epistemic,2,1.9499999999999962,0.6557945327596334,0.6390162032129234
lr_est,differential_entropy_epistemic,3,2.949999999999997,0.6557088340647088,0.6390162032129234
lr_est,differential_entropy_epistemic,4,3.949999999999998,0.656444431085083,0.6390162032129234
lr_est,differential_entropy_epistemic,5,4.949999999999999,0.6564632378623079,0.6390162032129234
lr_est,differential_entropy_epistemic,6,5.900000000000006,0.6565899350678128,0.6390162032129234
lr_est,differential_entropy_epistemic,7,6.899999999999995,0.6566152185089243,0.6390162032129234
lr_est,differential_entropy_epistemic,8,7.899999999999996,0.6570179553433506,0.6390162032129234
lr_est,differential_entropy_epistemic,9,8.899999999999997,0.6577615743001216,0.6390162032129234
lr_est,differential_entropy_epistemic,10,9.899999999999999,0.6567141636139112,0.6390162032129234
lr_est,differential_entropy_epistemic,11,10.850000000000005,0.657003810073358,0.6390162032129234
lr_est,differential_entropy_epistemic,12,11.850000000000005,0.6570805262768002,0.6390162032129234
lr_est,differential_entropy_epistemic,13,12.849999999999994,0.6574510425894801,0.6390162032129234
lr_est,differential_entropy_epistemic,14,13.849999999999996,0.6579851866403431,0.6390162032129234
lr_est,differential_entropy_epistemic,15,14.849999999999996,0.6580703654669431,0.6390162032129234
lr_est,differential_entropy_epistemic,16,15.800000000000002,0.657877467934354,0.6390162032129234
lr_est,differential_entropy_epistemic,17,16.800000000000004,0.6577864389926343,0.6390162032129234
lr_est,differential_entropy_epistemic,18,17.800000000000004,0.6580782840176697,0.6390162032129234
lr_est,differential_entropy_epistemic,19,18.799999999999994,0.6584122195938737,0.6390162032129234
lr_est,differential_entropy_epistemic,20,19.799999999999997,0.6585200377163201,0.6390162032129234
lr_est,differential_entropy_epistemic,21,20.75,0.6590464282508602,0.6390162032129234
lr_est,differential_entropy_epistemic,22,21.750000000000004,0.6600892566451092,0.6390162032129234
lr_est,differential_entropy_epistemic,23,22.750000000000004,0.6610204488349252,0.6390162032129234
lr_est,differential_entropy_epistemic,24,23.750000000000004,0.6606467959377145,0.6390162032129234
lr_est,differential_entropy_epistemic,25,24.750000000000007,0.6606852538621564,0.6390162032129234
lr_est,differential_entropy_epistemic,26,25.7,0.660859734198072,0.6390162032129234
lr_est,differential_entropy_epistemic,27,26.700000000000003,0.6600285531672,0.6390162032129234
lr_est,differential_entropy_epistemic,28,27.700000000000003,0.6604134718831138,0.6390162032129234
lr_est,differential_entropy_epistemic,29,28.700000000000003,0.6598305780195803,0.6390162032129234
lr_est,differential_entropy_epistemic,30,29.700000000000003,0.6586496579845472,0.6390162032129234
lr_est,differential_entropy_epistemic,31,30.65,0.6590871491651021,0.6390162032129234
lr_est,differential_entropy_epistemic,32,31.65,0.6576327616239588,0.6390162032129234
lr_est,differential_entropy_epistemic,33,32.65,0.6585264952990798,0.6390162032129234
lr_est,differential_entropy_epistemic,34,33.650000000000006,0.6579789792138193,0.6390162032129234
lr_est,differential_entropy_epistemic,35,34.650000000000006,0.6589659214114102,0.6390162032129234
lr_est,differential_entropy_epistemic,36,35.6,0.6583404859026629,0.6390162032129234
lr_est,differential_entropy_epistemic,37,36.6,0.6576018452310942,0.6390162032129234
lr_est,differential_entropy_epistemic,38,37.6,0.6566578441019224,0.6390162032129234
lr_est,differential_entropy_epistemic,39,38.6,0.6577259468126266,0.6390162032129234
lr_est,differential_entropy_epistemic,40,39.6,0.6574820255792264,0.6390162032129234
lr_est,differential_entropy_epistemic,41,40.55,0.6552777119834836,0.6390162032129234
lr_est,differential_entropy_epistemic,42,41.55,0.6532223716636504,0.6390162032129234
lr_est,differential_entropy_epistemic,43,42.55,0.6517021964157831,0.6390162032129234
lr_est,differential_entropy_epistemic,44,43.55,0.6501584491286466,0.6390162032129234
lr_est,differential_entropy_epistemic,45,44.55,0.650859365989145,0.6390162032129234
lr_est,differential_entropy_epistemic,46,45.49999999999999,0.6501400877561113,0.6390162032129234
lr_est,differential_entropy_epistemic,47,46.5,0.6501037495540654,0.6390162032129234
lr_est,differential_entropy_epistemic,48,47.5,0.6488631160190168,0.6390162032129234
lr_est,differential_entropy_epistemic,49,48.5,0.6480421753265442,0.6390162032129234
lr_est,differential_entropy_epistemic,50,49.5,0.6469762033320541,0.6390162032129234
lr_est,differential_entropy_epistemic,51,50.449999999999996,0.6468740434605762,0.6390162032129234
lr_est,differential_entropy_epistemic,52,51.449999999999996,0.6465731185375578,0.6390162032129234
lr_est,differential_entropy_epistemic,53,52.449999999999996,0.6453050056880687,0.6390162032129234
lr_est,differential_entropy_epistemic,54,53.449999999999996,0.6447715385009579,0.6390162032129234
lr_est,differential_entropy_epistemic,55,54.449999999999996,0.6450608256316667,0.6390162032129234
lr_est,differential_entropy_epistemic,56,55.400000000000006,0.6455597710002631,0.6390162032129234
lr_est,differential_entropy_epistemic,57,56.400000000000006,0.6463527725874954,0.6390162032129234
lr_est,differential_entropy_epistemic,58,57.400000000000006,0.6431569144237367,0.6390162032129234
lr_est,differential_entropy_epistemic,59,58.400000000000006,0.6404579016895368,0.6390162032129234
lr_est,differential_entropy_epistemic,60,59.4,0.6378742083619098,0.6390162032129234
lr_est,differential_entropy_epistemic,61,60.349999999999994,0.6346004467844695,0.6390162032129234
lr_est,differential_entropy_epistemic,62,61.349999999999994,0.632647940719455,0.6390162032129234
lr_est,differential_entropy_epistemic,63,62.349999999999994,0.6325275024018617,0.6390162032129234
lr_est,differential_entropy_epistemic,64,63.349999999999994,0.6327848342143838,0.6390162032129234
lr_est,differential_entropy_epistemic,65,64.35,0.6348860565962144,0.6390162032129234
lr_est,differential_entropy_epistemic,66,65.3,0.6361236206406636,0.6390162032129234
lr_est,differential_entropy_epistemic,67,66.3,0.6361696038807841,0.6390162032129234
lr_est,differential_entropy_epistemic,68,67.30000000000001,0.6326623975226731,0.6390162032129234
lr_est,differential_entropy_epistemic,69,68.30000000000001,0.6303900165042862,0.6390162032129234
lr_est,differential_entropy_epistemic,70,69.30000000000001,0.6299619826739452,0.6390162032129234
lr_est,differential_entropy_epistemic,71,70.25,0.62798347849003,0.6390162032129234
lr_est,differential_entropy_epistemic,72,71.25,0.6281495977591356,0.6390162032129234
lr_est,differential_entropy_epistemic,73,72.24999999999999,0.6278805310561258,0.6390162032129234
lr_est,differential_entropy_epistemic,74,73.25,0.626236164668122,0.6390162032129234
lr_est,differential_entropy_epistemic,75,74.25,0.6268251782399312,0.6390162032129234
lr_est,differential_entropy_epistemic,76,75.2,0.6286260446131479,0.6390162032129234
lr_est,differential_entropy_epistemic,77,76.2,0.6295082366176332,0.6390162032129234
lr_est,differential_entropy_epistemic,78,77.2,0.6307777995334953,0.6390162032129234
lr_est,differential_entropy_epistemic,79,78.2,0.6281888134850733,0.6390162032129234
lr_est,differential_entropy_epistemic,80,79.2,0.6286036991698263,0.6390162032129234
lr_est,differential_entropy_epistemic,81,80.15,0.6266568332922067,0.6390162032129234
lr_est,differential_entropy_epistemic,82,81.15,0.62885488186245,0.6390162032129234
lr_est,differential_entropy_epistemic,83,82.15,0.6298894284089422,0.6390162032129234
lr_est,differential_entropy_epistemic,84,83.15,0.6295902754554568,0.6390162032129234
lr_est,differential_entropy_epistemic,85,84.15,0.6322994563525974,0.6390162032129234
lr_est,differential_entropy_epistemic,86,85.1,0.6321319790450823,0.6390162032129234
lr_est,differential_entropy_epistemic,87,86.1,0.633252462783478,0.6390162032129234
lr_est,differential_entropy_epistemic,88,87.1,0.6357799940568948,0.6390162032129234
lr_est,differential_entropy_epistemic,89,88.1,0.6353485211708317,0.6390162032129234
lr_est,differential_entropy_epistemic,90,89.1,0.629108485617212,0.6390162032129234
lr_est,differential_entropy_epistemic,91,90.05,0.6264625662125008,0.6390162032129234
lr_est,differential_entropy_epistemic,92,91.05,0.619222227227416,0.6390162032129234
lr_est,differential_entropy_epistemic,93,92.05,0.623133350848008,0.6390162032129234
lr_est,differential_entropy_epistemic,94,93.05,0.6260218745676609,0.6390162032129234
lr_est,differential_entropy_epistemic,95,94.05,0.6279636960234333,0.6390162032129234
lr_est,differential_entropy_epistemic,96,95.0,0.6401429563431451,0.6390162032129234
lr_est,differential_entropy_epistemic,97,96.0,0.6372987502971329,0.6390162032129234
lr_est,differential_entropy_epistemic,98,97.0,0.6354342423567727,0.6390162032129234
lr_est,differential_entropy_epistemic,99,98.0,0.6413306577199174,0.6390162032129234
lr_est,differential_entropy_epistemic,100,99.0,0.6847249762380827,0.6390162032129234
lr_est,variance_total,0,0.0,0.6555172433413187,0.6458409620550801
lr_est,variance_total,1,0.9499999999999953,0.6560901722558223,0.6458409620550801
lr_est,variance_total,2,1.9499999999999962,0.6566838243473383,0.6458409620550801
lr_est,variance_total,3,2.949999999999997,0.6564562323424036,0.6458409620550801
lr_est,variance_total,4,3.949999999999998,0.6568570687485231,0.6458409620550801
lr_est,variance_total,5,4.949999999999999,0.6569351231987308,0.6458409620550801
lr_est,variance_total,6,5.900000000000006,0.6572572353463476,0.6458409620550801
lr_est,variance_total,7,6.899999999999995,0.6576566680546563,0.6458409620550801
lr_est,variance_total,8,7.899999999999996,0.6579781767480423,0.6458409620550801
lr_est,variance_total,9,8.899999999999997,0.6577092054617958,0.6458409620550801
lr_est,variance_total,10,9.899999999999999,0.6578700660110298,0.6458409620550801
lr_est,variance_total,11,10.850000000000005,0.6578281506349651,0.6458409620550801
lr_est,variance_total,12,11.850000000000005,0.6592529526718465,0.6458409620550801
lr_est,variance_total,13,12.849999999999994,0.6594036429861089,0.6458409620550801
lr_est,variance_total,14,13.849999999999996,0.6589953868766966,0.6458409620550801
lr_est,variance_total,15,14.849999999999996,0.6593565284133569,0.6458409620550801
lr_est,variance_total,16,15.800000000000002,0.6596465762601339,0.6458409620550801
lr_est,variance_total,17,16.800000000000004,0.6599641993791086,0.6458409620550801
lr_est,variance_total,18,17.800000000000004,0.6603840546534594,0.6458409620550801
lr_est,variance_total,19,18.799999999999994,0.6619698974337793,0.6458409620550801
lr_est,variance_total,20,19.799999999999997,0.6627675777538518,0.6458409620550801
lr_est,variance_total,21,20.75,0.6632365878406963,0.6458409620550801
lr_est,variance_total,22,21.750000000000004,0.6638965361946385,0.6458409620550801
lr_est,variance_total,23,22.750000000000004,0.6644605379658464,0.6458409620550801
lr_est,variance_total,24,23.750000000000004,0.6652836257907992,0.6458409620550801
lr_est,variance_total,25,24.750000000000007,0.665551151566828,0.6458409620550801
lr_est,variance_total,26,25.7,0.6664447935239632,0.6458409620550801
lr_est,variance_total,27,26.700000000000003,0.6671021474485854,0.6458409620550801
lr_est,variance_total,28,27.700000000000003,0.6681456975045095,0.6458409620550801
lr_est,variance_total,29,28.700000000000003,0.6680391152015691,0.6458409620550801
lr_est,variance_total,30,29.700000000000003,0.6683382485932873,0.6458409620550801
lr_est,variance_total,31,30.65,0.6688049526603543,0.6458409620550801
lr_est,variance_total,32,31.65,0.6700558955960326,0.6458409620550801
lr_est,variance_total,33,32.65,0.6697327813039325,0.6458409620550801
lr_est,variance_total,34,33.650000000000006,0.6706561938676968,0.6458409620550801
lr_est,variance_total,35,34.650000000000006,0.6712861019802921,0.6458409620550801
lr_est,variance_total,36,35.6,0.6695710661134437,0.6458409620550801
lr_est,variance_total,37,36.6,0.6698459013861346,0.6458409620550801
lr_est,variance_total,38,37.6,0.669383191179676,0.6458409620550801
lr_est,variance_total,39,38.6,0.6666429964367865,0.6458409620550801
lr_est,variance_total,40,39.6,0.6661268965826309,0.6458409620550801
lr_est,variance_total,41,40.55,0.6637385075312581,0.6458409620550801
lr_est,variance_total,42,41.55,0.6634883022078678,0.6458409620550801
lr_est,variance_total,43,42.55,0.6627468231363205,0.6458409620550801
lr_est,variance_total,44,43.55,0.6628387477599872,0.6458409620550801
lr_est,variance_total,45,44.55,0.661301300485358,0.6458409620550801
lr_est,variance_total,46,45.49999999999999,0.660432858062205,0.6458409620550801
lr_est,variance_total,47,46.5,0.6610501434347115,0.6458409620550801
lr_est,variance_total,48,47.5,0.6596251953426784,0.6458409620550801
lr_est,variance_total,49,48.5,0.6571400857119555,0.6458409620550801
lr_est,variance_total,50,49.5,0.6568912515912292,0.6458409620550801
lr_est,variance_total,51,50.449999999999996,0.655475446042023,0.6458409620550801
lr_est,variance_total,52,51.449999999999996,0.6546520682790343,0.6458409620550801
lr_est,variance_total,53,52.449999999999996,0.6525279920249685,0.6458409620550801
lr_est,variance_total,54,53.449999999999996,0.6528508580666662,0.6458409620550801
lr_est,variance_total,55,54.449999999999996,0.6518914096820907,0.6458409620550801
lr_est,variance_total,56,55.400000000000006,0.6515510444093221,0.6458409620550801
lr_est,variance_total,57,56.400000000000006,0.6519219449716076,0.6458409620550801
lr_est,variance_total,58,57.400000000000006,0.6489276964367491,0.6458409620550801
lr_est,variance_total,59,58.400000000000006,0.6484949154901297,0.6458409620550801
lr_est,variance_total,60,59.4,0.6496792868559507,0.6458409620550801
lr_est,variance_total,61,60.349999999999994,0.6478551824584116,0.6458409620550801
lr_est,variance_total,62,61.349999999999994,0.6468724805544881,0.6458409620550801
lr_est,variance_total,63,62.349999999999994,0.6476137232185503,0.6458409620550801
lr_est,variance_total,64,63.349999999999994,0.647732371806092,0.6458409620550801
lr_est,variance_total,65,64.35,0.6434604473807348,0.6458409620550801
lr_est,variance_total,66,65.3,0.6417221344833213,0.6458409620550801
lr_est,variance_total,67,66.3,0.640295372719655,0.6458409620550801
lr_est,variance_total,68,67.30000000000001,0.6386007855102075,0.6458409620550801
lr_est,variance_total,69,68.30000000000001,0.6395482366738305,0.6458409620550801
lr_est,variance_total,70,69.30000000000001,0.6375178595887778,0.6458409620550801
lr_est,variance_total,71,70.25,0.6344046579517919,0.6458409620550801
lr_est,variance_total,72,71.25,0.6363168282607525,0.6458409620550801
lr_est,variance_total,73,72.24999999999999,0.6339877971405385,0.6458409620550801
lr_est,variance_total,74,73.25,0.6334080838890701,0.6458409620550801
lr_est,variance_total,75,74.25,0.6321387483627242,0.6458409620550801
lr_est,variance_total,76,75.2,0.6343621625336623,0.6458409620550801
lr_est,variance_total,77,76.2,0.6344377012423165,0.6458409620550801
lr_est,variance_total,78,77.2,0.6344425261846982,0.6458409620550801
lr_est,variance_total,79,78.2,0.635725549368047,0.6458409620550801
lr_est,variance_total,80,79.2,0.6354097140622554,0.6458409620550801
lr_est,variance_total,81,80.15,0.6380091614307378,0.6458409620550801
lr_est,variance_total,82,81.15,0.6383759958800242,0.6458409620550801
lr_est,variance_total,83,82.15,0.6395366310453034,0.6458409620550801
lr_est,variance_total,84,83.15,0.6395537578241358,0.6458409620550801
lr_est,variance_total,85,84.15,0.6355678360213662,0.6458409620550801
lr_est,variance_total,86,85.1,0.6341314283609968,0.6458409620550801
lr_est,variance_total,87,86.1,0.6366040965852632,0.6458409620550801
lr_est,variance_total,88,87.1,0.6356914381019105,0.6458409620550801
lr_est,variance_total,89,88.1,0.6387347486681946,0.6458409620550801
lr_est,variance_total,90,89.1,0.6415287390655842,0.6458409620550801
lr_est,variance_total,91,90.05,0.6443843314019635,0.6458409620550801
lr_est,variance_total,92,91.05,0.6409096418845102,0.6458409620550801
lr_est,variance_total,93,92.05,0.642389902101896,0.6458409620550801
lr_est,variance_total,94,93.05,0.6431017772926501,0.6458409620550801
lr_est,variance_total,95,94.05,0.6453695123301566,0.6458409620550801
lr_est,variance_total,96,95.0,0.6388738771273414,0.6458409620550801
lr_est,variance_total,97,96.0,0.6454067359058399,0.6458409620550801
lr_est,variance_total,98,97.0,0.6496651661515946,0.6458409620550801
lr_est,variance_total,99,98.0,0.6340063544867448,0.6458409620550801
lr_est,variance_total,100,99.0,0.6404183743515918,0.6458409620550801
lr_est,variance_aleatoric,0,0.0,0.6555172433413187,0.6488003272500225
lr_est,variance_aleatoric,1,0.9499999999999953,0.6560901722558223,0.6488003272500225
lr_est,variance_aleatoric,2,1.9499999999999962,0.6566838243473383,0.6488003272500225
lr_est,variance_aleatoric,3,2.949999999999997,0.6564562323424036,0.6488003272500225
lr_est,variance_aleatoric,4,3.949999999999998,0.6568570687485231,0.6488003272500225
lr_est,variance_aleatoric,5,4.949999999999999,0.6569351231987308,0.6488003272500225
lr_est,variance_aleatoric,6,5.900000000000006,0.6572572353463476,0.6488003272500225
lr_est,variance_aleatoric,7,6.899999999999995,0.6576566680546563,0.6488003272500225
lr_est,variance_aleatoric,8,7.899999999999996,0.6579781767480423,0.6488003272500225
lr_est,variance_aleatoric,9,8.899999999999997,0.6577092054617958,0.6488003272500225
lr_est,variance_aleatoric,10,9.899999999999999,0.6578700660110298,0.6488003272500225
lr_est,variance_aleatoric,11,10.850000000000005,0.6578281506349652,0.6488003272500225
lr_est,variance_aleatoric,12,11.850000000000005,0.6592529526718465,0.6488003272500225
lr_est,variance_aleatoric,13,12.849999999999994,0.6594036429861089,0.6488003272500225
lr_est,variance_aleatoric,14,13.849999999999996,0.6589953868766966,0.6488003272500225
lr_est,variance_aleatoric,15,14.849999999999996,0.6593565284133569,0.6488003272500225
lr_est,variance_aleatoric,16,15.800000000000002,0.659646576260134,0.6488003272500225
lr_est,variance_aleatoric,17,16.800000000000004,0.6599641993791087,0.6488003272500225
lr_est,variance_aleatoric,18,17.800000000000004,0.6603840546534594,0.6488003272500225
lr_est,variance_aleatoric,19,18.799999999999994,0.6619698974337793,0.6488003272500225
lr_est,variance_aleatoric,20,19.799999999999997,0.6627675777538519,0.6488003272500225
lr_est,variance_aleatoric,21,20.75,0.6632365878406963,0.6488003272500225
lr_est,variance_aleatoric,22,21.750000000000004,0.6638965361946385,0.6488003272500225
lr_est,variance_aleatoric,23,22.750000000000004,0.6644605379658464,0.6488003272500225
lr_est,variance_aleatoric,24,23.750000000000004,0.6652836257907992,0.6488003272500225
lr_est,variance_aleatoric,25,24.750000000000007,0.665551151566828,0.6488003272500225
lr_est,variance_aleatoric,26,25.7,0.6664447935239632,0.6488003272500225
lr_est,variance_aleatoric,27,26.700000000000003,0.6671021474485854,0.6488003272500225
lr_est,variance_aleatoric,28,27.700000000000003,0.6681456975045095,0.6488003272500225
lr_est,variance_aleatoric,29,28.700000000000003,0.6680391152015691,0.6488003272500225
lr_est,variance_aleatoric,30,29.700000000000003,0.6683382485932873,0.6488003272500225
lr_est,variance_aleatoric,31,30.65,0.6688049526603543,0.6488003272500225
lr_est,variance_aleatoric,32,31.65,0.6700558955960326,0.6488003272500225
lr_est,variance_aleatoric,33,32.65,0.6697327813039325,0.6488003272500225
lr_est,variance_aleatoric,34,33.650000000000006,0.6706561938676968,0.6488003272500225
lr_est,variance_aleatoric,35,34.650000000000006,0.6712861019802921,0.6488003272500225
lr_est,variance_aleatoric,36,35.6,0.6695710661134437,0.6488003272500225
lr_est,variance_aleatoric,37,36.6,0.6698459013861345,0.6488003272500225
lr_est,variance_aleatoric,38,37.6,0.669383191179676,0.6488003272500225
lr_est,variance_aleatoric,39,38.6,0.6666429964367865,0.6488003272500225
lr_est,variance_aleatoric,40,39.6,0.6661268965826309,0.6488003272500225
lr_est,variance_aleatoric,41,40.55,0.6637385075312581,0.6488003272500225
lr_est,variance_aleatoric,42,41.55,0.6634883022078678,0.6488003272500225
lr_est,variance_aleatoric,43,42.55,0.6627468231363205,0.6488003272500225
lr_est,variance_aleatoric,44,43.55,0.6628387477599872,0.6488003272500225
lr_est,variance_aleatoric,45,44.55,0.661301300485358,0.6488003272500225
lr_est,variance_aleatoric,46,45.49999999999999,0.660432858062205,0.6488003272500225
lr_est,variance_aleatoric,47,46.5,0.6610501434347115,0.6488003272500225
lr_est,variance_aleatoric,48,47.5,0.6596251953426784,0.6488003272500225
lr_est,variance_aleatoric,49,48.5,0.6571400857119555,0.6488003272500225
lr_est,variance_aleatoric,50,49.5,0.6568912515912292,0.6488003272500225
lr_est,variance_aleatoric,51,50.449999999999996,0.655475446042023,0.6488003272500225
lr_est,variance_aleatoric,52,51.449999999999996,0.6546520682790343,0.6488003272500225
lr_est,variance_aleatoric,53,52.449999999999996,0.6525279920249685,0.6488003272500225
lr_est,variance_aleatoric,54,53.449999999999996,0.6528508580666662,0.6488003272500225
lr_est,variance_aleatoric,55,54.449999999999996,0.6518914096820907,0.6488003272500225
lr_est,variance_aleatoric,56,55.400000000000006,0.6515510444093221,0.6488003272500225
lr_est,variance_aleatoric,57,56.400000000000006,0.6519219449716075,0.6488003272500225
lr_est,variance_aleatoric,58,57.400000000000006,0.6489276964367491,0.6488003272500225
lr_est,variance_aleatoric,59,58.400000000000006,0.6484949154901297,0.6488003272500225
lr_est,variance_aleatoric,60,59.4,0.6496792868559507,0.6488003272500225
lr_est,variance_aleatoric,61,60.349999999999994,0.6478551824584116,0.6488003272500225
lr_est,variance_aleatoric,62,61.349999999999994,0.6468724805544881,0.6488003272500225
lr_est,variance_aleatoric,63,62.349999999999994,0.6476137232185503,0.6488003272500225
lr_est,variance_aleatoric,64,63.349999999999994,0.647732371806092,0.6488003272500225
lr_est,variance_aleatoric,65,64.35,0.6434604473807348,0.6488003272500225
lr_est,variance_aleatoric,66,65.3,0.6394132809465016,0.6488003272500225
lr_est,variance_aleatoric,67,66.3,0.6394409716715963,0.6488003272500225
lr_est,variance_aleatoric,68,67.30000000000001,0.6373251820571413,0.6488003272500225
lr_est,variance_aleatoric,69,68.30000000000001,0.6374936973045886,0.6488003272500225
lr_est,variance_aleatoric,70,69.30000000000001,0.6402291753668508,0.6488003272500225
lr_est,variance_aleatoric,71,70.25,0.640577990476527,0.6488003272500225
lr_est,variance_aleatoric,72,71.25,0.6436866973940689,0.6488003272500225
lr_est,variance_aleatoric,73,72.24999999999999,0.6425367197232468,0.6488003272500225
lr_est,variance_aleatoric,74,73.25,0.6424765857102948,0.6488003272500225
lr_est,variance_aleatoric,75,74.25,0.6454790346986923,0.6488003272500225
lr_est,variance_aleatoric,76,75.2,0.6436125782157776,0.6488003272500225
lr_est,variance_aleatoric,77,76.2,0.6437544512331187,0.6488003272500225
lr_est,variance_aleatoric,78,77.2,0.6439923147744897,0.6488003272500225
lr_est,variance_aleatoric,79,78.2,0.6440704232401255,0.6488003272500225
lr_est,variance_aleatoric,80,79.2,0.6456932343552056,0.6488003272500225
lr_est,variance_aleatoric,81,80.15,0.6447395189459649,0.6488003272500225
lr_est,variance_aleatoric,82,81.15,0.6435462722945071,0.6488003272500225
lr_est,variance_aleatoric,83,82.15,0.6432160975341061,0.6488003272500225
lr_est,variance_aleatoric,84,83.15,0.6451180863819326,0.6488003272500225
lr_est,variance_aleatoric,85,84.15,0.6445066677383935,0.6488003272500225
lr_est,variance_aleatoric,86,85.1,0.6457499005437751,0.6488003272500225
lr_est,variance_aleatoric,87,86.1,0.6491122706441557,0.6488003272500225
lr_est,variance_aleatoric,88,87.1,0.6513840826583462,0.6488003272500225
lr_est,variance_aleatoric,89,88.1,0.6535024936045242,0.6488003272500225
lr_est,variance_aleatoric,90,89.1,0.6507150595414972,0.6488003272500225
lr_est,variance_aleatoric,91,90.05,0.6511816152965724,0.6488003272500225
lr_est,variance_aleatoric,92,91.05,0.6522662771377207,0.6488003272500225
lr_est,variance_aleatoric,93,92.05,0.6533371459270565,0.6488003272500225
lr_est,variance_aleatoric,94,93.05,0.6592094806565392,0.6488003272500225
lr_est,variance_aleatoric,95,94.05,0.6606684763387088,0.6488003272500225
lr_est,variance_aleatoric,96,95.0,0.6609413468468963,0.6488003272500225
lr_est,variance_aleatoric,97,96.0,0.6502517643524938,0.6488003272500225
lr_est,variance_aleatoric,98,97.0,0.6575577425051755,0.6488003272500225
lr_est,variance_aleatoric,99,98.0,0.6580735417577699,0.6488003272500225
lr_est,variance_aleatoric,100,99.0,0.6368940226966137,0.6488003272500225
lr_est,variance_epistemic,0,0.0,0.6555172433413187,0.6385396251109641
lr_est,variance_epistemic,1,0.9499999999999953,0.6557207714476037,0.6385396251109641
lr_est,variance_epistemic,2,1.9499999999999962,0.6561141789728415,0.6385396251109641
lr_est,variance_epistemic,3,2.949999999999997,0.6561319948835725,0.6385396251109641
lr_est,variance_epistemic,4,3.949999999999998,0.6566238683355375,0.6385396251109641
lr_est,variance_epistemic,5,4.949999999999999,0.6561272096892105,0.6385396251109641
lr_est,variance_epistemic,6,5.900000000000006,0.6564861351093484,0.6385396251109641
lr_est,variance_epistemic,7,6.899999999999995,0.6565964216355178,0.6385396251109641
lr_est,variance_epistemic,8,7.899999999999996,0.6572081458057808,0.6385396251109641
lr_est,variance_epistemic,9,8.899999999999997,0.6576762516732361,0.6385396251109641
lr_est,variance_epistemic,10,9.899999999999999,0.6573059043579026,0.6385396251109641
lr_est,variance_epistemic,11,10.850000000000005,0.657122963066345,0.6385396251109641
lr_est,variance_epistemic,12,11.850000000000005,0.6572266974285457,0.6385396251109641
lr_est,variance_epistemic,13,12.849999999999994,0.6572047365609698,0.6385396251109641
lr_est,variance_epistemic,14,13.849999999999996,0.6577923696376017,0.6385396251109641
lr_est,variance_epistemic,15,14.849999999999996,0.657912951690274,0.6385396251109641
lr_est,variance_epistemic,16,15.800000000000002,0.6576127162938027,0.6385396251109641
lr_est,variance_epistemic,17,16.800000000000004,0.6579047608694684,0.6385396251109641
lr_est,variance_epistemic,18,17.800000000000004,0.6583312984020584,0.6385396251109641
lr_est,variance_epistemic,19,18.799999999999994,0.6581768836391684,0.6385396251109641
lr_est,variance_epistemic,20,19.799999999999997,0.6584509497634299,0.6385396251109641
lr_est,variance_epistemic,21,20.75,0.6594956928604437,0.6385396251109641
lr_est,variance_epistemic,22,21.750000000000004,0.6609835123624163,0.6385396251109641
lr_est,variance_epistemic,23,22.750000000000004,0.6606534701054219,0.6385396251109641
lr_est,variance_epistemic,24,23.750000000000004,0.6606142193667554,0.6385396251109641
lr_est,variance_epistemic,25,24.750000000000007,0.6604853964790499,0.6385396251109641
lr_est,variance_epistemic,26,25.7,0.6604409736319378,0.6385396251109641
lr_est,variance_epistemic,27,26.700000000000003,0.6597817086505693,0.6385396251109641
lr_est,variance_epistemic,28,27.700000000000003,0.6599277548707523,0.6385396251109641
lr_est,variance_epistemic,29,28.700000000000003,0.6595803473276114,0.6385396251109641
lr_est,variance_epistemic,30,29.700000000000003,0.6600604960013696,0.6385396251109641
lr_est,variance_epistemic,31,30.65,0.6596688321993837,0.6385396251109641
lr_est,variance_epistemic,32,31.65,0.6588041860987278,0.6385396251109641
lr_est,variance_epistemic,33,32.65,0.6576974813537144,0.6385396251109641
lr_est,variance_epistemic,34,33.650000000000006,0.6577848196942467,0.6385396251109641
lr_est,variance_epistemic,35,34.650000000000006,0.6564423656377993,0.6385396251109641
lr_est,variance_epistemic,36,35.6,0.6549012530239098,0.6385396251109641
lr_est,variance_epistemic,37,36.6,0.6547586093716625,0.6385396251109641
lr_est,variance_epistemic,38,37.6,0.6533229599151669,0.6385396251109641
lr_est,variance_epistemic,39,38.6,0.6509848699214615,0.6385396251109641
lr_est,variance_epistemic,40,39.6,0.6502027959042193,0.6385396251109641
lr_est,variance_epistemic,41,40.55,0.6507325795192827,0.6385396251109641
lr_est,variance_epistemic,42,41.55,0.6503857061565879,0.6385396251109641
lr_est,variance_epistemic,43,42.55,0.6490451988891008,0.6385396251109641
lr_est,variance_epistemic,44,43.55,0.6482874186007466,0.6385396251109641
lr_est,variance_epistemic,45,44.55,0.6478418547024434,0.6385396251109641
lr_est,variance_epistemic,46,45.49999999999999,0.6469993752421053,0.6385396251109641
lr_est,variance_epistemic,47,46.5,0.6489268323006533,0.6385396251109641
lr_est,variance_epistemic,48,47.5,0.6467276632806247,0.6385396251109641
lr_est,variance_epistemic,49,48.5,0.645527444039704,0.6385396251109641
lr_est,variance_epistemic,50,49.5,0.6447998719304906,0.6385396251109641
lr_est,variance_epistemic,51,50.449999999999996,0.6450929370949925,0.6385396251109641
lr_est,variance_epistemic,52,51.449999999999996,0.644526807783937,0.6385396251109641
lr_est,variance_epistemic,53,52.449999999999996,0.6443891094331018,0.6385396251109641
lr_est,variance_epistemic,54,53.449999999999996,0.6437830295844857,0.6385396251109641
lr_est,variance_epistemic,55,54.449999999999996,0.6427230428118785,0.6385396251109641
lr_est,variance_epistemic,56,55.400000000000006,0.641794389243108,0.6385396251109641
lr_est,variance_epistemic,57,56.400000000000006,0.6405636522382646,0.6385396251109641
lr_est,variance_epistemic,58,57.400000000000006,0.640044684483902,0.6385396251109641
lr_est,variance_epistemic,59,58.400000000000006,0.6382074446066076,0.6385396251109641
lr_est,variance_epistemic,60,59.4,0.6377048452420964,0.6385396251109641
lr_est,variance_epistemic,61,60.349999999999994,0.6386439515727615,0.6385396251109641
lr_est,variance_epistemic,62,61.349999999999994,0.6392172566109946,0.6385396251109641
lr_est,variance_epistemic,63,62.349999999999994,0.637095710076447,0.6385396251109641
lr_est,variance_epistemic,64,63.349999999999994,0.6358401009860896,0.6385396251109641
lr_est,variance_epistemic,65,64.35,0.6329410403785086,0.6385396251109641
lr_est,variance_epistemic,66,65.3,0.6335595233088187,0.6385396251109641
lr_est,variance_epistemic,67,66.3,0.6307728907376013,0.6385396251109641
lr_est,variance_epistemic,68,67.30000000000001,0.6317153223844649,0.6385396251109641
lr_est,variance_epistemic,69,68.30000000000001,0.6309623181982712,0.6385396251109641
lr_est,variance_epistemic,70,69.30000000000001,0.6305651388956259,0.6385396251109641
lr_est,variance_epistemic,71,70.25,0.6273892716041862,0.6385396251109641
lr_est,variance_epistemic,72,71.25,0.6272272159619259,0.6385396251109641
lr_est,variance_epistemic,73,72.24999999999999,0.6290781026646093,0.6385396251109641
lr_est,variance_epistemic,74,73.25,0.6295229727863816,0.6385396251109641
lr_est,variance_epistemic,75,74.25,0.629007382528908,0.6385396251109641
lr_est,variance_epistemic,76,75.2,0.6276219504175643,0.6385396251109641
lr_est,variance_epistemic,77,76.2,0.6271492280510442,0.6385396251109641
lr_est,variance_epistemic,78,77.2,0.6262647794012633,0.6385396251109641
lr_est,variance_epistemic,79,78.2,0.6272754458096984,0.6385396251109641
lr_est,variance_epistemic,80,79.2,0.6266868005637876,0.6385396251109641
lr_est,variance_epistemic,81,80.15,0.6278074354547057,0.6385396251109641
lr_est,variance_epistemic,82,81.15,0.6306307581262682,0.6385396251109641
lr_est,variance_epistemic,83,82.15,0.6283102928025827,0.6385396251109641
lr_est,variance_epistemic,84,83.15,0.6314752166238952,0.6385396251109641
lr_est,variance_epistemic,85,84.15,0.6293556423682494,0.6385396251109641
lr_est,variance_epistemic,86,85.1,0.627485562262381,0.6385396251109641
lr_est,variance_epistemic,87,86.1,0.6266605086700986,0.6385396251109641
lr_est,variance_epistemic,88,87.1,0.6305557060951147,0.6385396251109641
lr_est,variance_epistemic,89,88.1,0.6332645927969193,0.6385396251109641
lr_est,variance_epistemic,90,89.1,0.6345463131156363,0.6385396251109641
lr_est,variance_epistemic,91,90.05,0.6327933492050696,0.6385396251109641
lr_est,variance_epistemic,92,91.05,0.6366231655899401,0.6385396251109641
lr_est,variance_epistemic,93,92.05,0.6360361251375167,0.6385396251109641
lr_est,variance_epistemic,94,93.05,0.6423590664041399,0.6385396251109641
lr_est,variance_epistemic,95,94.05,0.6335238514786041,0.6385396251109641
lr_est,variance_epistemic,96,95.0,0.6279846046439236,0.6385396251109641
lr_est,variance_epistemic,97,96.0,0.6387063600572108,0.6385396251109641
lr_est,variance_epistemic,98,97.0,0.6302894830284914,0.6385396251109641
lr_est,variance_epistemic,99,98.0,0.6377247468962226,0.6385396251109641
lr_est,variance_epistemic,100,99.0,0.6758014972178957,0.6385396251109641
lr_est,alpha_volume_total_5%,0,0.0,0.6555172433413187,0.648957373963532
lr_est,alpha_volume_total_5%,1,0.9499999999999953,0.6547011315667973,0.648957373963532
lr_est,alpha_volume_total_5%,2,1.9499999999999962,0.6542403829701761,0.648957373963532
lr_est,alpha_volume_total_5%,3,2.949999999999997,0.6539583591608308,0.648957373963532
lr_est,alpha_volume_total_5%,4,3.949999999999998,0.6545823822379958,0.648957373963532
lr_est,alpha_volume_total_5%,5,4.949999999999999,0.6533646273866476,0.648957373963532
lr_est,alpha_volume_total_5%,6,5.900000000000006,0.6538548521308902,0.648957373963532
lr_est,alpha_volume_total_5%,7,6.899999999999995,0.653091082962108,0.648957373963532
lr_est,alpha_volume_total_5%,8,7.899999999999996,0.6530103659371312,0.648957373963532
lr_est,alpha_volume_total_5%,9,8.899999999999997,0.653057330438209,0.648957373963532
lr_est,alpha_volume_total_5%,10,9.899999999999999,0.6527764660958778,0.648957373963532
lr_est,alpha_volume_total_5%,11,10.850000000000005,0.6528249569679238,0.648957373963532
lr_est,alpha_volume_total_5%,12,11.850000000000005,0.6534489201871087,0.648957373963532
lr_est,alpha_volume_total_5%,13,12.849999999999994,0.6529938296345279,0.648957373963532
lr_est,alpha_volume_total_5%,14,13.849999999999996,0.6528235641200812,0.648957373963532
lr_est,alpha_volume_total_5%,15,14.849999999999996,0.6533905752895863,0.648957373963532
lr_est,alpha_volume_total_5%,16,15.800000000000002,0.653459066384703,0.648957373963532
lr_est,alpha_volume_total_5%,17,16.800000000000004,0.6530035052984805,0.648957373963532
lr_est,alpha_volume_total_5%,18,17.800000000000004,0.6527766126442113,0.648957373963532
lr_est,alpha_volume_total_5%,19,18.799999999999994,0.6535032197624773,0.648957373963532
lr_est,alpha_volume_total_5%,20,19.799999999999997,0.6534052987596846,0.648957373963532
lr_est,alpha_volume_total_5%,21,20.75,0.6539757102594675,0.648957373963532
lr_est,alpha_volume_total_5%,22,21.750000000000004,0.6535778312083929,0.648957373963532
lr_est,alpha_volume_total_5%,23,22.750000000000004,0.6538575649540401,0.648957373963532
lr_est,alpha_volume_total_5%,24,23.750000000000004,0.6537859284605613,0.648957373963532
lr_est,alpha_volume_total_5%,25,24.750000000000007,0.6549144426791484,0.648957373963532
lr_est,alpha_volume_total_5%,26,25.7,0.6557264245373204,0.648957373963532
lr_est,alpha_volume_total_5%,27,26.700000000000003,0.6544603299946512,0.648957373963532
lr_est,alpha_volume_total_5%,28,27.700000000000003,0.6552277467988901,0.648957373963532
lr_est,alpha_volume_total_5%,29,28.700000000000003,0.65511782905818,0.648957373963532
lr_est,alpha_volume_total_5%,30,29.700000000000003,0.6563332062905458,0.648957373963532
lr_est,alpha_volume_total_5%,31,30.65,0.6562834877996769,0.648957373963532
lr_est,alpha_volume_total_5%,32,31.65,0.6569377948053059,0.648957373963532
lr_est,alpha_volume_total_5%,33,32.65,0.6568246087367788,0.648957373963532
lr_est,alpha_volume_total_5%,34,33.650000000000006,0.6563378750084295,0.648957373963532
lr_est,alpha_volume_total_5%,35,34.650000000000006,0.6561202860094358,0.648957373963532
lr_est,alpha_volume_total_5%,36,35.6,0.6557773208901989,0.648957373963532
lr_est,alpha_volume_total_5%,37,36.6,0.6555657574255225,0.648957373963532
lr_est,alpha_volume_total_5%,38,37.6,0.6552063688147596,0.648957373963532
lr_est,alpha_volume_total_5%,39,38.6,0.6560464739882673,0.648957373963532
lr_est,alpha_volume_total_5%,40,39.6,0.655558189078948,0.648957373963532
lr_est,alpha_volume_total_5%,41,40.55,0.6558162792098546,0.648957373963532
lr_est,alpha_volume_total_5%,42,41.55,0.6550980920531503,0.648957373963532
lr_est,alpha_volume_total_5%,43,42.55,0.655794442168959,0.648957373963532
lr_est,alpha_volume_total_5%,44,43.55,0.6557513191866635,0.648957373963532
lr_est,alpha_volume_total_5%,45,44.55,0.6561054574249757,0.648957373963532
lr_est,alpha_volume_total_5%,46,45.49999999999999,0.6567743651149833,0.648957373963532
lr_est,alpha_volume_total_5%,47,46.5,0.6574278287372577,0.648957373963532
lr_est,alpha_volume_total_5%,48,47.5,0.6583973449084017,0.648957373963532
lr_est,alpha_volume_total_5%,49,48.5,0.6574342226260946,0.648957373963532
lr_est,alpha_volume_total_5%,50,49.5,0.6570310062917504,0.648957373963532
lr_est,alpha_volume_total_5%,51,50.449999999999996,0.6559178858137459,0.648957373963532
lr_est,alpha_volume_total_5%,52,51.449999999999996,0.6558776820377512,0.648957373963532
lr_est,alpha_volume_total_5%,53,52.449999999999996,0.6556155566755802,0.648957373963532
lr_est,alpha_volume_total_5%,54,53.449999999999996,0.6550222089985842,0.648957373963532
lr_est,alpha_volume_total_5%,55,54.449999999999996,0.6563608947652767,0.648957373963532
lr_est,alpha_volume_total_5%,56,55.400000000000006,0.6563159681980854,0.648957373963532
lr_est,alpha_volume_total_5%,57,56.400000000000006,0.6580437992918456,0.648957373963532
lr_est,alpha_volume_total_5%,58,57.400000000000006,0.657290360982915,0.648957373963532
lr_est,alpha_volume_total_5%,59,58.400000000000006,0.6575776469301575,0.648957373963532
lr_est,alpha_volume_total_5%,60,59.4,0.6588770482946333,0.648957373963532
lr_est,alpha_volume_total_5%,61,60.349999999999994,0.6595679344024592,0.648957373963532
lr_est,alpha_volume_total_5%,62,61.349999999999994,0.6587577658195294,0.648957373963532
lr_est,alpha_volume_total_5%,63,62.349999999999994,0.6598358487402967,0.648957373963532
lr_est,alpha_volume_total_5%,64,63.349999999999994,0.6603881892696604,0.648957373963532
lr_est,alpha_volume_total_5%,65,64.35,0.6623972903562539,0.648957373963532
lr_est,alpha_volume_total_5%,66,65.3,0.6618080454538423,0.648957373963532
lr_est,alpha_volume_total_5%,67,66.3,0.6624043531150688,0.648957373963532
lr_est,alpha_volume_total_5%,68,67.30000000000001,0.6624778013032051,0.648957373963532
lr_est,alpha_volume_total_5%,69,68.30000000000001,0.6643582425533604,0.648957373963532
lr_est,alpha_volume_total_5%,70,69.30000000000001,0.6627179718645748,0.648957373963532
lr_est,alpha_volume_total_5%,71,70.25,0.6616292499061098,0.648957373963532
lr_est,alpha_volume_total_5%,72,71.25,0.6611497233579626,0.648957373963532
lr_est,alpha_volume_total_5%,73,72.24999999999999,0.6602592452732048,0.648957373963532
lr_est,alpha_volume_total_5%,74,73.25,0.6604456730487691,0.648957373963532
lr_est,alpha_volume_total_5%,75,74.25,0.6593301583442305,0.648957373963532
lr_est,alpha_volume_total_5%,76,75.2,0.6573564263395337,0.648957373963532
lr_est,alpha_volume_total_5%,77,76.2,0.6570516687329994,0.648957373963532
lr_est,alpha_volume_total_5%,78,77.2,0.6517396969327411,0.648957373963532
lr_est,alpha_volume_total_5%,79,78.2,0.6550599553405557,0.648957373963532
lr_est,alpha_volume_total_5%,80,79.2,0.6558937753585518,0.648957373963532
lr_est,alpha_volume_total_5%,81,80.15,0.6566669617332204,0.648957373963532
lr_est,alpha_volume_total_5%,82,81.15,0.6575708406582337,0.648957373963532
lr_est,alpha_volume_total_5%,83,82.15,0.6563489772557143,0.648957373963532
lr_est,alpha_volume_total_5%,84,83.15,0.6549937332892364,0.648957373963532
lr_est,alpha_volume_total_5%,85,84.15,0.651451042173808,0.648957373963532
lr_est,alpha_volume_total_5%,86,85.1,0.6548758753331823,0.648957373963532
lr_est,alpha_volume_total_5%,87,86.1,0.6472378657186502,0.648957373963532
lr_est,alpha_volume_total_5%,88,87.1,0.6450724869532186,0.648957373963532
lr_est,alpha_volume_total_5%,89,88.1,0.6416655310891494,0.648957373963532
lr_est,alpha_volume_total_5%,90,89.1,0.6381589838321322,0.648957373963532
lr_est,alpha_volume_total_5%,91,90.05,0.6374979220654546,0.648957373963532
lr_est,alpha_volume_total_5%,92,91.05,0.6361382988735601,0.648957373963532
lr_est,alpha_volume_total_5%,93,92.05,0.6387483827904074,0.648957373963532
lr_est,alpha_volume_total_5%,94,93.05,0.6415522322535716,0.648957373963532
lr_est,alpha_volume_total_5%,95,94.05,0.6440191238545206,0.648957373963532
lr_est,alpha_volume_total_5%,96,95.0,0.6529149356457723,0.648957373963532
lr_est,alpha_volume_total_5%,97,96.0,0.650270303839917,0.648957373963532
lr_est,alpha_volume_total_5%,98,97.0,0.6669568490465041,0.648957373963532
lr_est,alpha_volume_total_5%,99,98.0,0.7052160244100506,0.648957373963532
lr_est,alpha_volume_total_5%,100,99.0,0.6849979381796477,0.648957373963532
lr_est,alpha_volume_aleatoric_5%,0,0.0,0.6555172433413187,0.648957373963532
lr_est,alpha_volume_aleatoric_5%,1,0.9499999999999953,0.6547011315667973,0.648957373963532
lr_est,alpha_volume_aleatoric_5%,2,1.9499999999999962,0.6542403829701761,0.648957373963532
lr_est,alpha_volume_aleatoric_5%,3,2.949999999999997,0.6539583591608308,0.648957373963532
lr_est,alpha_volume_aleatoric_5%,4,3.949999999999998,0.6545823822379958,0.648957373963532
lr_est,alpha_volume_aleatoric_5%,5,4.949999999999999,0.6533646273866476,0.648957373963532
lr_est,alpha_volume_aleatoric_5%,6,5.900000000000006,0.6538548521308902,0.648957373963532
lr_est,alpha_volume_aleatoric_5%,7,6.899999999999995,0.653091082962108,0.648957373963532
lr_est,alpha_volume_aleatoric_5%,8,7.899999999999996,0.6530103659371312,0.648957373963532
lr_est,alpha_volume_aleatoric_5%,9,8.899999999999997,0.653057330438209,0.648957373963532
lr_est,alpha_volume_aleatoric_5%,10,9.899999999999999,0.6527764660958778,0.648957373963532
lr_est,alpha_volume_aleatoric_5%,11,10.850000000000005,0.6528249569679238,0.648957373963532
lr_est,alpha_volume_aleatoric_5%,12,11.850000000000005,0.6534489201871087,0.648957373963532
lr_est,alpha_volume_aleatoric_5%,13,12.849999999999994,0.6529938296345279,0.648957373963532
lr_est,alpha_volume_aleatoric_5%,14,13.849999999999996,0.6528235641200812,0.648957373963532
lr_est,alpha_volume_aleatoric_5%,15,14.849999999999996,0.6533905752895863,0.648957373963532
lr_est,alpha_volume_aleatoric_5%,16,15.800000000000002,0.653459066384703,0.648957373963532
lr_est,alpha_volume_aleatoric_5%,17,16.800000000000004,0.6530035052984805,0.648957373963532
lr_est,alpha_volume_aleatoric_5%,18,17.800000000000004,0.6527766126442113,0.648957373963532
lr_est,alpha_volume_aleatoric_5%,19,18.799999999999994,0.6535032197624773,0.648957373963532
lr_est,alpha_volume_aleatoric_5%,20,19.799999999999997,0.6534052987596846,0.648957373963532
lr_est,alpha_volume_aleatoric_5%,21,20.75,0.6539757102594675,0.648957373963532
lr_est,alpha_volume_aleatoric_5%,22,21.750000000000004,0.6535778312083929,0.648957373963532
lr_est,alpha_volume_aleatoric_5%,23,22.750000000000004,0.6538575649540401,0.648957373963532
lr_est,alpha_volume_aleatoric_5%,24,23.750000000000004,0.6537859284605613,0.648957373963532
lr_est,alpha_volume_aleatoric_5%,25,24.750000000000007,0.6549144426791484,0.648957373963532
lr_est,alpha_volume_aleatoric_5%,26,25.7,0.6557264245373204,0.648957373963532
lr_est,alpha_volume_aleatoric_5%,27,26.700000000000003,0.6544603299946512,0.648957373963532
lr_est,alpha_volume_aleatoric_5%,28,27.700000000000003,0.6552277467988901,0.648957373963532
lr_est,alpha_volume_aleatoric_5%,29,28.700000000000003,0.65511782905818,0.648957373963532
lr_est,alpha_volume_aleatoric_5%,30,29.700000000000003,0.6563332062905458,0.648957373963532
lr_est,alpha_volume_aleatoric_5%,31,30.65,0.6562834877996769,0.648957373963532
lr_est,alpha_volume_aleatoric_5%,32,31.65,0.6569377948053059,0.648957373963532
lr_est,alpha_volume_aleatoric_5%,33,32.65,0.6568246087367788,0.648957373963532
lr_est,alpha_volume_aleatoric_5%,34,33.650000000000006,0.6563378750084295,0.648957373963532
lr_est,alpha_volume_aleatoric_5%,35,34.650000000000006,0.6561202860094358,0.648957373963532
lr_est,alpha_volume_aleatoric_5%,36,35.6,0.6557773208901989,0.648957373963532
lr_est,alpha_volume_aleatoric_5%,37,36.6,0.6555657574255225,0.648957373963532
lr_est,alpha_volume_aleatoric_5%,38,37.6,0.6552063688147596,0.648957373963532
lr_est,alpha_volume_aleatoric_5%,39,38.6,0.6560464739882673,0.648957373963532
lr_est,alpha_volume_aleatoric_5%,40,39.6,0.655558189078948,0.648957373963532
lr_est,alpha_volume_aleatoric_5%,41,40.55,0.6558162792098546,0.648957373963532
lr_est,alpha_volume_aleatoric_5%,42,41.55,0.6550980920531503,0.648957373963532
lr_est,alpha_volume_aleatoric_5%,43,42.55,0.655794442168959,0.648957373963532
lr_est,alpha_volume_aleatoric_5%,44,43.55,0.6557513191866635,0.648957373963532
lr_est,alpha_volume_aleatoric_5%,45,44.55,0.6561054574249757,0.648957373963532
lr_est,alpha_volume_aleatoric_5%,46,45.49999999999999,0.6567743651149833,0.648957373963532
lr_est,alpha_volume_aleatoric_5%,47,46.5,0.6574278287372577,0.648957373963532
lr_est,alpha_volume_aleatoric_5%,48,47.5,0.6583973449084017,0.648957373963532
lr_est,alpha_volume_aleatoric_5%,49,48.5,0.6574342226260946,0.648957373963532
lr_est,alpha_volume_aleatoric_5%,50,49.5,0.6570310062917504,0.648957373963532
lr_est,alpha_volume_aleatoric_5%,51,50.449999999999996,0.6559178858137459,0.648957373963532
lr_est,alpha_volume_aleatoric_5%,52,51.449999999999996,0.6558776820377512,0.648957373963532
lr_est,alpha_volume_aleatoric_5%,53,52.449999999999996,0.6556155566755802,0.648957373963532
lr_est,alpha_volume_aleatoric_5%,54,53.449999999999996,0.6550222089985842,0.648957373963532
lr_est,alpha_volume_aleatoric_5%,55,54.449999999999996,0.6563608947652767,0.648957373963532
lr_est,alpha_volume_aleatoric_5%,56,55.400000000000006,0.6563159681980854,0.648957373963532
lr_est,alpha_volume_aleatoric_5%,57,56.400000000000006,0.6580437992918456,0.648957373963532
lr_est,alpha_volume_aleatoric_5%,58,57.400000000000006,0.657290360982915,0.648957373963532
lr_est,alpha_volume_aleatoric_5%,59,58.400000000000006,0.6575776469301575,0.648957373963532
lr_est,alpha_volume_aleatoric_5%,60,59.4,0.6588770482946333,0.648957373963532
lr_est,alpha_volume_aleatoric_5%,61,60.349999999999994,0.6595679344024592,0.648957373963532
lr_est,alpha_volume_aleatoric_5%,62,61.349999999999994,0.6587577658195294,0.648957373963532
lr_est,alpha_volume_aleatoric_5%,63,62.349999999999994,0.6598358487402967,0.648957373963532
lr_est,alpha_volume_aleatoric_5%,64,63.349999999999994,0.6603881892696604,0.648957373963532
lr_est,alpha_volume_aleatoric_5%,65,64.35,0.6623972903562539,0.648957373963532
lr_est,alpha_volume_aleatoric_5%,66,65.3,0.6618080454538423,0.648957373963532
lr_est,alpha_volume_aleatoric_5%,67,66.3,0.6624043531150688,0.648957373963532
lr_est,alpha_volume_aleatoric_5%,68,67.30000000000001,0.6624778013032051,0.648957373963532
lr_est,alpha_volume_aleatoric_5%,69,68.30000000000001,0.6643582425533604,0.648957373963532
lr_est,alpha_volume_aleatoric_5%,70,69.30000000000001,0.6627179718645748,0.648957373963532
lr_est,alpha_volume_aleatoric_5%,71,70.25,0.6616292499061098,0.648957373963532
lr_est,alpha_volume_aleatoric_5%,72,71.25,0.6611497233579626,0.648957373963532
lr_est,alpha_volume_aleatoric_5%,73,72.24999999999999,0.6602592452732048,0.648957373963532
lr_est,alpha_volume_aleatoric_5%,74,73.25,0.6604456730487691,0.648957373963532
lr_est,alpha_volume_aleatoric_5%,75,74.25,0.6593301583442305,0.648957373963532
lr_est,alpha_volume_aleatoric_5%,76,75.2,0.6573564263395337,0.648957373963532
lr_est,alpha_volume_aleatoric_5%,77,76.2,0.6570516687329994,0.648957373963532
lr_est,alpha_volume_aleatoric_5%,78,77.2,0.6517396969327411,0.648957373963532
lr_est,alpha_volume_aleatoric_5%,79,78.2,0.6550599553405557,0.648957373963532
lr_est,alpha_volume_aleatoric_5%,80,79.2,0.6558937753585518,0.648957373963532
lr_est,alpha_volume_aleatoric_5%,81,80.15,0.6566669617332204,0.648957373963532
lr_est,alpha_volume_aleatoric_5%,82,81.15,0.6575708406582337,0.648957373963532
lr_est,alpha_volume_aleatoric_5%,83,82.15,0.6563489772557143,0.648957373963532
lr_est,alpha_volume_aleatoric_5%,84,83.15,0.6549937332892364,0.648957373963532
lr_est,alpha_volume_aleatoric_5%,85,84.15,0.651451042173808,0.648957373963532
lr_est,alpha_volume_aleatoric_5%,86,85.1,0.6548758753331823,0.648957373963532
lr_est,alpha_volume_aleatoric_5%,87,86.1,0.6472378657186502,0.648957373963532
lr_est,alpha_volume_aleatoric_5%,88,87.1,0.6450724869532186,0.648957373963532
lr_est,alpha_volume_aleatoric_5%,89,88.1,0.6416655310891494,0.648957373963532
lr_est,alpha_volume_aleatoric_5%,90,89.1,0.6381589838321322,0.648957373963532
lr_est,alpha_volume_aleatoric_5%,91,90.05,0.6374979220654546,0.648957373963532
lr_est,alpha_volume_aleatoric_5%,92,91.05,0.6361382988735601,0.648957373963532
lr_est,alpha_volume_aleatoric_5%,93,92.05,0.6387483827904074,0.648957373963532
lr_est,alpha_volume_aleatoric_5%,94,93.05,0.6415522322535716,0.648957373963532
lr_est,alpha_volume_aleatoric_5%,95,94.05,0.6440191238545206,0.648957373963532
lr_est,alpha_volume_aleatoric_5%,96,95.0,0.6529149356457723,0.648957373963532
lr_est,alpha_volume_aleatoric_5%,97,96.0,0.650270303839917,0.648957373963532
lr_est,alpha_volume_aleatoric_5%,98,97.0,0.6669568490465041,0.648957373963532
lr_est,alpha_volume_aleatoric_5%,99,98.0,0.7052160244100506,0.648957373963532
lr_est,alpha_volume_aleatoric_5%,100,99.0,0.6849979381796477,0.648957373963532
lr_est,alpha_volume_epistemic_5%,0,0.0,0.6555172433413187,0.6725457215224909
lr_est,alpha_volume_epistemic_5%,1,0.9499999999999953,0.6558245519098342,0.6725457215224909
lr_est,alpha_volume_epistemic_5%,2,1.9499999999999962,0.6559045438674074,0.6725457215224909
lr_est,alpha_volume_epistemic_5%,3,2.949999999999997,0.6559104449523309,0.6725457215224909
lr_est,alpha_volume_epistemic_5%,4,3.949999999999998,0.6563082032182275,0.6725457215224909
lr_est,alpha_volume_epistemic_5%,5,4.949999999999999,0.6564634893040912,0.6725457215224909
lr_est,alpha_volume_epistemic_5%,6,5.900000000000006,0.6566319986240062,0.6725457215224909
lr_est,alpha_volume_epistemic_5%,7,6.899999999999995,0.6568363494743955,0.6725457215224909
lr_est,alpha_volume_epistemic_5%,8,7.899999999999996,0.656882599755203,0.6725457215224909
lr_est,alpha_volume_epistemic_5%,9,8.899999999999997,0.6567512679418352,0.6725457215224909
lr_est,alpha_volume_epistemic_5%,10,9.899999999999999,0.6567644732282328,0.6725457215224909
lr_est,alpha_volume_epistemic_5%,11,10.850000000000005,0.6567408484101642,0.6725457215224909
lr_est,alpha_volume_epistemic_5%,12,11.850000000000005,0.6573914822768934,0.6725457215224909
lr_est,alpha_volume_epistemic_5%,13,12.849999999999994,0.6581222016985582,0.6725457215224909
lr_est,alpha_volume_epistemic_5%,14,13.849999999999996,0.6577667525147332,0.6725457215224909
lr_est,alpha_volume_epistemic_5%,15,14.849999999999996,0.6577350557663233,0.6725457215224909
lr_est,alpha_volume_epistemic_5%,16,15.800000000000002,0.6575783448351811,0.6725457215224909
lr_est,alpha_volume_epistemic_5%,17,16.800000000000004,0.6581235197760587,0.6725457215224909
lr_est,alpha_volume_epistemic_5%,18,17.800000000000004,0.6578693523024453,0.6725457215224909
lr_est,alpha_volume_epistemic_5%,19,18.799999999999994,0.6586525822336738,0.6725457215224909
lr_est,alpha_volume_epistemic_5%,20,19.799999999999997,0.6594334587070447,0.6725457215224909
lr_est,alpha_volume_epistemic_5%,21,20.75,0.6592215472309633,0.6725457215224909
lr_est,alpha_volume_epistemic_5%,22,21.750000000000004,0.6599184845726175,0.6725457215224909
lr_est,alpha_volume_epistemic_5%,23,22.750000000000004,0.6599238213181139,0.6725457215224909
lr_est,alpha_volume_epistemic_5%,24,23.750000000000004,0.6598645460756967,0.6725457215224909
lr_est,alpha_volume_epistemic_5%,25,24.750000000000007,0.6605743119790866,0.6725457215224909
lr_est,alpha_volume_epistemic_5%,26,25.7,0.6610692311662616,0.6725457215224909
lr_est,alpha_volume_epistemic_5%,27,26.700000000000003,0.6609843087722133,0.6725457215224909
lr_est,alpha_volume_epistemic_5%,28,27.700000000000003,0.6612537686235009,0.6725457215224909
lr_est,alpha_volume_epistemic_5%,29,28.700000000000003,0.6617293040810167,0.6725457215224909
lr_est,alpha_volume_epistemic_5%,30,29.700000000000003,0.6633582631059081,0.6725457215224909
lr_est,alpha_volume_epistemic_5%,31,30.65,0.6636188734101087,0.6725457215224909
lr_est,alpha_volume_epistemic_5%,32,31.65,0.663682379630522,0.6725457215224909
lr_est,alpha_volume_epistemic_5%,33,32.65,0.6647925698176369,0.6725457215224909
lr_est,alpha_volume_epistemic_5%,34,33.650000000000006,0.6663284074495207,0.6725457215224909
lr_est,alpha_volume_epistemic_5%,35,34.650000000000006,0.6673794620461342,0.6725457215224909
lr_est,alpha_volume_epistemic_5%,36,35.6,0.6671887748777907,0.6725457215224909
lr_est,alpha_volume_epistemic_5%,37,36.6,0.6679105156144562,0.6725457215224909
lr_est,alpha_volume_epistemic_5%,38,37.6,0.668822888336936,0.6725457215224909
lr_est,alpha_volume_epistemic_5%,39,38.6,0.6699138461532391,0.6725457215224909
lr_est,alpha_volume_epistemic_5%,40,39.6,0.6712433071019897,0.6725457215224909
lr_est,alpha_volume_epistemic_5%,41,40.55,0.67111325005471,0.6725457215224909
lr_est,alpha_volume_epistemic_5%,42,41.55,0.6717424262624387,0.6725457215224909
lr_est,alpha_volume_epistemic_5%,43,42.55,0.6725649786776846,0.6725457215224909
lr_est,alpha_volume_epistemic_5%,44,43.55,0.6753420429029094,0.6725457215224909
lr_est,alpha_volume_epistemic_5%,45,44.55,0.6756923712069556,0.6725457215224909
lr_est,alpha_volume_epistemic_5%,46,45.49999999999999,0.675169856447065,0.6725457215224909
lr_est,alpha_volume_epistemic_5%,47,46.5,0.6763874008366966,0.6725457215224909
lr_est,alpha_volume_epistemic_5%,48,47.5,0.6761368208278772,0.6725457215224909
lr_est,alpha_volume_epistemic_5%,49,48.5,0.6764892281166024,0.6725457215224909
lr_est,alpha_volume_epistemic_5%,50,49.5,0.675811876234101,0.6725457215224909
lr_est,alpha_volume_epistemic_5%,51,50.449999999999996,0.6766320646854983,0.6725457215224909
lr_est,alpha_volume_epistemic_5%,52,51.449999999999996,0.6780919973900756,0.6725457215224909
lr_est,alpha_volume_epistemic_5%,53,52.449999999999996,0.6797558475695084,0.6725457215224909
lr_est,alpha_volume_epistemic_5%,54,53.449999999999996,0.6804168621778292,0.6725457215224909
lr_est,alpha_volume_epistemic_5%,55,54.449999999999996,0.6823625067599106,0.6725457215224909
lr_est,alpha_volume_epistemic_5%,56,55.400000000000006,0.6837004056105263,0.6725457215224909
lr_est,alpha_volume_epistemic_5%,57,56.400000000000006,0.6852223744838679,0.6725457215224909
lr_est,alpha_volume_epistemic_5%,58,57.400000000000006,0.6870717593935262,0.6725457215224909
lr_est,alpha_volume_epistemic_5%,59,58.400000000000006,0.6888748329305974,0.6725457215224909
lr_est,alpha_volume_epistemic_5%,60,59.4,0.68925398152803,0.6725457215224909
lr_est,alpha_volume_epistemic_5%,61,60.349999999999994,0.6878949605756999,0.6725457215224909
lr_est,alpha_volume_epistemic_5%,62,61.349999999999994,0.6877478171421507,0.6725457215224909
lr_est,alpha_volume_epistemic_5%,63,62.349999999999994,0.6883516209594249,0.6725457215224909
lr_est,alpha_volume_epistemic_5%,64,63.349999999999994,0.6915843570817716,0.6725457215224909
lr_est,alpha_volume_epistemic_5%,65,64.35,0.6918759816454199,0.6725457215224909
lr_est,alpha_volume_epistemic_5%,66,65.3,0.6913192990433004,0.6725457215224909
lr_est,alpha_volume_epistemic_5%,67,66.3,0.6894276173325318,0.6725457215224909
lr_est,alpha_volume_epistemic_5%,68,67.30000000000001,0.689834773420975,0.6725457215224909
lr_est,alpha_volume_epistemic_5%,69,68.30000000000001,0.6899279557436218,0.6725457215224909
lr_est,alpha_volume_epistemic_5%,70,69.30000000000001,0.6903671662415719,0.6725457215224909
lr_est,alpha_volume_epistemic_5%,71,70.25,0.6914634434325113,0.6725457215224909
lr_est,alpha_volume_epistemic_5%,72,71.25,0.6918225109585524,0.6725457215224909
lr_est,alpha_volume_epistemic_5%,73,72.24999999999999,0.694065227621589,0.6725457215224909
lr_est,alpha_volume_epistemic_5%,74,73.25,0.6955660857830479,0.6725457215224909
lr_est,alpha_volume_epistemic_5%,75,74.25,0.698627365405055,0.6725457215224909
lr_est,alpha_volume_epistemic_5%,76,75.2,0.7009134342565905,0.6725457215224909
lr_est,alpha_volume_epistemic_5%,77,76.2,0.6941871835524449,0.6725457215224909
lr_est,alpha_volume_epistemic_5%,78,77.2,0.6957655613324201,0.6725457215224909
lr_est,alpha_volume_epistemic_5%,79,78.2,0.6959428312468031,0.6725457215224909
lr_est,alpha_volume_epistemic_5%,80,79.2,0.6931310720368863,0.6725457215224909
lr_est,alpha_volume_epistemic_5%,81,80.15,0.6881787540214604,0.6725457215224909
lr_est,alpha_volume_epistemic_5%,82,81.15,0.6922087392473298,0.6725457215224909
lr_est,alpha_volume_epistemic_5%,83,82.15,0.6956224989468706,0.6725457215224909
lr_est,alpha_volume_epistemic_5%,84,83.15,0.6986015647060475,0.6725457215224909
lr_est,alpha_volume_epistemic_5%,85,84.15,0.6948778550312305,0.6725457215224909
lr_est,alpha_volume_epistemic_5%,86,85.1,0.6956537528851751,0.6725457215224909
lr_est,alpha_volume_epistemic_5%,87,86.1,0.7019375343708356,0.6725457215224909
lr_est,alpha_volume_epistemic_5%,88,87.1,0.6970610251983763,0.6725457215224909
lr_est,alpha_volume_epistemic_5%,89,88.1,0.7048563186586051,0.6725457215224909
lr_est,alpha_volume_epistemic_5%,90,89.1,0.7100976743189501,0.6725457215224909
lr_est,alpha_volume_epistemic_5%,91,90.05,0.7034458735732803,0.6725457215224909
lr_est,alpha_volume_epistemic_5%,92,91.05,0.7037977301055258,0.6725457215224909
lr_est,alpha_volume_epistemic_5%,93,92.05,0.7039026190875302,0.6725457215224909
lr_est,alpha_volume_epistemic_5%,94,93.05,0.708194592455302,0.6725457215224909
lr_est,alpha_volume_epistemic_5%,95,94.05,0.7152225012203763,0.6725457215224909
lr_est,alpha_volume_epistemic_5%,96,95.0,0.7096756877087341,0.6725457215224909
lr_est,alpha_volume_epistemic_5%,97,96.0,0.7081353885696513,0.6725457215224909
lr_est,alpha_volume_epistemic_5%,98,97.0,0.7344214236350772,0.6725457215224909
lr_est,alpha_volume_epistemic_5%,99,98.0,0.733932551859261,0.6725457215224909
lr_est,alpha_volume_epistemic_5%,100,99.0,0.70968154626777,0.6725457215224909
lr_est,integrated_volume_total,0,0.0,0.6555172433413187,0.648048163624412
lr_est,integrated_volume_total,1,0.9499999999999953,0.6553329110356968,0.648048163624412
lr_est,integrated_volume_total,2,1.9499999999999962,0.6552935638020756,0.648048163624412
lr_est,integrated_volume_total,3,2.949999999999997,0.6559152382256713,0.648048163624412
lr_est,integrated_volume_total,4,3.949999999999998,0.6563187946272208,0.648048163624412
lr_est,integrated_volume_total,5,4.949999999999999,0.656191159331617,0.648048163624412
lr_est,integrated_volume_total,6,5.900000000000006,0.6562259780279802,0.648048163624412
lr_est,integrated_volume_total,7,6.899999999999995,0.6557666387254744,0.648048163624412
lr_est,integrated_volume_total,8,7.899999999999996,0.6563941766625494,0.648048163624412
lr_est,integrated_volume_total,9,8.899999999999997,0.6576741571508798,0.648048163624412
lr_est,integrated_volume_total,10,9.899999999999999,0.6578116494244086,0.648048163624412
lr_est,integrated_volume_total,11,10.850000000000005,0.6578034109907921,0.648048163624412
lr_est,integrated_volume_total,12,11.850000000000005,0.6573485415905187,0.648048163624412
lr_est,integrated_volume_total,13,12.849999999999994,0.6573694729991146,0.648048163624412
lr_est,integrated_volume_total,14,13.849999999999996,0.6578207833698462,0.648048163624412
lr_est,integrated_volume_total,15,14.849999999999996,0.6589354578768369,0.648048163624412
lr_est,integrated_volume_total,16,15.800000000000002,0.6601123352097058,0.648048163624412
lr_est,integrated_volume_total,17,16.800000000000004,0.6600906916723293,0.648048163624412
lr_est,integrated_volume_total,18,17.800000000000004,0.6596824019512538,0.648048163624412
lr_est,integrated_volume_total,19,18.799999999999994,0.6590949010358369,0.648048163624412
lr_est,integrated_volume_total,20,19.799999999999997,0.6595688350767835,0.648048163624412
lr_est,integrated_volume_total,21,20.75,0.6601381927218044,0.648048163624412
lr_est,integrated_volume_total,22,21.750000000000004,0.6613863253699201,0.648048163624412
lr_est,integrated_volume_total,23,22.750000000000004,0.6610994080822127,0.648048163624412
lr_est,integrated_volume_total,24,23.750000000000004,0.6613455019454897,0.648048163624412
lr_est,integrated_volume_total,25,24.750000000000007,0.6618886718889063,0.648048163624412
lr_est,integrated_volume_total,26,25.7,0.6619280020508767,0.648048163624412
lr_est,integrated_volume_total,27,26.700000000000003,0.6624643519522136,0.648048163624412
lr_est,integrated_volume_total,28,27.700000000000003,0.6631180715344607,0.648048163624412
lr_est,integrated_volume_total,29,28.700000000000003,0.6636500670917775,0.648048163624412
lr_est,integrated_volume_total,30,29.700000000000003,0.664805764920574,0.648048163624412
lr_est,integrated_volume_total,31,30.65,0.6648182884710698,0.648048163624412
lr_est,integrated_volume_total,32,31.65,0.6639216846316025,0.648048163624412
lr_est,integrated_volume_total,33,32.65,0.6630756983841011,0.648048163624412
lr_est,integrated_volume_total,34,33.650000000000006,0.6627013622783025,0.648048163624412
lr_est,integrated_volume_total,35,34.650000000000006,0.6632945653581963,0.648048163624412
lr_est,integrated_volume_total,36,35.6,0.6653548710336877,0.648048163624412
lr_est,integrated_volume_total,37,36.6,0.6648761072732061,0.648048163624412
lr_est,integrated_volume_total,38,37.6,0.663319362859647,0.648048163624412
lr_est,integrated_volume_total,39,38.6,0.6639201465044167,0.648048163624412
lr_est,integrated_volume_total,40,39.6,0.6634335400437202,0.648048163624412
lr_est,integrated_volume_total,41,40.55,0.6631991134943535,0.648048163624412
lr_est,integrated_volume_total,42,41.55,0.6634891888404116,0.648048163624412
lr_est,integrated_volume_total,43,42.55,0.6633175013543078,0.648048163624412
lr_est,integrated_volume_total,44,43.55,0.662997649732342,0.648048163624412
lr_est,integrated_volume_total,45,44.55,0.6614216162987315,0.648048163624412
lr_est,integrated_volume_total,46,45.49999999999999,0.6615223354300485,0.648048163624412
lr_est,integrated_volume_total,47,46.5,0.6606039718618885,0.648048163624412
lr_est,integrated_volume_total,48,47.5,0.6598520367728387,0.648048163624412
lr_est,integrated_volume_total,49,48.5,0.6568684250393118,0.648048163624412
lr_est,integrated_volume_total,50,49.5,0.6560188089286634,0.648048163624412
lr_est,integrated_volume_total,51,50.449999999999996,0.6545350932385052,0.648048163624412
lr_est,integrated_volume_total,52,51.449999999999996,0.6541621630910374,0.648048163624412
lr_est,integrated_volume_total,53,52.449999999999996,0.6524863665806475,0.648048163624412
lr_est,integrated_volume_total,54,53.449999999999996,0.6529224984743844,0.648048163624412
lr_est,integrated_volume_total,55,54.449999999999996,0.6518914096820908,0.648048163624412
lr_est,integrated_volume_total,56,55.400000000000006,0.6512631803329569,0.648048163624412
lr_est,integrated_volume_total,57,56.400000000000006,0.6510592545022352,0.648048163624412
lr_est,integrated_volume_total,58,57.400000000000006,0.6509977870405144,0.648048163624412
lr_est,integrated_volume_total,59,58.400000000000006,0.6480461441473035,0.648048163624412
lr_est,integrated_volume_total,60,59.4,0.6481373719116061,0.648048163624412
lr_est,integrated_volume_total,61,60.349999999999994,0.6484683403902632,0.648048163624412
lr_est,integrated_volume_total,62,61.349999999999994,0.6481407245824687,0.648048163624412
lr_est,integrated_volume_total,63,62.349999999999994,0.6479126099539445,0.648048163624412
lr_est,integrated_volume_total,64,63.349999999999994,0.6474792099126983,0.648048163624412
lr_est,integrated_volume_total,65,64.35,0.644871281637813,0.648048163624412
lr_est,integrated_volume_total,66,65.3,0.6457310646936512,0.648048163624412
lr_est,integrated_volume_total,67,66.3,0.64674322402992,0.648048163624412
lr_est,integrated_volume_total,68,67.30000000000001,0.6471336730099616,0.648048163624412
lr_est,integrated_volume_total,69,68.30000000000001,0.6469606322762766,0.648048163624412
lr_est,integrated_volume_total,70,69.30000000000001,0.6483033379534571,0.648048163624412
lr_est,integrated_volume_total,71,70.25,0.6472215251594751,0.648048163624412
lr_est,integrated_volume_total,72,71.25,0.6446713015203942,0.648048163624412
lr_est,integrated_volume_total,73,72.24999999999999,0.6453831851938714,0.648048163624412
lr_est,integrated_volume_total,74,73.25,0.6425267152634372,0.648048163624412
lr_est,integrated_volume_total,75,74.25,0.6458076880840891,0.648048163624412
lr_est,integrated_volume_total,76,75.2,0.644857428596583,0.648048163624412
lr_est,integrated_volume_total,77,76.2,0.6434261049023073,0.648048163624412
lr_est,integrated_volume_total,78,77.2,0.6438200171213851,0.648048163624412
lr_est,integrated_volume_total,79,78.2,0.6441523798149367,0.648048163624412
lr_est,integrated_volume_total,80,79.2,0.6433410888953022,0.648048163624412
lr_est,integrated_volume_total,81,80.15,0.6448694759345684,0.648048163624412
lr_est,integrated_volume_total,82,81.15,0.6411606252334359,0.648048163624412
lr_est,integrated_volume_total,83,82.15,0.6454473318012315,0.648048163624412
lr_est,integrated_volume_total,84,83.15,0.6469760846370828,0.648048163624412
lr_est,integrated_volume_total,85,84.15,0.6459879574076478,0.648048163624412
lr_est,integrated_volume_total,86,85.1,0.6427151819588124,0.648048163624412
lr_est,integrated_volume_total,87,86.1,0.6447956409824849,0.648048163624412
lr_est,integrated_volume_total,88,87.1,0.6448233585996118,0.648048163624412
lr_est,integrated_volume_total,89,88.1,0.6509876470062043,0.648048163624412
lr_est,integrated_volume_total,90,89.1,0.6469192578798586,0.648048163624412
lr_est,integrated_volume_total,91,90.05,0.6449645102236774,0.648048163624412
lr_est,integrated_volume_total,92,91.05,0.6482878291344573,0.648048163624412
lr_est,integrated_volume_total,93,92.05,0.6539425929733887,0.648048163624412
lr_est,integrated_volume_total,94,93.05,0.6566055267229642,0.648048163624412
lr_est,integrated_volume_total,95,94.05,0.6574756271134927,0.648048163624412
lr_est,integrated_volume_total,96,95.0,0.6551366781818844,0.648048163624412
lr_est,integrated_volume_total,97,96.0,0.6571553285292692,0.648048163624412
lr_est,integrated_volume_total,98,97.0,0.6625681606680769,0.648048163624412
lr_est,integrated_volume_total,99,98.0,0.6658831498996973,0.648048163624412
lr_est,integrated_volume_total,100,99.0,0.6435334984185639,0.648048163624412
lr_est,integrated_volume_aleatoric,0,0.0,0.6555172433413186,0.6455561939267475
lr_est,integrated_volume_aleatoric,1,0.9499999999999953,0.6556594523772722,0.6455561939267475
lr_est,integrated_volume_aleatoric,2,1.9499999999999962,0.6553937550558971,0.6455561939267475
lr_est,integrated_volume_aleatoric,3,2.949999999999997,0.655582897400458,0.6455561939267475
lr_est,integrated_volume_aleatoric,4,3.949999999999998,0.6557571520139565,0.6455561939267475
lr_est,integrated_volume_aleatoric,5,4.949999999999999,0.6556986046539206,0.6455561939267475
lr_est,integrated_volume_aleatoric,6,5.900000000000006,0.6551988850665394,0.6455561939267475
lr_est,integrated_volume_aleatoric,7,6.899999999999995,0.6543700523112655,0.6455561939267475
lr_est,integrated_volume_aleatoric,8,7.899999999999996,0.6531899907980653,0.6455561939267475
lr_est,integrated_volume_aleatoric,9,8.899999999999997,0.6524006514803489,0.6455561939267475
lr_est,integrated_volume_aleatoric,10,9.899999999999999,0.6532656819146883,0.6455561939267475
lr_est,integrated_volume_aleatoric,11,10.850000000000005,0.6531723522738211,0.6455561939267475
lr_est,integrated_volume_aleatoric,12,11.850000000000005,0.6531177169640053,0.6455561939267475
lr_est,integrated_volume_aleatoric,13,12.849999999999994,0.6522771739162193,0.6455561939267475
lr_est,integrated_volume_aleatoric,14,13.849999999999996,0.6530109612288053,0.6455561939267475
lr_est,integrated_volume_aleatoric,15,14.849999999999996,0.6528145942951777,0.6455561939267475
lr_est,integrated_volume_aleatoric,16,15.800000000000002,0.6534619655526029,0.6455561939267475
lr_est,integrated_volume_aleatoric,17,16.800000000000004,0.6545403519596825,0.6455561939267475
lr_est,integrated_volume_aleatoric,18,17.800000000000004,0.6539634205151954,0.6455561939267475
lr_est,integrated_volume_aleatoric,19,18.799999999999994,0.6538765683547197,0.6455561939267475
lr_est,integrated_volume_aleatoric,20,19.799999999999997,0.6534802858603053,0.6455561939267475
lr_est,integrated_volume_aleatoric,21,20.75,0.6529353652170875,0.6455561939267475
lr_est,integrated_volume_aleatoric,22,21.750000000000004,0.6536629583038585,0.6455561939267475
lr_est,integrated_volume_aleatoric,23,22.750000000000004,0.6526382226246017,0.6455561939267475
lr_est,integrated_volume_aleatoric,24,23.750000000000004,0.6524987779224352,0.6455561939267475
lr_est,integrated_volume_aleatoric,25,24.750000000000007,0.6545794914175109,0.6455561939267475
lr_est,integrated_volume_aleatoric,26,25.7,0.6555557743847554,0.6455561939267475
lr_est,integrated_volume_aleatoric,27,26.700000000000003,0.6559247060138681,0.6455561939267475
lr_est,integrated_volume_aleatoric,28,27.700000000000003,0.6563240385433864,0.6455561939267475
lr_est,integrated_volume_aleatoric,29,28.700000000000003,0.6552170621830788,0.6455561939267475
lr_est,integrated_volume_aleatoric,30,29.700000000000003,0.6559688739707317,0.6455561939267475
lr_est,integrated_volume_aleatoric,31,30.65,0.6568512167797509,0.6455561939267475
lr_est,integrated_volume_aleatoric,32,31.65,0.6576900787791045,0.6455561939267475
lr_est,integrated_volume_aleatoric,33,32.65,0.6571422769089807,0.6455561939267475
lr_est,integrated_volume_aleatoric,34,33.650000000000006,0.6571648176229854,0.6455561939267475
lr_est,integrated_volume_aleatoric,35,34.650000000000006,0.6571343083969415,0.6455561939267475
lr_est,integrated_volume_aleatoric,36,35.6,0.6580483141041339,0.6455561939267475
lr_est,integrated_volume_aleatoric,37,36.6,0.6570564093921949,0.6455561939267475
lr_est,integrated_volume_aleatoric,38,37.6,0.658983367289682,0.6455561939267475
lr_est,integrated_volume_aleatoric,39,38.6,0.6595834524533246,0.6455561939267475
lr_est,integrated_volume_aleatoric,40,39.6,0.659663831325711,0.6455561939267475
lr_est,integrated_volume_aleatoric,41,40.55,0.6593835677094313,0.6455561939267475
lr_est,integrated_volume_aleatoric,42,41.55,0.6597994097554103,0.6455561939267475
lr_est,integrated_volume_aleatoric,43,42.55,0.6615552540829375,0.6455561939267475
lr_est,integrated_volume_aleatoric,44,43.55,0.6609714503740342,0.6455561939267475
lr_est,integrated_volume_aleatoric,45,44.55,0.6609188711475432,0.6455561939267475
lr_est,integrated_volume_aleatoric,46,45.49999999999999,0.6615874973042895,0.6455561939267475
lr_est,integrated_volume_aleatoric,47,46.5,0.6601953329957736,0.6455561939267475
lr_est,integrated_volume_aleatoric,48,47.5,0.6605502845682444,0.6455561939267475
lr_est,integrated_volume_aleatoric,49,48.5,0.6587346756308132,0.6455561939267475
lr_est,integrated_volume_aleatoric,50,49.5,0.6605202548425113,0.6455561939267475
lr_est,integrated_volume_aleatoric,51,50.449999999999996,0.6610632971535446,0.6455561939267475
lr_est,integrated_volume_aleatoric,52,51.449999999999996,0.661297770136032,0.6455561939267475
lr_est,integrated_volume_aleatoric,53,52.449999999999996,0.6585070467775145,0.6455561939267475
lr_est,integrated_volume_aleatoric,54,53.449999999999996,0.656317718191785,0.6455561939267475
lr_est,integrated_volume_aleatoric,55,54.449999999999996,0.6569652366204222,0.6455561939267475
lr_est,integrated_volume_aleatoric,56,55.400000000000006,0.6553757540563205,0.6455561939267475
lr_est,integrated_volume_aleatoric,57,56.400000000000006,0.6558817274961889,0.6455561939267475
lr_est,integrated_volume_aleatoric,58,57.400000000000006,0.6521309480522854,0.6455561939267475
lr_est,integrated_volume_aleatoric,59,58.400000000000006,0.6522547290865542,0.6455561939267475
lr_est,integrated_volume_aleatoric,60,59.4,0.6506414538799049,0.6455561939267475
lr_est,integrated_volume_aleatoric,61,60.349999999999994,0.6508112019133201,0.6455561939267475
lr_est,integrated_volume_aleatoric,62,61.349999999999994,0.6503365225638272,0.6455561939267475
lr_est,integrated_volume_aleatoric,63,62.349999999999994,0.6484231328518579,0.6455561939267475
lr_est,integrated_volume_aleatoric,64,63.349999999999994,0.6466789800014661,0.6455561939267475
lr_est,integrated_volume_aleatoric,65,64.35,0.6455336172991598,0.6455561939267475
lr_est,integrated_volume_aleatoric,66,65.3,0.6483862274135035,0.6455561939267475
lr_est,integrated_volume_aleatoric,67,66.3,0.6478383409266433,0.6455561939267475
lr_est,integrated_volume_aleatoric,68,67.30000000000001,0.6475224755309856,0.6455561939267475
lr_est,integrated_volume_aleatoric,69,68.30000000000001,0.6463235354380898,0.6455561939267475
lr_est,integrated_volume_aleatoric,70,69.30000000000001,0.6458244729375114,0.6455561939267475
lr_est,integrated_volume_aleatoric,71,70.25,0.6432179658279077,0.6455561939267475
lr_est,integrated_volume_aleatoric,72,71.25,0.6443284316739806,0.6455561939267475
lr_est,integrated_volume_aleatoric,73,72.24999999999999,0.6462023540357232,0.6455561939267475
lr_est,integrated_volume_aleatoric,74,73.25,0.645137618123357,0.6455561939267475
lr_est,integrated_volume_aleatoric,75,74.25,0.6460823803041638,0.6455561939267475
lr_est,integrated_volume_aleatoric,76,75.2,0.6502782301522393,0.6455561939267475
lr_est,integrated_volume_aleatoric,77,76.2,0.6476750181310161,0.6455561939267475
lr_est,integrated_volume_aleatoric,78,77.2,0.6453367412236629,0.6455561939267475
lr_est,integrated_volume_aleatoric,79,78.2,0.6446744395151092,0.6455561939267475
lr_est,integrated_volume_aleatoric,80,79.2,0.6463737132199237,0.6455561939267475
lr_est,integrated_volume_aleatoric,81,80.15,0.6450566716371229,0.6455561939267475
lr_est,integrated_volume_aleatoric,82,81.15,0.6461642933409231,0.6455561939267475
lr_est,integrated_volume_aleatoric,83,82.15,0.6476060894643382,0.6455561939267475
lr_est,integrated_volume_aleatoric,84,83.15,0.6478877201743382,0.6455561939267475
lr_est,integrated_volume_aleatoric,85,84.15,0.6480127986064319,0.6455561939267475
lr_est,integrated_volume_aleatoric,86,85.1,0.6448942898747873,0.6455561939267475
lr_est,integrated_volume_aleatoric,87,86.1,0.6453514955095266,0.6455561939267475
lr_est,integrated_volume_aleatoric,88,87.1,0.6396503843825118,0.6455561939267475
lr_est,integrated_volume_aleatoric,89,88.1,0.6349370478382628,0.6455561939267475
lr_est,integrated_volume_aleatoric,90,89.1,0.6376017645166236,0.6455561939267475
lr_est,integrated_volume_aleatoric,91,90.05,0.6378308897185843,0.6455561939267475
lr_est,integrated_volume_aleatoric,92,91.05,0.6459565797441612,0.6455561939267475
lr_est,integrated_volume_aleatoric,93,92.05,0.6439755755309099,0.6455561939267475
lr_est,integrated_volume_aleatoric,94,93.05,0.6372845272306462,0.6455561939267475
lr_est,integrated_volume_aleatoric,95,94.05,0.644149038092808,0.6455561939267475
lr_est,integrated_volume_aleatoric,96,95.0,0.6538109696588078,0.6455561939267475
lr_est,integrated_volume_aleatoric,97,96.0,0.6470814112762945,0.6455561939267475
lr_est,integrated_volume_aleatoric,98,97.0,0.663996995221837,0.6455561939267475
lr_est,integrated_volume_aleatoric,99,98.0,0.6373333758754393,0.6455561939267475
lr_est,integrated_volume_aleatoric,100,99.0,0.6502369537163243,0.6455561939267475
lr_est,integrated_volume_epistemic,0,0.0,0.6555172433413187,0.6727774762443529
lr_est,integrated_volume_epistemic,1,0.9499999999999953,0.6551148727782482,0.6727774762443529
lr_est,integrated_volume_epistemic,2,1.9499999999999962,0.6550404408074787,0.6727774762443529
lr_est,integrated_volume_epistemic,3,2.949999999999997,0.6551496711493264,0.6727774762443529
lr_est,integrated_volume_epistemic,4,3.949999999999998,0.6553096979818186,0.6727774762443529
lr_est,integrated_volume_epistemic,5,4.949999999999999,0.6555852293969892,0.6727774762443529
lr_est,integrated_volume_epistemic,6,5.900000000000006,0.6560770516619951,0.6727774762443529
lr_est,integrated_volume_epistemic,7,6.899999999999995,0.6561883430283271,0.6727774762443529
lr_est,integrated_volume_epistemic,8,7.899999999999996,0.6561999887076597,0.6727774762443529
lr_est,integrated_volume_epistemic,9,8.899999999999997,0.6568231446087877,0.6727774762443529
lr_est,integrated_volume_epistemic,10,9.899999999999999,0.65680558273547,0.6727774762443529
lr_est,integrated_volume_epistemic,11,10.850000000000005,0.6567667026909257,0.6727774762443529
lr_est,integrated_volume_epistemic,12,11.850000000000005,0.6567948459627242,0.6727774762443529
lr_est,integrated_volume_epistemic,13,12.849999999999994,0.657061573365233,0.6727774762443529
lr_est,integrated_volume_epistemic,14,13.849999999999996,0.6577706627584791,0.6727774762443529
lr_est,integrated_volume_epistemic,15,14.849999999999996,0.6580511315520058,0.6727774762443529
lr_est,integrated_volume_epistemic,16,15.800000000000002,0.6583384467100041,0.6727774762443529
lr_est,integrated_volume_epistemic,17,16.800000000000004,0.6588705342949368,0.6727774762443529
lr_est,integrated_volume_epistemic,18,17.800000000000004,0.6585375586989471,0.6727774762443529
lr_est,integrated_volume_epistemic,19,18.799999999999994,0.6588285820919305,0.6727774762443529
lr_est,integrated_volume_epistemic,20,19.799999999999997,0.658032473316065,0.6727774762443529
lr_est,integrated_volume_epistemic,21,20.75,0.6581579823185907,0.6727774762443529
lr_est,integrated_volume_epistemic,22,21.750000000000004,0.658966689743905,0.6727774762443529
lr_est,integrated_volume_epistemic,23,22.750000000000004,0.6602726962569073,0.6727774762443529
lr_est,integrated_volume_epistemic,24,23.750000000000004,0.6601869973360226,0.6727774762443529
lr_est,integrated_volume_epistemic,25,24.750000000000007,0.6616699670027323,0.6727774762443529
lr_est,integrated_volume_epistemic,26,25.7,0.6619315116631677,0.6727774762443529
lr_est,integrated_volume_epistemic,27,26.700000000000003,0.6621950409263331,0.6727774762443529
lr_est,integrated_volume_epistemic,28,27.700000000000003,0.6630353031059129,0.6727774762443529
lr_est,integrated_volume_epistemic,29,28.700000000000003,0.6630702023644905,0.6727774762443529
lr_est,integrated_volume_epistemic,30,29.700000000000003,0.662972703074443,0.6727774762443529
lr_est,integrated_volume_epistemic,31,30.65,0.662930958960759,0.6727774762443529
lr_est,integrated_volume_epistemic,32,31.65,0.6638610150779735,0.6727774762443529
lr_est,integrated_volume_epistemic,33,32.65,0.6644949912268252,0.6727774762443529
lr_est,integrated_volume_epistemic,34,33.650000000000006,0.6654441320715836,0.6727774762443529
lr_est,integrated_volume_epistemic,35,34.650000000000006,0.6660260089702819,0.6727774762443529
lr_est,integrated_volume_epistemic,36,35.6,0.666228069720346,0.6727774762443529
lr_est,integrated_volume_epistemic,37,36.6,0.6672551745522488,0.6727774762443529
lr_est,integrated_volume_epistemic,38,37.6,0.6683923330670138,0.6727774762443529
lr_est,integrated_volume_epistemic,39,38.6,0.6690562279369426,0.6727774762443529
lr_est,integrated_volume_epistemic,40,39.6,0.6695511436515107,0.6727774762443529
lr_est,integrated_volume_epistemic,41,40.55,0.6712022751814068,0.6727774762443529
lr_est,integrated_volume_epistemic,42,41.55,0.6730965316611625,0.6727774762443529
lr_est,integrated_volume_epistemic,43,42.55,0.6739599146668992,0.6727774762443529
lr_est,integrated_volume_epistemic,44,43.55,0.6739928263444593,0.6727774762443529
lr_est,integrated_volume_epistemic,45,44.55,0.6746108895397482,0.6727774762443529
lr_est,integrated_volume_epistemic,46,45.49999999999999,0.676418066880886,0.6727774762443529
lr_est,integrated_volume_epistemic,47,46.5,0.6770502110742188,0.6727774762443529
lr_est,integrated_volume_epistemic,48,47.5,0.6778089668188803,0.6727774762443529
lr_est,integrated_volume_epistemic,49,48.5,0.6781675324468279,0.6727774762443529
lr_est,integrated_volume_epistemic,50,49.5,0.6790792098764007,0.6727774762443529
lr_est,integrated_volume_epistemic,51,50.449999999999996,0.6783605604542788,0.6727774762443529
lr_est,integrated_volume_epistemic,52,51.449999999999996,0.6789367527615409,0.6727774762443529
lr_est,integrated_volume_epistemic,53,52.449999999999996,0.6798774962607175,0.6727774762443529
lr_est,integrated_volume_epistemic,54,53.449999999999996,0.6812854192195377,0.6727774762443529
lr_est,integrated_volume_epistemic,55,54.449999999999996,0.6819585077298922,0.6727774762443529
lr_est,integrated_volume_epistemic,56,55.400000000000006,0.6829346189134106,0.6727774762443529
lr_est,integrated_volume_epistemic,57,56.400000000000006,0.6842067429483588,0.6727774762443529
lr_est,integrated_volume_epistemic,58,57.400000000000006,0.6859951991366957,0.6727774762443529
lr_est,integrated_volume_epistemic,59,58.400000000000006,0.6855076924115594,0.6727774762443529
lr_est,integrated_volume_epistemic,60,59.4,0.6862003653336363,0.6727774762443529
lr_est,integrated_volume_epistemic,61,60.349999999999994,0.6862978782191607,0.6727774762443529
lr_est,integrated_volume_epistemic,62,61.349999999999994,0.6886728069734404,0.6727774762443529
lr_est,integrated_volume_epistemic,63,62.349999999999994,0.6899379861403736,0.6727774762443529
lr_est,integrated_volume_epistemic,64,63.349999999999994,0.6893941561144594,0.6727774762443529
lr_est,integrated_volume_epistemic,65,64.35,0.6896895051569512,0.6727774762443529
lr_est,integrated_volume_epistemic,66,65.3,0.6890567090439155,0.6727774762443529
lr_est,integrated_volume_epistemic,67,66.3,0.6902760519723296,0.6727774762443529
lr_est,integrated_volume_epistemic,68,67.30000000000001,0.6904436185208297,0.6727774762443529
lr_est,integrated_volume_epistemic,69,68.30000000000001,0.6890071272001785,0.6727774762443529
lr_est,integrated_volume_epistemic,70,69.30000000000001,0.6895141717677588,0.6727774762443529
lr_est,integrated_volume_epistemic,71,70.25,0.6919275373033621,0.6727774762443529
lr_est,integrated_volume_epistemic,72,71.25,0.6929420050391399,0.6727774762443529
lr_est,integrated_volume_epistemic,73,72.24999999999999,0.6956994825257008,0.6727774762443529
lr_est,integrated_volume_epistemic,74,73.25,0.6957495163682934,0.6727774762443529
lr_est,integrated_volume_epistemic,75,74.25,0.6960534987090707,0.6727774762443529
lr_est,integrated_volume_epistemic,76,75.2,0.6949764718965123,0.6727774762443529
lr_est,integrated_volume_epistemic,77,76.2,0.6951566655387091,0.6727774762443529
lr_est,integrated_volume_epistemic,78,77.2,0.6950112390155712,0.6727774762443529
lr_est,integrated_volume_epistemic,79,78.2,0.6931516160998397,0.6727774762443529
lr_est,integrated_volume_epistemic,80,79.2,0.6891207703546556,0.6727774762443529
lr_est,integrated_volume_epistemic,81,80.15,0.6932438547820421,0.6727774762443529
lr_est,integrated_volume_epistemic,82,81.15,0.6982538563464655,0.6727774762443529
lr_est,integrated_volume_epistemic,83,82.15,0.6996751605430404,0.6727774762443529
lr_est,integrated_volume_epistemic,84,83.15,0.6977564231090724,0.6727774762443529
lr_est,integrated_volume_epistemic,85,84.15,0.6935374527299898,0.6727774762443529
lr_est,integrated_volume_epistemic,86,85.1,0.6955435868226374,0.6727774762443529
lr_est,integrated_volume_epistemic,87,86.1,0.6950250365915827,0.6727774762443529
lr_est,integrated_volume_epistemic,88,87.1,0.689042300038121,0.6727774762443529
lr_est,integrated_volume_epistemic,89,88.1,0.7028603408810621,0.6727774762443529
lr_est,integrated_volume_epistemic,90,89.1,0.7129876018434876,0.6727774762443529
lr_est,integrated_volume_epistemic,91,90.05,0.7109937645323461,0.6727774762443529
lr_est,integrated_volume_epistemic,92,91.05,0.6990904989598905,0.6727774762443529
lr_est,integrated_volume_epistemic,93,92.05,0.7054276327653819,0.6727774762443529
lr_est,integrated_volume_epistemic,94,93.05,0.702059388844739,0.6727774762443529
lr_est,integrated_volume_epistemic,95,94.05,0.7115885629476183,0.6727774762443529
lr_est,integrated_volume_epistemic,96,95.0,0.724356300653561,0.6727774762443529
lr_est,integrated_volume_epistemic,97,96.0,0.7270259856749582,0.6727774762443529
lr_est,integrated_volume_epistemic,98,97.0,0.728823670329749,0.6727774762443529
lr_est,integrated_volume_epistemic,99,98.0,0.7479839467553091,0.6727774762443529
lr_est,integrated_volume_epistemic,100,99.0,0.7338491833457768,0.6727774762443529
