metric,measure,point_index,abstention,risk,aurc
mose,differential_entropy_total,0,0.0,0.24773180157505365,0.24283112647801347
mose,differential_entropy_total,1,0.9499999999999953,0.24743050882418274,0.24283112647801347
mose,differential_entropy_total,2,1.9499999999999962,0.24716709626435873,0.24283112647801347
mose,differential_entropy_total,3,2.949999999999997,0.2476156917621284,0.24283112647801347
mose,differential_entropy_total,4,3.949999999999998,0.24754964532658835,0.24283112647801347
mose,differential_entropy_total,5,4.949999999999999,0.24771582443566825,0.24283112647801347
mose,differential_entropy_total,6,5.900000000000006,0.24766489080154677,0.24283112647801347
mose,differential_entropy_total,7,6.899999999999995,0.2475874748751615,0.24283112647801347
mose,differential_entropy_total,8,7.899999999999996,0.24761669600229202,0.24283112647801347
mose,differential_entropy_total,9,8.899999999999997,0.24809757395457838,0.24283112647801347
mose,differential_entropy_total,10,9.899999999999999,0.24818245246634632,0.24283112647801347
mose,differential_entropy_total,11,10.850000000000005,0.248419326919108,0.24283112647801347
mose,differential_entropy_total,12,11.850000000000005,0.24736904601002774,0.24283112647801347
mose,differential_entropy_total,13,12.849999999999994,0.24748645626215596,0.24283112647801347
mose,differential_entropy_total,14,13.849999999999996,0.24796661238442305,0.24283112647801347
mose,differential_entropy_total,15,14.849999999999996,0.2479725716801016,0.24283112647801347
mose,differential_entropy_total,16,15.800000000000002,0.2479244111121807,0.24283112647801347
mose,differential_entropy_total,17,16.800000000000004,0.2479502120473289,0.24283112647801347
mose,differential_entropy_total,18,17.800000000000004,0.24786503256919387,0.24283112647801347
mose,differential_entropy_total,19,18.799999999999994,0.24689689795391934,0.24283112647801347
mose,differential_entropy_total,20,19.799999999999997,0.24646735096540673,0.24283112647801347
mose,differential_entropy_total,21,20.75,0.2464325227008602,0.24283112647801347
mose,differential_entropy_total,22,21.750000000000004,0.24610321254698322,0.24283112647801347
mose,differential_entropy_total,23,22.750000000000004,0.24595070573625585,0.24283112647801347
mose,differential_entropy_total,24,23.750000000000004,0.24564164460608787,0.24283112647801347
mose,differential_entropy_total,25,24.750000000000007,0.2457820185896059,0.24283112647801347
mose,differential_entropy_total,26,25.7,0.24531623370245156,0.24283112647801347
mose,differential_entropy_total,27,26.700000000000003,0.24513929084878974,0.24283112647801347
mose,differential_entropy_total,28,27.700000000000003,0.24454164050545443,0.24283112647801347
mose,differential_entropy_total,29,28.700000000000003,0.24505968664475447,0.24283112647801347
mose,differential_entropy_total,30,29.700000000000003,0.24523260191157298,0.24283112647801347
mose,differential_entropy_total,31,30.65,0.24524445974148126,0.24283112647801347
mose,differential_entropy_total,32,31.65,0.2446478696919843,0.24283112647801347
mose,differential_entropy_total,33,32.65,0.24534920127191287,0.24283112647801347
mose,differential_entropy_total,34,33.650000000000006,0.2449339436436374,0.24283112647801347
mose,differential_entropy_total,35,34.650000000000006,0.24488147057164636,0.24283112647801347
mose,differential_entropy_total,36,35.6,0.2460634799479256,0.24283112647801347
mose,differential_entropy_total,37,36.6,0.2454136858664183,0.24283112647801347
mose,differential_entropy_total,38,37.6,0.2436632922889141,0.24283112647801347
mose,differential_entropy_total,39,38.6,0.24511699851161625,0.24283112647801347
mose,differential_entropy_total,40,39.6,0.2454615435689112,0.24283112647801347
mose,differential_entropy_total,41,40.55,0.24706439590119256,0.24283112647801347
mose,differential_entropy_total,42,41.55,0.2469431357834056,0.24283112647801347
mose,differential_entropy_total,43,42.55,0.24744344419247644,0.24283112647801347
mose,differential_entropy_total,44,43.55,0.2465723744595069,0.24283112647801347
mose,differential_entropy_total,45,44.55,0.24751201865478917,0.24283112647801347
mose,differential_entropy_total,46,45.49999999999999,0.24832588799509708,0.24283112647801347
mose,differential_entropy_total,47,46.5,0.2472416745909424,0.24283112647801347
mose,differential_entropy_total,48,47.5,0.2482590865079055,0.24283112647801347
mose,differential_entropy_total,49,48.5,0.2504421625108163,0.24283112647801347
mose,differential_entropy_total,50,49.5,0.24976520588780365,0.24283112647801347
mose,differential_entropy_total,51,50.449999999999996,0.2500913323079282,0.24283112647801347
mose,differential_entropy_total,52,51.449999999999996,0.25067089355442074,0.24283112647801347
mose,differential_entropy_total,53,52.449999999999996,0.2522598401236537,0.24283112647801347
mose,differential_entropy_total,54,53.449999999999996,0.25183814353180684,0.24283112647801347
mose,differential_entropy_total,55,54.449999999999996,0.25173189329816087,0.24283112647801347
mose,differential_entropy_total,56,55.400000000000006,0.25019220865178754,0.24283112647801347
mose,differential_entropy_total,57,56.400000000000006,0.24602394461639113,0.24283112647801347
mose,differential_entropy_total,58,57.400000000000006,0.2482551663354073,0.24283112647801347
mose,differential_entropy_total,59,58.400000000000006,0.24487053828747402,0.24283112647801347
mose,differential_entropy_total,60,59.4,0.24152065741818635,0.24283112647801347
mose,differential_entropy_total,61,60.349999999999994,0.2413183224947707,0.24283112647801347
mose,differential_entropy_total,62,61.349999999999994,0.24125556350676117,0.24283112647801347
mose,differential_entropy_total,63,62.349999999999994,0.2391410579722597,0.24283112647801347
mose,differential_entropy_total,64,63.349999999999994,0.23821940773247666,0.24283112647801347
mose,differential_entropy_total,65,64.35,0.2413254813704015,0.24283112647801347
mose,differential_entropy_total,66,65.3,0.24259096153643075,0.24283112647801347
mose,differential_entropy_total,67,66.3,0.2431971310884786,0.24283112647801347
mose,differential_entropy_total,68,67.30000000000001,0.24421802978879026,0.24283112647801347
mose,differential_entropy_total,69,68.30000000000001,0.24280683820474194,0.24283112647801347
mose,differential_entropy_total,70,69.30000000000001,0.24394428725952366,0.24283112647801347
mose,differential_entropy_total,71,70.25,0.24599770557866577,0.24283112647801347
mose,differential_entropy_total,72,71.25,0.24425085369550317,0.24283112647801347
mose,differential_entropy_total,73,72.24999999999999,0.24572889275455556,0.24283112647801347
mose,differential_entropy_total,74,73.25,0.24655455146828695,0.24283112647801347
mose,differential_entropy_total,75,74.25,0.24773983671810337,0.24283112647801347
mose,differential_entropy_total,76,75.2,0.2459229261147351,0.24283112647801347
mose,differential_entropy_total,77,76.2,0.24582782303026093,0.24283112647801347
mose,differential_entropy_total,78,77.2,0.2459165321999966,0.24283112647801347
mose,differential_entropy_total,79,78.2,0.2443374430548702,0.24283112647801347
mose,differential_entropy_total,80,79.2,0.24464357444401025,0.24283112647801347
mose,differential_entropy_total,81,80.15,0.24219266536403208,0.24283112647801347
mose,differential_entropy_total,82,81.15,0.2422894348572615,0.24283112647801347
mose,differential_entropy_total,83,82.15,0.24122459342998304,0.24283112647801347
mose,differential_entropy_total,84,83.15,0.24170399903204237,0.24283112647801347
mose,differential_entropy_total,85,84.15,0.24529652560760154,0.24283112647801347
mose,differential_entropy_total,86,85.1,0.24691421827511595,0.24283112647801347
mose,differential_entropy_total,87,86.1,0.24552699728025149,0.24283112647801347
mose,differential_entropy_total,88,87.1,0.2464945881379393,0.24283112647801347
mose,differential_entropy_total,89,88.1,0.24287868077176872,0.24283112647801347
mose,differential_entropy_total,90,89.1,0.2403915257367394,0.24283112647801347
mose,differential_entropy_total,91,90.05,0.23760670378488222,0.24283112647801347
mose,differential_entropy_total,92,91.05,0.2399926149219937,0.24283112647801347
mose,differential_entropy_total,93,92.05,0.23865660005525785,0.24283112647801347
mose,differential_entropy_total,94,93.05,0.2384798842621968,0.24283112647801347
mose,differential_entropy_total,95,94.05,0.23523898178422362,0.24283112647801347
mose,differential_entropy_total,96,95.0,0.24019609805989756,0.24283112647801347
mose,differential_entropy_total,97,96.0,0.23676934971406188,0.24283112647801347
mose,differential_entropy_total,98,97.0,0.23238924376141126,0.24283112647801347
mose,differential_entropy_total,99,98.0,0.24791852539175818,0.24283112647801347
mose,differential_entropy_total,100,99.0,0.24347837748524767,0.24283112647801347
mose,differential_entropy_aleatoric,0,0.0,0.24773180157505365,0.2398358125631851
mose,differential_entropy_aleatoric,1,0.9499999999999953,0.24743050882418274,0.2398358125631851
mose,differential_entropy_aleatoric,2,1.9499999999999962,0.24716709626435873,0.2398358125631851
mose,differential_entropy_aleatoric,3,2.949999999999997,0.24761569176212836,0.2398358125631851
mose,differential_entropy_aleatoric,4,3.949999999999998,0.24754964532658835,0.2398358125631851
mose,differential_entropy_aleatoric,5,4.949999999999999,0.24771582443566828,0.2398358125631851
mose,differential_entropy_aleatoric,6,5.900000000000006,0.24766489080154677,0.2398358125631851
mose,differential_entropy_aleatoric,7,6.899999999999995,0.2475874748751615,0.2398358125631851
mose,differential_entropy_aleatoric,8,7.899999999999996,0.24761669600229202,0.2398358125631851
mose,differential_entropy_aleatoric,9,8.899999999999997,0.2480975739545784,0.2398358125631851
mose,differential_entropy_aleatoric,10,9.899999999999999,0.24818245246634632,0.2398358125631851
mose,differential_entropy_aleatoric,11,10.850000000000005,0.248419326919108,0.2398358125631851
mose,differential_entropy_aleatoric,12,11.850000000000005,0.24736904601002774,0.2398358125631851
mose,differential_entropy_aleatoric,13,12.849999999999994,0.24748645626215596,0.2398358125631851
mose,differential_entropy_aleatoric,14,13.849999999999996,0.24796661238442305,0.2398358125631851
mose,differential_entropy_aleatoric,15,14.849999999999996,0.2479725716801016,0.2398358125631851
mose,differential_entropy_aleatoric,16,15.800000000000002,0.2479244111121807,0.2398358125631851
mose,differential_entropy_aleatoric,17,16.800000000000004,0.2479502120473289,0.2398358125631851
mose,differential_entropy_aleatoric,18,17.800000000000004,0.2478650325691939,0.2398358125631851
mose,differential_entropy_aleatoric,19,18.799999999999994,0.24689689795391934,0.2398358125631851
mose,differential_entropy_aleatoric,20,19.799999999999997,0.24646735096540676,0.2398358125631851
mose,differential_entropy_aleatoric,21,20.75,0.2464325227008602,0.2398358125631851
mose,differential_entropy_aleatoric,22,21.750000000000004,0.24610321254698322,0.2398358125631851
mose,differential_entropy_aleatoric,23,22.750000000000004,0.24595070573625585,0.2398358125631851
mose,differential_entropy_aleatoric,24,23.750000000000004,0.24564164460608787,0.2398358125631851
mose,differential_entropy_aleatoric,25,24.750000000000007,0.24578201858960597,0.2398358125631851
mose,differential_entropy_aleatoric,26,25.7,0.24531623370245156,0.2398358125631851
mose,differential_entropy_aleatoric,27,26.700000000000003,0.24513929084878974,0.2398358125631851
mose,differential_entropy_aleatoric,28,27.700000000000003,0.24454164050545443,0.2398358125631851
mose,differential_entropy_aleatoric,29,28.700000000000003,0.24505968664475447,0.2398358125631851
mose,differential_entropy_aleatoric,30,29.700000000000003,0.24523260191157298,0.2398358125631851
mose,differential_entropy_aleatoric,31,30.65,0.24524445974148132,0.2398358125631851
mose,differential_entropy_aleatoric,32,31.65,0.24464786969198424,0.2398358125631851
mose,differential_entropy_aleatoric,33,32.65,0.2453492012719129,0.2398358125631851
mose,differential_entropy_aleatoric,34,33.650000000000006,0.2449339436436374,0.2398358125631851
mose,differential_entropy_aleatoric,35,34.650000000000006,0.24488147057164636,0.2398358125631851
mose,differential_entropy_aleatoric,36,35.6,0.24606347994792566,0.2398358125631851
mose,differential_entropy_aleatoric,37,36.6,0.2454136858664183,0.2398358125631851
mose,differential_entropy_aleatoric,38,37.6,0.2436632922889141,0.2398358125631851
mose,differential_entropy_aleatoric,39,38.6,0.24511699851161625,0.2398358125631851
mose,differential_entropy_aleatoric,40,39.6,0.2454615435689112,0.2398358125631851
mose,differential_entropy_aleatoric,41,40.55,0.24706439590119256,0.2398358125631851
mose,differential_entropy_aleatoric,42,41.55,0.2469431357834056,0.2398358125631851
mose,differential_entropy_aleatoric,43,42.55,0.24744344419247644,0.2398358125631851
mose,differential_entropy_aleatoric,44,43.55,0.2465723744595069,0.2398358125631851
mose,differential_entropy_aleatoric,45,44.55,0.24751201865478917,0.2398358125631851
mose,differential_entropy_aleatoric,46,45.49999999999999,0.24832588799509703,0.2398358125631851
mose,differential_entropy_aleatoric,47,46.5,0.24724167459094246,0.2398358125631851
mose,differential_entropy_aleatoric,48,47.5,0.2482590865079055,0.2398358125631851
mose,differential_entropy_aleatoric,49,48.5,0.2504421625108163,0.2398358125631851
mose,differential_entropy_aleatoric,50,49.5,0.24976520588780365,0.2398358125631851
mose,differential_entropy_aleatoric,51,50.449999999999996,0.2500913323079282,0.2398358125631851
mose,differential_entropy_aleatoric,52,51.449999999999996,0.2506708935544208,0.2398358125631851
mose,differential_entropy_aleatoric,53,52.449999999999996,0.2522598401236537,0.2398358125631851
mose,differential_entropy_aleatoric,54,53.449999999999996,0.25183814353180684,0.2398358125631851
mose,differential_entropy_aleatoric,55,54.449999999999996,0.2517318932981608,0.2398358125631851
mose,differential_entropy_aleatoric,56,55.400000000000006,0.25019220865178754,0.2398358125631851
mose,differential_entropy_aleatoric,57,56.400000000000006,0.24602394461639113,0.2398358125631851
mose,differential_entropy_aleatoric,58,57.400000000000006,0.2482551663354073,0.2398358125631851
mose,differential_entropy_aleatoric,59,58.400000000000006,0.244870538287474,0.2398358125631851
mose,differential_entropy_aleatoric,60,59.4,0.24152065741818635,0.2398358125631851
mose,differential_entropy_aleatoric,61,60.349999999999994,0.2413183224947707,0.2398358125631851
mose,differential_entropy_aleatoric,62,61.349999999999994,0.2412555635067612,0.2398358125631851
mose,differential_entropy_aleatoric,63,62.349999999999994,0.23914105797225974,0.2398358125631851
mose,differential_entropy_aleatoric,64,63.349999999999994,0.23821940773247666,0.2398358125631851
mose,differential_entropy_aleatoric,65,64.35,0.2413254813704015,0.2398358125631851
mose,differential_entropy_aleatoric,66,65.3,0.24409010703878645,0.2398358125631851
mose,differential_entropy_aleatoric,67,66.3,0.24172309798515754,0.2398358125631851
mose,differential_entropy_aleatoric,68,67.30000000000001,0.24292406752763088,0.2398358125631851
mose,differential_entropy_aleatoric,69,68.30000000000001,0.24282156268730873,0.2398358125631851
mose,differential_entropy_aleatoric,70,69.30000000000001,0.24049601913537855,0.2398358125631851
mose,differential_entropy_aleatoric,71,70.25,0.2402034301900249,0.2398358125631851
mose,differential_entropy_aleatoric,72,71.25,0.23739170438976365,0.2398358125631851
mose,differential_entropy_aleatoric,73,72.24999999999999,0.23865869344292673,0.2398358125631851
mose,differential_entropy_aleatoric,74,73.25,0.23894912786252223,0.2398358125631851
mose,differential_entropy_aleatoric,75,74.25,0.23617591984922728,0.2398358125631851
mose,differential_entropy_aleatoric,76,75.2,0.23767788709101637,0.2398358125631851
mose,differential_entropy_aleatoric,77,76.2,0.2372271410113367,0.2398358125631851
mose,differential_entropy_aleatoric,78,77.2,0.2371287505280938,0.2398358125631851
mose,differential_entropy_aleatoric,79,78.2,0.2369722235943079,0.2398358125631851
mose,differential_entropy_aleatoric,80,79.2,0.23567717291821955,0.2398358125631851
mose,differential_entropy_aleatoric,81,80.15,0.23601224790640063,0.2398358125631851
mose,differential_entropy_aleatoric,82,81.15,0.2372964372611816,0.2398358125631851
mose,differential_entropy_aleatoric,83,82.15,0.23788986075370772,0.2398358125631851
mose,differential_entropy_aleatoric,84,83.15,0.23644440701385785,0.2398358125631851
mose,differential_entropy_aleatoric,85,84.15,0.23664069487783718,0.2398358125631851
mose,differential_entropy_aleatoric,86,85.1,0.23540139477669011,0.2398358125631851
mose,differential_entropy_aleatoric,87,86.1,0.231726658572088,0.2398358125631851
mose,differential_entropy_aleatoric,88,87.1,0.22970432616719738,0.2398358125631851
mose,differential_entropy_aleatoric,89,88.1,0.22823004588059848,0.2398358125631851
mose,differential_entropy_aleatoric,90,89.1,0.23092689604010724,0.2398358125631851
mose,differential_entropy_aleatoric,91,90.05,0.2306183947996831,0.2398358125631851
mose,differential_entropy_aleatoric,92,91.05,0.23018867463365458,0.2398358125631851
mose,differential_entropy_aleatoric,93,92.05,0.22906431031958954,0.2398358125631851
mose,differential_entropy_aleatoric,94,93.05,0.22292703823115118,0.2398358125631851
mose,differential_entropy_aleatoric,95,94.05,0.2215365952431134,0.2398358125631851
mose,differential_entropy_aleatoric,96,95.0,0.22210244158108491,0.2398358125631851
mose,differential_entropy_aleatoric,97,96.0,0.2292286987295756,0.2398358125631851
mose,differential_entropy_aleatoric,98,97.0,0.22312533712981727,0.2398358125631851
mose,differential_entropy_aleatoric,99,98.0,0.22005599852729393,0.2398358125631851
mose,differential_entropy_aleatoric,100,99.0,0.23606226101683042,0.2398358125631851
mose,differential_entropy_epistemic,0,0.0,0.24773180157505365,0.24659466101461103
mose,differential_entropy_epistemic,1,0.9499999999999953,0.2478052381725655,0.24659466101461103
mose,differential_entropy_epistemic,2,1.9499999999999962,0.2480172918475238,0.24659466101461103
mose,differential_entropy_epistemic,3,2.949999999999997,0.24829031458804673,0.24659466101461103
mose,differential_entropy_epistemic,4,3.949999999999998,0.2479456291436388,0.24659466101461103
mose,differential_entropy_epistemic,5,4.949999999999999,0.2480942907092217,0.24659466101461103
mose,differential_entropy_epistemic,6,5.900000000000006,0.2482398371885747,0.24659466101461103
mose,differential_entropy_epistemic,7,6.899999999999995,0.24843219086323565,0.24659466101461103
mose,differential_entropy_epistemic,8,7.899999999999996,0.24844015476077375,0.24659466101461103
mose,differential_entropy_epistemic,9,8.899999999999997,0.24805763587136778,0.24659466101461103
mose,differential_entropy_epistemic,10,9.899999999999999,0.24911667247824346,0.24659466101461103
mose,differential_entropy_epistemic,11,10.850000000000005,0.24918440499423558,0.24659466101461103
mose,differential_entropy_epistemic,12,11.850000000000005,0.24937599624810683,0.24659466101461103
mose,differential_entropy_epistemic,13,12.849999999999994,0.2493660489865865,0.24659466101461103
mose,differential_entropy_epistemic,14,13.849999999999996,0.24920043080008794,0.24659466101461103
mose,differential_entropy_epistemic,15,14.849999999999996,0.24951004194590906,0.24659466101461103
mose,differential_entropy_epistemic,16,15.800000000000002,0.24988723982832556,0.24659466101461103
mose,differential_entropy_epistemic,17,16.800000000000004,0.25025847580083194,0.24659466101461103
mose,differential_entropy_epistemic,18,17.800000000000004,0.2501542713036566,0.24659466101461103
mose,differential_entropy_epistemic,19,18.799999999999994,0.25023301704333073,0.24659466101461103
mose,differential_entropy_epistemic,20,19.799999999999997,0.25040621829538795,0.24659466101461103
mose,differential_entropy_epistemic,21,20.75,0.250318980831377,0.24659466101461103
mose,differential_entropy_epistemic,22,21.750000000000004,0.24962923028092496,0.24659466101461103
mose,differential_entropy_epistemic,23,22.750000000000004,0.24917424067930163,0.24659466101461103
mose,differential_entropy_epistemic,24,23.750000000000004,0.2498542535357676,0.24659466101461103
mose,differential_entropy_epistemic,25,24.750000000000007,0.25012687156926905,0.24659466101461103
mose,differential_entropy_epistemic,26,25.7,0.2503495340004703,0.24659466101461103
mose,differential_entropy_epistemic,27,26.700000000000003,0.2514124121727159,0.24659466101461103
mose,differential_entropy_epistemic,28,27.700000000000003,0.24941775822157872,0.24659466101461103
mose,differential_entropy_epistemic,29,28.700000000000003,0.24884428449073986,0.24659466101461103
mose,differential_entropy_epistemic,30,29.700000000000003,0.24955816425663252,0.24659466101461103
mose,differential_entropy_epistemic,31,30.65,0.24811075442745967,0.24659466101461103
mose,differential_entropy_epistemic,32,31.65,0.24767133631730215,0.24659466101461103
mose,differential_entropy_epistemic,33,32.65,0.24657889372043548,0.24659466101461103
mose,differential_entropy_epistemic,34,33.650000000000006,0.24685026864520396,0.24659466101461103
mose,differential_entropy_epistemic,35,34.650000000000006,0.24604704983934364,0.24659466101461103
mose,differential_entropy_epistemic,36,35.6,0.24590442904358054,0.24659466101461103
mose,differential_entropy_epistemic,37,36.6,0.24609800589463118,0.24659466101461103
mose,differential_entropy_epistemic,38,37.6,0.24690963233588767,0.24659466101461103
mose,differential_entropy_epistemic,39,38.6,0.24456695723729532,0.24659466101461103
mose,differential_entropy_epistemic,40,39.6,0.24446252514875694,0.24659466101461103
mose,differential_entropy_epistemic,41,40.55,0.2461850070518585,0.24659466101461103
mose,differential_entropy_epistemic,42,41.55,0.24765831552920362,0.24659466101461103
mose,differential_entropy_epistemic,43,42.55,0.24894141654251056,0.24659466101461103
mose,differential_entropy_epistemic,44,43.55,0.24995079889395103,0.24659466101461103
mose,differential_entropy_epistemic,45,44.55,0.24838703678720428,0.24659466101461103
mose,differential_entropy_epistemic,46,45.49999999999999,0.24874851329572956,0.24659466101461103
mose,differential_entropy_epistemic,47,46.5,0.24762442609761814,0.24659466101461103
mose,differential_entropy_epistemic,48,47.5,0.2487062476910471,0.24659466101461103
mose,differential_entropy_epistemic,49,48.5,0.24861832924069444,0.24659466101461103
mose,differential_entropy_epistemic,50,49.5,0.24920823347205714,0.24659466101461103
mose,differential_entropy_epistemic,51,50.449999999999996,0.24897689429138703,0.24659466101461103
mose,differential_entropy_epistemic,52,51.449999999999996,0.24849739121823217,0.24659466101461103
mose,differential_entropy_epistemic,53,52.449999999999996,0.2494685002707704,0.24659466101461103
mose,differential_entropy_epistemic,54,53.449999999999996,0.24896676319147493,0.24659466101461103
mose,differential_entropy_epistemic,55,54.449999999999996,0.24861849932698257,0.24659466101461103
mose,differential_entropy_epistemic,56,55.400000000000006,0.24812920039458872,0.24659466101461103
mose,differential_entropy_epistemic,57,56.400000000000006,0.2469787102642595,0.24659466101461103
mose,differential_entropy_epistemic,58,57.400000000000006,0.24861063635538738,0.24659466101461103
mose,differential_entropy_epistemic,59,58.400000000000006,0.25076447140870695,0.24659466101461103
mose,differential_entropy_epistemic,60,59.4,0.25281557253467185,0.24659466101461103
mose,differential_entropy_epistemic,61,60.349999999999994,0.25503651680488737,0.24659466101461103
mose,differential_entropy_epistemic,62,61.349999999999994,0.25504853161822827,0.24659466101461103
mose,differential_entropy_epistemic,63,62.349999999999994,0.25260313780226323,0.24659466101461103
mose,differential_entropy_epistemic,64,63.349999999999994,0.2517946148830496,0.24659466101461103
mose,differential_entropy_epistemic,65,64.35,0.24921932952385703,0.24659466101461103
mose,differential_entropy_epistemic,66,65.3,0.24698055772168542,0.24659466101461103
mose,differential_entropy_epistemic,67,66.3,0.24672602880338484,0.24659466101461103
mose,differential_entropy_epistemic,68,67.30000000000001,0.24879661375733098,0.24659466101461103
mose,differential_entropy_epistemic,69,68.30000000000001,0.250363013979573,0.24659466101461103
mose,differential_entropy_epistemic,70,69.30000000000001,0.2502459339324256,0.24659466101461103
mose,differential_entropy_epistemic,71,70.25,0.25108946356302536,0.24659466101461103
mose,differential_entropy_epistemic,72,71.25,0.25085915137005704,0.24659466101461103
mose,differential_entropy_epistemic,73,72.24999999999999,0.25125982220521764,0.24659466101461103
mose,differential_entropy_epistemic,74,73.25,0.25273879148717776,0.24659466101461103
mose,differential_entropy_epistemic,75,74.25,0.2527191135853427,0.24659466101461103
mose,differential_entropy_epistemic,76,75.2,0.25128827217420696,0.24659466101461103
mose,differential_entropy_epistemic,77,76.2,0.250281661721865,0.24659466101461103
mose,differential_entropy_epistemic,78,77.2,0.24919638963433768,0.24659466101461103
mose,differential_entropy_epistemic,79,78.2,0.2514306573128159,0.24659466101461103
mose,differential_entropy_epistemic,80,79.2,0.25087556700592334,0.24659466101461103
mose,differential_entropy_epistemic,81,80.15,0.2521329301120122,0.24659466101461103
mose,differential_entropy_epistemic,82,81.15,0.2502063970421381,0.24659466101461103
mose,differential_entropy_epistemic,83,82.15,0.2492137571741334,0.24659466101461103
mose,differential_entropy_epistemic,84,83.15,0.24966610641804574,0.24659466101461103
mose,differential_entropy_epistemic,85,84.15,0.24682963229586835,0.24659466101461103
mose,differential_entropy_epistemic,86,85.1,0.24733695794952035,0.24659466101461103
mose,differential_entropy_epistemic,87,86.1,0.2466919782040977,0.24659466101461103
mose,differential_entropy_epistemic,88,87.1,0.2450642284192492,0.24659466101461103
mose,differential_entropy_epistemic,89,88.1,0.2454247655737322,0.24659466101461103
mose,differential_entropy_epistemic,90,89.1,0.25067256593482407,0.24659466101461103
mose,differential_entropy_epistemic,91,90.05,0.25341486458750573,0.24659466101461103
mose,differential_entropy_epistemic,92,91.05,0.25981551402013725,0.24659466101461103
mose,differential_entropy_epistemic,93,92.05,0.25720079966319354,0.24659466101461103
mose,differential_entropy_epistemic,94,93.05,0.25426895616716366,0.24659466101461103
mose,differential_entropy_epistemic,95,94.05,0.252969168643316,0.24659466101461103
mose,differential_entropy_epistemic,96,95.0,0.243916467880943,0.24659466101461103
mose,differential_entropy_epistemic,97,96.0,0.24762316042293944,0.24659466101461103
mose,differential_entropy_epistemic,98,97.0,0.2504488409030262,0.24659466101461103
mose,differential_entropy_epistemic,99,98.0,0.24224897262716533,0.24659466101461103
mose,differential_entropy_epistemic,100,99.0,0.20682255840120792,0.24659466101461103
mose,variance_total,0,0.0,0.24773180157505365,0.24283112647801347
mose,variance_total,1,0.9499999999999953,0.24743050882418274,0.24283112647801347
mose,variance_total,2,1.9499999999999962,0.24716709626435873,0.24283112647801347
mose,variance_total,3,2.949999999999997,0.2476156917621284,0.24283112647801347
mose,variance_total,4,3.949999999999998,0.24754964532658835,0.24283112647801347
mose,variance_total,5,4.949999999999999,0.24771582443566825,0.24283112647801347
mose,variance_total,6,5.900000000000006,0.24766489080154677,0.24283112647801347
mose,variance_total,7,6.899999999999995,0.2475874748751615,0.24283112647801347
mose,variance_total,8,7.899999999999996,0.24761669600229202,0.24283112647801347
mose,variance_total,9,8.899999999999997,0.24809757395457838,0.24283112647801347
mose,variance_total,10,9.899999999999999,0.24818245246634632,0.24283112647801347
mose,variance_total,11,10.850000000000005,0.248419326919108,0.24283112647801347
mose,variance_total,12,11.850000000000005,0.24736904601002774,0.24283112647801347
mose,variance_total,13,12.849999999999994,0.24748645626215596,0.24283112647801347
mose,variance_total,14,13.849999999999996,0.24796661238442305,0.24283112647801347
mose,variance_total,15,14.849999999999996,0.2479725716801016,0.24283112647801347
mose,variance_total,16,15.800000000000002,0.2479244111121807,0.24283112647801347
mose,variance_total,17,16.800000000000004,0.2479502120473289,0.24283112647801347
mose,variance_total,18,17.800000000000004,0.24786503256919387,0.24283112647801347
mose,variance_total,19,18.799999999999994,0.24689689795391934,0.24283112647801347
mose,variance_total,20,19.799999999999997,0.24646735096540673,0.24283112647801347
mose,variance_total,21,20.75,0.2464325227008602,0.24283112647801347
mose,variance_total,22,21.750000000000004,0.24610321254698322,0.24283112647801347
mose,variance_total,23,22.750000000000004,0.24595070573625585,0.24283112647801347
mose,variance_total,24,23.750000000000004,0.24564164460608787,0.24283112647801347
mose,variance_total,25,24.750000000000007,0.2457820185896059,0.24283112647801347
mose,variance_total,26,25.7,0.24531623370245156,0.24283112647801347
mose,variance_total,27,26.700000000000003,0.24513929084878974,0.24283112647801347
mose,variance_total,28,27.700000000000003,0.24454164050545443,0.24283112647801347
mose,variance_total,29,28.700000000000003,0.24505968664475447,0.24283112647801347
mose,variance_total,30,29.700000000000003,0.24523260191157298,0.24283112647801347
mose,variance_total,31,30.65,0.24524445974148126,0.24283112647801347
mose,variance_total,32,31.65,0.2446478696919843,0.24283112647801347
mose,variance_total,33,32.65,0.24534920127191287,0.24283112647801347
mose,variance_total,34,33.650000000000006,0.2449339436436374,0.24283112647801347
mose,variance_total,35,34.650000000000006,0.24488147057164636,0.24283112647801347
mose,variance_total,36,35.6,0.2460634799479256,0.24283112647801347
mose,variance_total,37,36.6,0.2454136858664183,0.24283112647801347
mose,variance_total,38,37.6,0.2436632922889141,0.24283112647801347
mose,variance_total,39,38.6,0.24511699851161625,0.24283112647801347
mose,variance_total,40,39.6,0.2454615435689112,0.24283112647801347
mose,variance_total,41,40.55,0.24706439590119256,0.24283112647801347
mose,variance_total,42,41.55,0.2469431357834056,0.24283112647801347
mose,variance_total,43,42.55,0.24744344419247644,0.24283112647801347
mose,variance_total,44,43.55,0.2465723744595069,0.24283112647801347
mose,variance_total,45,44.55,0.24751201865478917,0.24283112647801347
mose,variance_total,46,45.49999999999999,0.24832588799509708,0.24283112647801347
mose,variance_total,47,46.5,0.2472416745909424,0.24283112647801347
mose,variance_total,48,47.5,0.2482590865079055,0.24283112647801347
mose,variance_total,49,48.5,0.2504421625108163,0.24283112647801347
mose,variance_total,50,49.5,0.24976520588780365,0.24283112647801347
mose,variance_total,51,50.449999999999996,0.2500913323079282,0.24283112647801347
mose,variance_total,52,51.449999999999996,0.25067089355442074,0.24283112647801347
mose,variance_total,53,52.449999999999996,0.2522598401236537,0.24283112647801347
mose,variance_total,54,53.449999999999996,0.25183814353180684,0.24283112647801347
mose,variance_total,55,54.449999999999996,0.25173189329816087,0.24283112647801347
mose,variance_total,56,55.400000000000006,0.25019220865178754,0.24283112647801347
mose,variance_total,57,56.400000000000006,0.24602394461639113,0.24283112647801347
mose,variance_total,58,57.400000000000006,0.2482551663354073,0.24283112647801347
mose,variance_total,59,58.400000000000006,0.24487053828747402,0.24283112647801347
mose,variance_total,60,59.4,0.24152065741818635,0.24283112647801347
mose,variance_total,61,60.349999999999994,0.2413183224947707,0.24283112647801347
mose,variance_total,62,61.349999999999994,0.24125556350676117,0.24283112647801347
mose,variance_total,63,62.349999999999994,0.2391410579722597,0.24283112647801347
mose,variance_total,64,63.349999999999994,0.23821940773247666,0.24283112647801347
mose,variance_total,65,64.35,0.2413254813704015,0.24283112647801347
mose,variance_total,66,65.3,0.24259096153643075,0.24283112647801347
mose,variance_total,67,66.3,0.2431971310884786,0.24283112647801347
mose,variance_total,68,67.30000000000001,0.24421802978879026,0.24283112647801347
mose,variance_total,69,68.30000000000001,0.24280683820474194,0.24283112647801347
mose,variance_total,70,69.30000000000001,0.24394428725952366,0.24283112647801347
mose,variance_total,71,70.25,0.2459977055786657,0.24283112647801347
mose,variance_total,72,71.25,0.24425085369550317,0.24283112647801347
mose,variance_total,73,72.24999999999999,0.24572889275455562,0.24283112647801347
mose,variance_total,74,73.25,0.24655455146828695,0.24283112647801347
mose,variance_total,75,74.25,0.24773983671810337,0.24283112647801347
mose,variance_total,76,75.2,0.2459229261147351,0.24283112647801347
mose,variance_total,77,76.2,0.24582782303026093,0.24283112647801347
mose,variance_total,78,77.2,0.2459165321999966,0.24283112647801347
mose,variance_total,79,78.2,0.2443374430548702,0.24283112647801347
mose,variance_total,80,79.2,0.24464357444401025,0.24283112647801347
mose,variance_total,81,80.15,0.24219266536403208,0.24283112647801347
mose,variance_total,82,81.15,0.2422894348572615,0.24283112647801347
mose,variance_total,83,82.15,0.24122459342998304,0.24283112647801347
mose,variance_total,84,83.15,0.24170399903204237,0.24283112647801347
mose,variance_total,85,84.15,0.24529652560760154,0.24283112647801347
mose,variance_total,86,85.1,0.24691421827511595,0.24283112647801347
mose,variance_total,87,86.1,0.24552699728025149,0.24283112647801347
mose,variance_total,88,87.1,0.2464945881379393,0.24283112647801347
mose,variance_total,89,88.1,0.24287868077176872,0.24283112647801347
mose,variance_total,90,89.1,0.2403915257367394,0.24283112647801347
mose,variance_total,91,90.05,0.23760670378488222,0.24283112647801347
mose,variance_total,92,91.05,0.2399926149219937,0.24283112647801347
mose,variance_total,93,92.05,0.23865660005525785,0.24283112647801347
mose,variance_total,94,93.05,0.2384798842621968,0.24283112647801347
mose,variance_total,95,94.05,0.23523898178422362,0.24283112647801347
mose,variance_total,96,95.0,0.24019609805989756,0.24283112647801347
mose,variance_total,97,96.0,0.23676934971406188,0.24283112647801347
mose,variance_total,98,97.0,0.23238924376141126,0.24283112647801347
mose,variance_total,99,98.0,0.24791852539175818,0.24283112647801347
mose,variance_total,100,99.0,0.24347837748524767,0.24283112647801347
mose,variance_aleatoric,0,0.0,0.24773180157505365,0.2398358125631851
mose,variance_aleatoric,1,0.9499999999999953,0.24743050882418274,0.2398358125631851
mose,variance_aleatoric,2,1.9499999999999962,0.24716709626435873,0.2398358125631851
mose,variance_aleatoric,3,2.949999999999997,0.24761569176212836,0.2398358125631851
mose,variance_aleatoric,4,3.949999999999998,0.24754964532658835,0.2398358125631851
mose,variance_aleatoric,5,4.949999999999999,0.24771582443566828,0.2398358125631851
mose,variance_aleatoric,6,5.900000000000006,0.24766489080154677,0.2398358125631851
mose,variance_aleatoric,7,6.899999999999995,0.2475874748751615,0.2398358125631851
mose,variance_aleatoric,8,7.899999999999996,0.24761669600229202,0.2398358125631851
mose,variance_aleatoric,9,8.899999999999997,0.2480975739545784,0.2398358125631851
mose,variance_aleatoric,10,9.899999999999999,0.24818245246634632,0.2398358125631851
mose,variance_aleatoric,11,10.850000000000005,0.248419326919108,0.2398358125631851
mose,variance_aleatoric,12,11.850000000000005,0.24736904601002774,0.2398358125631851
mose,variance_aleatoric,13,12.849999999999994,0.24748645626215596,0.2398358125631851
mose,variance_aleatoric,14,13.849999999999996,0.24796661238442305,0.2398358125631851
mose,variance_aleatoric,15,14.849999999999996,0.2479725716801016,0.2398358125631851
mose,variance_aleatoric,16,15.800000000000002,0.2479244111121807,0.2398358125631851
mose,variance_aleatoric,17,16.800000000000004,0.2479502120473289,0.2398358125631851
mose,variance_aleatoric,18,17.800000000000004,0.2478650325691939,0.2398358125631851
mose,variance_aleatoric,19,18.799999999999994,0.24689689795391934,0.2398358125631851
mose,variance_aleatoric,20,19.799999999999997,0.24646735096540676,0.2398358125631851
mose,variance_aleatoric,21,20.75,0.2464325227008602,0.2398358125631851
mose,variance_aleatoric,22,21.750000000000004,0.24610321254698322,0.2398358125631851
mose,variance_aleatoric,23,22.750000000000004,0.24595070573625585,0.2398358125631851
mose,variance_aleatoric,24,23.750000000000004,0.24564164460608787,0.2398358125631851
mose,variance_aleatoric,25,24.750000000000007,0.24578201858960597,0.2398358125631851
mose,variance_aleatoric,26,25.7,0.24531623370245156,0.2398358125631851
mose,variance_aleatoric,27,26.700000000000003,0.24513929084878974,0.2398358125631851
mose,variance_aleatoric,28,27.700000000000003,0.24454164050545443,0.2398358125631851
mose,variance_aleatoric,29,28.700000000000003,0.24505968664475447,0.2398358125631851
mose,variance_aleatoric,30,29.700000000000003,0.24523260191157298,0.2398358125631851
mose,variance_aleatoric,31,30.65,0.24524445974148132,0.2398358125631851
mose,variance_aleatoric,32,31.65,0.24464786969198424,0.2398358125631851
mose,variance_aleatoric,33,32.65,0.2453492012719129,0.2398358125631851
mose,variance_aleatoric,34,33.650000000000006,0.2449339436436374,0.2398358125631851
mose,variance_aleatoric,35,34.650000000000006,0.24488147057164636,0.2398358125631851
mose,variance_aleatoric,36,35.6,0.24606347994792566,0.2398358125631851
mose,variance_aleatoric,37,36.6,0.2454136858664183,0.2398358125631851
mose,variance_aleatoric,38,37.6,0.2436632922889141,0.2398358125631851
mose,variance_aleatoric,39,38.6,0.24511699851161625,0.2398358125631851
mose,variance_aleatoric,40,39.6,0.2454615435689112,0.2398358125631851
mose,variance_aleatoric,41,40.55,0.24706439590119256,0.2398358125631851
mose,variance_aleatoric,42,41.55,0.2469431357834056,0.2398358125631851
mose,variance_aleatoric,43,42.55,0.24744344419247644,0.2398358125631851
mose,variance_aleatoric,44,43.55,0.2465723744595069,0.2398358125631851
mose,variance_aleatoric,45,44.55,0.24751201865478917,0.2398358125631851
mose,variance_aleatoric,46,45.49999999999999,0.24832588799509703,0.2398358125631851
mose,variance_aleatoric,47,46.5,0.24724167459094246,0.2398358125631851
mose,variance_aleatoric,48,47.5,0.2482590865079055,0.2398358125631851
mose,variance_aleatoric,49,48.5,0.2504421625108163,0.2398358125631851
mose,variance_aleatoric,50,49.5,0.24976520588780365,0.2398358125631851
mose,variance_aleatoric,51,50.449999999999996,0.2500913323079282,0.2398358125631851
mose,variance_aleatoric,52,51.449999999999996,0.2506708935544208,0.2398358125631851
mose,variance_aleatoric,53,52.449999999999996,0.2522598401236537,0.2398358125631851
mose,variance_aleatoric,54,53.449999999999996,0.25183814353180684,0.2398358125631851
mose,variance_aleatoric,55,54.449999999999996,0.2517318932981608,0.2398358125631851
mose,variance_aleatoric,56,55.400000000000006,0.25019220865178754,0.2398358125631851
mose,variance_aleatoric,57,56.400000000000006,0.24602394461639113,0.2398358125631851
mose,variance_aleatoric,58,57.400000000000006,0.2482551663354073,0.2398358125631851
mose,variance_aleatoric,59,58.400000000000006,0.244870538287474,0.2398358125631851
mose,variance_aleatoric,60,59.4,0.24152065741818635,0.2398358125631851
mose,variance_aleatoric,61,60.349999999999994,0.2413183224947707,0.2398358125631851
mose,variance_aleatoric,62,61.349999999999994,0.2412555635067612,0.2398358125631851
mose,variance_aleatoric,63,62.349999999999994,0.23914105797225974,0.2398358125631851
mose,variance_aleatoric,64,63.349999999999994,0.23821940773247666,0.2398358125631851
mose,variance_aleatoric,65,64.35,0.2413254813704015,0.2398358125631851
mose,variance_aleatoric,66,65.3,0.24409010703878645,0.2398358125631851
mose,variance_aleatoric,67,66.3,0.24172309798515754,0.2398358125631851
mose,variance_aleatoric,68,67.30000000000001,0.24292406752763088,0.2398358125631851
mose,variance_aleatoric,69,68.30000000000001,0.24282156268730873,0.2398358125631851
mose,variance_aleatoric,70,69.30000000000001,0.24049601913537855,0.2398358125631851
mose,variance_aleatoric,71,70.25,0.2402034301900249,0.2398358125631851
mose,variance_aleatoric,72,71.25,0.23739170438976365,0.2398358125631851
mose,variance_aleatoric,73,72.24999999999999,0.23865869344292673,0.2398358125631851
mose,variance_aleatoric,74,73.25,0.23894912786252223,0.2398358125631851
mose,variance_aleatoric,75,74.25,0.23617591984922728,0.2398358125631851
mose,variance_aleatoric,76,75.2,0.23767788709101637,0.2398358125631851
mose,variance_aleatoric,77,76.2,0.2372271410113367,0.2398358125631851
mose,variance_aleatoric,78,77.2,0.2371287505280938,0.2398358125631851
mose,variance_aleatoric,79,78.2,0.2369722235943079,0.2398358125631851
mose,variance_aleatoric,80,79.2,0.23567717291821955,0.2398358125631851
mose,variance_aleatoric,81,80.15,0.23601224790640063,0.2398358125631851
mose,variance_aleatoric,82,81.15,0.2372964372611816,0.2398358125631851
mose,variance_aleatoric,83,82.15,0.23788986075370772,0.2398358125631851
mose,variance_aleatoric,84,83.15,0.23644440701385785,0.2398358125631851
mose,variance_aleatoric,85,84.15,0.23664069487783718,0.2398358125631851
mose,variance_aleatoric,86,85.1,0.23540139477669011,0.2398358125631851
mose,variance_aleatoric,87,86.1,0.231726658572088,0.2398358125631851
mose,variance_aleatoric,88,87.1,0.22970432616719738,0.2398358125631851
mose,variance_aleatoric,89,88.1,0.22823004588059848,0.2398358125631851
mose,variance_aleatoric,90,89.1,0.23092689604010724,0.2398358125631851
mose,variance_aleatoric,91,90.05,0.2306183947996831,0.2398358125631851
mose,variance_aleatoric,92,91.05,0.23018867463365458,0.2398358125631851
mose,variance_aleatoric,93,92.05,0.22906431031958954,0.2398358125631851
mose,variance_aleatoric,94,93.05,0.22292703823115118,0.2398358125631851
mose,variance_aleatoric,95,94.05,0.2215365952431134,0.2398358125631851
mose,variance_aleatoric,96,95.0,0.22210244158108491,0.2398358125631851
mose,variance_aleatoric,97,96.0,0.2292286987295756,0.2398358125631851
mose,variance_aleatoric,98,97.0,0.22312533712981727,0.2398358125631851
mose,variance_aleatoric,99,98.0,0.22005599852729393,0.2398358125631851
mose,variance_aleatoric,100,99.0,0.23606226101683042,0.2398358125631851
mose,variance_epistemic,0,0.0,0.24773180157505367,0.24684154489249102
mose,variance_epistemic,1,0.9499999999999953,0.2478148546021143,0.24684154489249102
mose,variance_epistemic,2,1.9499999999999962,0.24769940821670638,0.24684154489249102
mose,variance_epistemic,3,2.949999999999997,0.24795867166940952,0.24684154489249102
mose,variance_epistemic,4,3.949999999999998,0.247753073816363,0.24684154489249102
mose,variance_epistemic,5,4.949999999999999,0.24844538715870126,0.24684154489249102
mose,variance_epistemic,6,5.900000000000006,0.24833413881504612,0.24684154489249102
mose,variance_epistemic,7,6.899999999999995,0.24847383367847603,0.24684154489249102
mose,variance_epistemic,8,7.899999999999996,0.24827184381033304,0.24684154489249102
mose,variance_epistemic,9,8.899999999999997,0.24812863300333995,0.24684154489249102
mose,variance_epistemic,10,9.899999999999999,0.24869562536772105,0.24684154489249102
mose,variance_epistemic,11,10.850000000000005,0.24902874227269847,0.24684154489249102
mose,variance_epistemic,12,11.850000000000005,0.24924775531412585,0.24684154489249102
mose,variance_epistemic,13,12.849999999999994,0.24958597745037933,0.24684154489249102
mose,variance_epistemic,14,13.849999999999996,0.24941793337335538,0.24684154489249102
mose,variance_epistemic,15,14.849999999999996,0.24959362664848614,0.24684154489249102
mose,variance_epistemic,16,15.800000000000002,0.25013832206016007,0.24684154489249102
mose,variance_epistemic,17,16.800000000000004,0.2500937266597597,0.24684154489249102
mose,variance_epistemic,18,17.800000000000004,0.2499935837232108,0.24684154489249102
mose,variance_epistemic,19,18.799999999999994,0.25035483128970853,0.24684154489249102
mose,variance_epistemic,20,19.799999999999997,0.250470093139595,0.24684154489249102
mose,variance_epistemic,21,20.75,0.24978081351828915,0.24684154489249102
mose,variance_epistemic,22,21.750000000000004,0.2488899626498261,0.24684154489249102
mose,variance_epistemic,23,22.750000000000004,0.24946828437106836,0.24684154489249102
mose,variance_epistemic,24,23.750000000000004,0.24975373778754661,0.24684154489249102
mose,variance_epistemic,25,24.750000000000007,0.25023462931917123,0.24684154489249102
mose,variance_epistemic,26,25.7,0.2501391189237214,0.24684154489249102
mose,variance_epistemic,27,26.700000000000003,0.25040038374708934,0.24684154489249102
mose,variance_epistemic,28,27.700000000000003,0.2501809936579777,0.24684154489249102
mose,variance_epistemic,29,28.700000000000003,0.24930345610563234,0.24684154489249102
mose,variance_epistemic,30,29.700000000000003,0.24737341251717845,0.24684154489249102
mose,variance_epistemic,31,30.65,0.24715704402904526,0.24684154489249102
mose,variance_epistemic,32,31.65,0.24795632950482158,0.24684154489249102
mose,variance_epistemic,33,32.65,0.24855479352548474,0.24684154489249102
mose,variance_epistemic,34,33.650000000000006,0.24833032966565177,0.24684154489249102
mose,variance_epistemic,35,34.650000000000006,0.2488420684719133,0.24684154489249102
mose,variance_epistemic,36,35.6,0.2499325701786715,0.24684154489249102
mose,variance_epistemic,37,36.6,0.24964084313042667,0.24684154489249102
mose,variance_epistemic,38,37.6,0.25064206937976363,0.24684154489249102
mose,variance_epistemic,39,38.6,0.25234932166323903,0.24684154489249102
mose,variance_epistemic,40,39.6,0.2530724155901536,0.24684154489249102
mose,variance_epistemic,41,40.55,0.2516563551847102,0.24684154489249102
mose,variance_epistemic,42,41.55,0.2512471687108196,0.24684154489249102
mose,variance_epistemic,43,42.55,0.25060399186800036,0.24684154489249102
mose,variance_epistemic,44,43.55,0.2509761066679019,0.24684154489249102
mose,variance_epistemic,45,44.55,0.25100618617983744,0.24684154489249102
mose,variance_epistemic,46,45.49999999999999,0.2513567711983885,0.24684154489249102
mose,variance_epistemic,47,46.5,0.24863280188822215,0.24684154489249102
mose,variance_epistemic,48,47.5,0.24953961368563232,0.24684154489249102
mose,variance_epistemic,49,48.5,0.25038903759302605,0.24684154489249102
mose,variance_epistemic,50,49.5,0.25033083855073157,0.24684154489249102
mose,variance_epistemic,51,50.449999999999996,0.24999441192127714,0.24684154489249102
mose,variance_epistemic,52,51.449999999999996,0.2499089995488256,0.24684154489249102
mose,variance_epistemic,53,52.449999999999996,0.25003084126918945,0.24684154489249102
mose,variance_epistemic,54,53.449999999999996,0.24939557319409647,0.24684154489249102
mose,variance_epistemic,55,54.449999999999996,0.24961202280094805,0.24684154489249102
mose,variance_epistemic,56,55.400000000000006,0.25024024052020516,0.24684154489249102
mose,variance_epistemic,57,56.400000000000006,0.2509294628897185,0.24684154489249102
mose,variance_epistemic,58,57.400000000000006,0.249879359369534,0.24684154489249102
mose,variance_epistemic,59,58.400000000000006,0.25074667258278827,0.24684154489249102
mose,variance_epistemic,60,59.4,0.24968636769748048,0.24684154489249102
mose,variance_epistemic,61,60.349999999999994,0.24819534706202165,0.24684154489249102
mose,variance_epistemic,62,61.349999999999994,0.24682965178111235,0.24684154489249102
mose,variance_epistemic,63,62.349999999999994,0.24827855467271367,0.24684154489249102
mose,variance_epistemic,64,63.349999999999994,0.24888854241112934,0.24684154489249102
mose,variance_epistemic,65,64.35,0.25129563148365763,0.24684154489249102
mose,variance_epistemic,66,65.3,0.24917508287242254,0.24684154489249102
mose,variance_epistemic,67,66.3,0.2507770608664967,0.24684154489249102
mose,variance_epistemic,68,67.30000000000001,0.24910050104321382,0.24684154489249102
mose,variance_epistemic,69,68.30000000000001,0.2497787099312485,0.24684154489249102
mose,variance_epistemic,70,69.30000000000001,0.24986101991953372,0.24684154489249102
mose,variance_epistemic,71,70.25,0.2519476995015805,0.24684154489249102
mose,variance_epistemic,72,71.25,0.2517609725155344,0.24684154489249102
mose,variance_epistemic,73,72.24999999999999,0.2504271932737443,0.24684154489249102
mose,variance_epistemic,74,73.25,0.24976371546257992,0.24684154489249102
mose,variance_epistemic,75,74.25,0.2500778886632482,0.24684154489249102
mose,variance_epistemic,76,75.2,0.2510999652179996,0.24684154489249102
mose,variance_epistemic,77,76.2,0.25141186213455813,0.24684154489249102
mose,variance_epistemic,78,77.2,0.2520520804056492,0.24684154489249102
mose,variance_epistemic,79,78.2,0.2515939573779041,0.24684154489249102
mose,variance_epistemic,80,79.2,0.25203109201041896,0.24684154489249102
mose,variance_epistemic,81,80.15,0.251516999752501,0.24684154489249102
mose,variance_epistemic,82,81.15,0.24914900725752395,0.24684154489249102
mose,variance_epistemic,83,82.15,0.2512805120658863,0.24684154489249102
mose,variance_epistemic,84,83.15,0.24868373291514792,0.24684154489249102
mose,variance_epistemic,85,84.15,0.250615801287474,0.24684154489249102
mose,variance_epistemic,86,85.1,0.25240310476548683,0.24684154489249102
mose,variance_epistemic,87,86.1,0.25349506733537663,0.24684154489249102
mose,variance_epistemic,88,87.1,0.2491274831458044,0.24684154489249102
mose,variance_epistemic,89,88.1,0.24723012521535778,0.24684154489249102
mose,variance_epistemic,90,89.1,0.24641703244784102,0.24684154489249102
mose,variance_epistemic,91,90.05,0.24808716108177317,0.24684154489249102
mose,variance_epistemic,92,91.05,0.24375728228607477,0.24684154489249102
mose,variance_epistemic,93,92.05,0.2447165323260322,0.24684154489249102
mose,variance_epistemic,94,93.05,0.23945516013872384,0.24684154489249102
mose,variance_epistemic,95,94.05,0.2475192947134894,0.24684154489249102
mose,variance_epistemic,96,95.0,0.2530915510976457,0.24684154489249102
mose,variance_epistemic,97,96.0,0.24666343315919156,0.24684154489249102
mose,variance_epistemic,98,97.0,0.2533421916804645,0.24684154489249102
mose,variance_epistemic,99,98.0,0.2460189352796897,0.24684154489249102
mose,variance_epistemic,100,99.0,0.2111125040571769,0.24684154489249102
mose,alpha_volume_total_5%,0,0.0,0.24773180157505367,0.25643363113762857
mose,alpha_volume_total_5%,1,0.9499999999999953,0.24856801832610498,0.25643363113762857
mose,alpha_volume_total_5%,2,1.9499999999999962,0.24905713521217554,0.25643363113762857
mose,alpha_volume_total_5%,3,2.949999999999997,0.2494064985236626,0.25643363113762857
mose,alpha_volume_total_5%,4,3.949999999999998,0.24899727917258663,0.25643363113762857
mose,alpha_volume_total_5%,5,4.949999999999999,0.25012486652711763,0.25643363113762857
mose,alpha_volume_total_5%,6,5.900000000000006,0.24996810677697615,0.25643363113762857
mose,alpha_volume_total_5%,7,6.899999999999995,0.25078931827126155,0.25643363113762857
mose,alpha_volume_total_5%,8,7.899999999999996,0.25097315518933605,0.25643363113762857
mose,alpha_volume_total_5%,9,8.899999999999997,0.2508557483914914,0.25643363113762857
mose,alpha_volume_total_5%,10,9.899999999999999,0.25127636495507855,0.25643363113762857
mose,alpha_volume_total_5%,11,10.850000000000005,0.25126574956237285,0.25643363113762857
mose,alpha_volume_total_5%,12,11.850000000000005,0.25072209154560876,0.25643363113762857
mose,alpha_volume_total_5%,13,12.849999999999994,0.2512401535925521,0.25643363113762857
mose,alpha_volume_total_5%,14,13.849999999999996,0.2516350809877346,0.25643363113762857
mose,alpha_volume_total_5%,15,14.849999999999996,0.2509991005481265,0.25643363113762857
mose,alpha_volume_total_5%,16,15.800000000000002,0.2508996069994458,0.25643363113762857
mose,alpha_volume_total_5%,17,16.800000000000004,0.2513893223249596,0.25643363113762857
mose,alpha_volume_total_5%,18,17.800000000000004,0.2511418983474734,0.25643363113762857
mose,alpha_volume_total_5%,19,18.799999999999994,0.2505864540085906,0.25643363113762857
mose,alpha_volume_total_5%,20,19.799999999999997,0.250919347192401,0.25643363113762857
mose,alpha_volume_total_5%,21,20.75,0.25067964652448615,0.25643363113762857
mose,alpha_volume_total_5%,22,21.750000000000004,0.2512797462445354,0.25643363113762857
mose,alpha_volume_total_5%,23,22.750000000000004,0.25119926788834834,0.25643363113762857
mose,alpha_volume_total_5%,24,23.750000000000004,0.2514433438766628,0.25643363113762857
mose,alpha_volume_total_5%,25,24.750000000000007,0.25071957522838506,0.25643363113762857
mose,alpha_volume_total_5%,26,25.7,0.2502672669290759,0.25643363113762857
mose,alpha_volume_total_5%,27,26.700000000000003,0.251506068395672,0.25643363113762857
mose,alpha_volume_total_5%,28,27.700000000000003,0.25036678532754314,0.25643363113762857
mose,alpha_volume_total_5%,29,28.700000000000003,0.25052968512772256,0.25643363113762857
mose,alpha_volume_total_5%,30,29.700000000000003,0.2497455819467233,0.25643363113762857
mose,alpha_volume_total_5%,31,30.65,0.2489452451915127,0.25643363113762857
mose,alpha_volume_total_5%,32,31.65,0.24846002150165927,0.25643363113762857
mose,alpha_volume_total_5%,33,32.65,0.24795034426009832,0.25643363113762857
mose,alpha_volume_total_5%,34,33.650000000000006,0.24848566432953445,0.25643363113762857
mose,alpha_volume_total_5%,35,34.650000000000006,0.24889160024602017,0.25643363113762857
mose,alpha_volume_total_5%,36,35.6,0.2489351036299893,0.25643363113762857
mose,alpha_volume_total_5%,37,36.6,0.24937256033865418,0.25643363113762857
mose,alpha_volume_total_5%,38,37.6,0.24957392638788775,0.25643363113762857
mose,alpha_volume_total_5%,39,38.6,0.24903543386862334,0.25643363113762857
mose,alpha_volume_total_5%,40,39.6,0.24967310834137396,0.25643363113762857
mose,alpha_volume_total_5%,41,40.55,0.2495310918134767,0.25643363113762857
mose,alpha_volume_total_5%,42,41.55,0.25027936099190773,0.25643363113762857
mose,alpha_volume_total_5%,43,42.55,0.24983649150831547,0.25643363113762857
mose,alpha_volume_total_5%,44,43.55,0.24986713792306686,0.25643363113762857
mose,alpha_volume_total_5%,45,44.55,0.2496240395006785,0.25643363113762857
mose,alpha_volume_total_5%,46,45.49999999999999,0.2494006236842296,0.25643363113762857
mose,alpha_volume_total_5%,47,46.5,0.24899465365739096,0.25643363113762857
mose,alpha_volume_total_5%,48,47.5,0.24837925515645717,0.25643363113762857
mose,alpha_volume_total_5%,49,48.5,0.24928468065708903,0.25643363113762857
mose,alpha_volume_total_5%,50,49.5,0.24962205717941494,0.25643363113762857
mose,alpha_volume_total_5%,51,50.449999999999996,0.2507594311653945,0.25643363113762857
mose,alpha_volume_total_5%,52,51.449999999999996,0.2511588769730414,0.25643363113762857
mose,alpha_volume_total_5%,53,52.449999999999996,0.25184028501752553,0.25643363113762857
mose,alpha_volume_total_5%,54,53.449999999999996,0.25278282691552084,0.25643363113762857
mose,alpha_volume_total_5%,55,54.449999999999996,0.252242666383713,0.25643363113762857
mose,alpha_volume_total_5%,56,55.400000000000006,0.25293468058825447,0.25643363113762857
mose,alpha_volume_total_5%,57,56.400000000000006,0.25211209830916465,0.25643363113762857
mose,alpha_volume_total_5%,58,57.400000000000006,0.2533715719785022,0.25643363113762857
mose,alpha_volume_total_5%,59,58.400000000000006,0.25390923681730865,0.25643363113762857
mose,alpha_volume_total_5%,60,59.4,0.25329369142572644,0.25643363113762857
mose,alpha_volume_total_5%,61,60.349999999999994,0.253377081037253,0.25643363113762857
mose,alpha_volume_total_5%,62,61.349999999999994,0.2549581164217356,0.25643363113762857
mose,alpha_volume_total_5%,63,62.349999999999994,0.25490817449496483,0.25643363113762857
mose,alpha_volume_total_5%,64,63.349999999999994,0.2555317446705203,0.25643363113762857
mose,alpha_volume_total_5%,65,64.35,0.2547987730649149,0.25643363113762857
mose,alpha_volume_total_5%,66,65.3,0.25624794264352185,0.25643363113762857
mose,alpha_volume_total_5%,67,66.3,0.2566870723272434,0.25643363113762857
mose,alpha_volume_total_5%,68,67.30000000000001,0.2575480698313829,0.25643363113762857
mose,alpha_volume_total_5%,69,68.30000000000001,0.257241679794356,0.25643363113762857
mose,alpha_volume_total_5%,70,69.30000000000001,0.2598037311536785,0.25643363113762857
mose,alpha_volume_total_5%,71,70.25,0.26129255135589424,0.25643363113762857
mose,alpha_volume_total_5%,72,71.25,0.2628058417142993,0.25643363113762857
mose,alpha_volume_total_5%,73,72.24999999999999,0.263064320711432,0.25643363113762857
mose,alpha_volume_total_5%,74,73.25,0.26346689067287554,0.25643363113762857
mose,alpha_volume_total_5%,75,74.25,0.2655543200552775,0.25643363113762857
mose,alpha_volume_total_5%,76,75.2,0.2669854805464074,0.25643363113762857
mose,alpha_volume_total_5%,77,76.2,0.26637798885889136,0.25643363113762857
mose,alpha_volume_total_5%,78,77.2,0.27117293189000724,0.25643363113762857
mose,alpha_volume_total_5%,79,78.2,0.26983260806745973,0.25643363113762857
mose,alpha_volume_total_5%,80,79.2,0.26764037485691755,0.25643363113762857
mose,alpha_volume_total_5%,81,80.15,0.2686602297922503,0.25643363113762857
mose,alpha_volume_total_5%,82,81.15,0.2672197033362165,0.25643363113762857
mose,alpha_volume_total_5%,83,82.15,0.2689480504679855,0.25643363113762857
mose,alpha_volume_total_5%,84,83.15,0.27140740883942877,0.25643363113762857
mose,alpha_volume_total_5%,85,84.15,0.2763807790712615,0.25643363113762857
mose,alpha_volume_total_5%,86,85.1,0.27291304150945184,0.25643363113762857
mose,alpha_volume_total_5%,87,86.1,0.2800638528056776,0.25643363113762857
mose,alpha_volume_total_5%,88,87.1,0.28332929289924447,0.25643363113762857
mose,alpha_volume_total_5%,89,88.1,0.2884536461850877,0.25643363113762857
mose,alpha_volume_total_5%,90,89.1,0.29155469431721076,0.25643363113762857
mose,alpha_volume_total_5%,91,90.05,0.2885949925915049,0.25643363113762857
mose,alpha_volume_total_5%,92,91.05,0.29333030940999366,0.25643363113762857
mose,alpha_volume_total_5%,93,92.05,0.2956850845661627,0.25643363113762857
mose,alpha_volume_total_5%,94,93.05,0.29809157841441425,0.25643363113762857
mose,alpha_volume_total_5%,95,94.05,0.30189949599175975,0.25643363113762857
mose,alpha_volume_total_5%,96,95.0,0.29643235251789823,0.25643363113762857
mose,alpha_volume_total_5%,97,96.0,0.3027809379041943,0.25643363113762857
mose,alpha_volume_total_5%,98,97.0,0.29733157735589727,0.25643363113762857
mose,alpha_volume_total_5%,99,98.0,0.26737636763071093,0.25643363113762857
mose,alpha_volume_total_5%,100,99.0,0.2422538976657201,0.25643363113762857
mose,alpha_volume_aleatoric_5%,0,0.0,0.24773180157505367,0.25643363113762857
mose,alpha_volume_aleatoric_5%,1,0.9499999999999953,0.24856801832610498,0.25643363113762857
mose,alpha_volume_aleatoric_5%,2,1.9499999999999962,0.24905713521217554,0.25643363113762857
mose,alpha_volume_aleatoric_5%,3,2.949999999999997,0.2494064985236626,0.25643363113762857
mose,alpha_volume_aleatoric_5%,4,3.949999999999998,0.24899727917258663,0.25643363113762857
mose,alpha_volume_aleatoric_5%,5,4.949999999999999,0.25012486652711763,0.25643363113762857
mose,alpha_volume_aleatoric_5%,6,5.900000000000006,0.24996810677697615,0.25643363113762857
mose,alpha_volume_aleatoric_5%,7,6.899999999999995,0.25078931827126155,0.25643363113762857
mose,alpha_volume_aleatoric_5%,8,7.899999999999996,0.25097315518933605,0.25643363113762857
mose,alpha_volume_aleatoric_5%,9,8.899999999999997,0.2508557483914914,0.25643363113762857
mose,alpha_volume_aleatoric_5%,10,9.899999999999999,0.25127636495507855,0.25643363113762857
mose,alpha_volume_aleatoric_5%,11,10.850000000000005,0.25126574956237285,0.25643363113762857
mose,alpha_volume_aleatoric_5%,12,11.850000000000005,0.25072209154560876,0.25643363113762857
mose,alpha_volume_aleatoric_5%,13,12.849999999999994,0.2512401535925521,0.25643363113762857
mose,alpha_volume_aleatoric_5%,14,13.849999999999996,0.2516350809877346,0.25643363113762857
mose,alpha_volume_aleatoric_5%,15,14.849999999999996,0.2509991005481265,0.25643363113762857
mose,alpha_volume_aleatoric_5%,16,15.800000000000002,0.2508996069994458,0.25643363113762857
mose,alpha_volume_aleatoric_5%,17,16.800000000000004,0.2513893223249596,0.25643363113762857
mose,alpha_volume_aleatoric_5%,18,17.800000000000004,0.2511418983474734,0.25643363113762857
mose,alpha_volume_aleatoric_5%,19,18.799999999999994,0.2505864540085906,0.25643363113762857
mose,alpha_volume_aleatoric_5%,20,19.799999999999997,0.250919347192401,0.25643363113762857
mose,alpha_volume_aleatoric_5%,21,20.75,0.25067964652448615,0.25643363113762857
mose,alpha_volume_aleatoric_5%,22,21.750000000000004,0.2512797462445354,0.25643363113762857
mose,alpha_volume_aleatoric_5%,23,22.750000000000004,0.25119926788834834,0.25643363113762857
mose,alpha_volume_aleatoric_5%,24,23.750000000000004,0.2514433438766628,0.25643363113762857
mose,alpha_volume_aleatoric_5%,25,24.750000000000007,0.25071957522838506,0.25643363113762857
mose,alpha_volume_aleatoric_5%,26,25.7,0.2502672669290759,0.25643363113762857
mose,alpha_volume_aleatoric_5%,27,26.700000000000003,0.251506068395672,0.25643363113762857
mose,alpha_volume_aleatoric_5%,28,27.700000000000003,0.25036678532754314,0.25643363113762857
mose,alpha_volume_aleatoric_5%,29,28.700000000000003,0.25052968512772256,0.25643363113762857
mose,alpha_volume_aleatoric_5%,30,29.700000000000003,0.2497455819467233,0.25643363113762857
mose,alpha_volume_aleatoric_5%,31,30.65,0.2489452451915127,0.25643363113762857
mose,alpha_volume_aleatoric_5%,32,31.65,0.24846002150165927,0.25643363113762857
mose,alpha_volume_aleatoric_5%,33,32.65,0.24795034426009832,0.25643363113762857
mose,alpha_volume_aleatoric_5%,34,33.650000000000006,0.24848566432953445,0.25643363113762857
mose,alpha_volume_aleatoric_5%,35,34.650000000000006,0.24889160024602017,0.25643363113762857
mose,alpha_volume_aleatoric_5%,36,35.6,0.2489351036299893,0.25643363113762857
mose,alpha_volume_aleatoric_5%,37,36.6,0.24937256033865418,0.25643363113762857
mose,alpha_volume_aleatoric_5%,38,37.6,0.24957392638788775,0.25643363113762857
mose,alpha_volume_aleatoric_5%,39,38.6,0.24903543386862334,0.25643363113762857
mose,alpha_volume_aleatoric_5%,40,39.6,0.24967310834137396,0.25643363113762857
mose,alpha_volume_aleatoric_5%,41,40.55,0.2495310918134767,0.25643363113762857
mose,alpha_volume_aleatoric_5%,42,41.55,0.25027936099190773,0.25643363113762857
mose,alpha_volume_aleatoric_5%,43,42.55,0.24983649150831547,0.25643363113762857
mose,alpha_volume_aleatoric_5%,44,43.55,0.24986713792306686,0.25643363113762857
mose,alpha_volume_aleatoric_5%,45,44.55,0.2496240395006785,0.25643363113762857
mose,alpha_volume_aleatoric_5%,46,45.49999999999999,0.2494006236842296,0.25643363113762857
mose,alpha_volume_aleatoric_5%,47,46.5,0.24899465365739096,0.25643363113762857
mose,alpha_volume_aleatoric_5%,48,47.5,0.24837925515645717,0.25643363113762857
mose,alpha_volume_aleatoric_5%,49,48.5,0.24928468065708903,0.25643363113762857
mose,alpha_volume_aleatoric_5%,50,49.5,0.24962205717941494,0.25643363113762857
mose,alpha_volume_aleatoric_5%,51,50.449999999999996,0.2507594311653945,0.25643363113762857
mose,alpha_volume_aleatoric_5%,52,51.449999999999996,0.2511588769730414,0.25643363113762857
mose,alpha_volume_aleatoric_5%,53,52.449999999999996,0.25184028501752553,0.25643363113762857
mose,alpha_volume_aleatoric_5%,54,53.449999999999996,0.25278282691552084,0.25643363113762857
mose,alpha_volume_aleatoric_5%,55,54.449999999999996,0.252242666383713,0.25643363113762857
mose,alpha_volume_aleatoric_5%,56,55.400000000000006,0.25293468058825447,0.25643363113762857
mose,alpha_volume_aleatoric_5%,57,56.400000000000006,0.25211209830916465,0.25643363113762857
mose,alpha_volume_aleatoric_5%,58,57.400000000000006,0.2533715719785022,0.25643363113762857
mose,alpha_volume_aleatoric_5%,59,58.400000000000006,0.25390923681730865,0.25643363113762857
mose,alpha_volume_aleatoric_5%,60,59.4,0.25329369142572644,0.25643363113762857
mose,alpha_volume_aleatoric_5%,61,60.349999999999994,0.253377081037253,0.25643363113762857
mose,alpha_volume_aleatoric_5%,62,61.349999999999994,0.2549581164217356,0.25643363113762857
mose,alpha_volume_aleatoric_5%,63,62.349999999999994,0.25490817449496483,0.25643363113762857
mose,alpha_volume_aleatoric_5%,64,63.349999999999994,0.2555317446705203,0.25643363113762857
mose,alpha_volume_aleatoric_5%,65,64.35,0.2547987730649149,0.25643363113762857
mose,alpha_volume_aleatoric_5%,66,65.3,0.25624794264352185,0.25643363113762857
mose,alpha_volume_aleatoric_5%,67,66.3,0.2566870723272434,0.25643363113762857
mose,alpha_volume_aleatoric_5%,68,67.30000000000001,0.2575480698313829,0.25643363113762857
mose,alpha_volume_aleatoric_5%,69,68.30000000000001,0.257241679794356,0.25643363113762857
mose,alpha_volume_aleatoric_5%,70,69.30000000000001,0.2598037311536785,0.25643363113762857
mose,alpha_volume_aleatoric_5%,71,70.25,0.26129255135589424,0.25643363113762857
mose,alpha_volume_aleatoric_5%,72,71.25,0.2628058417142993,0.25643363113762857
mose,alpha_volume_aleatoric_5%,73,72.24999999999999,0.263064320711432,0.25643363113762857
mose,alpha_volume_aleatoric_5%,74,73.25,0.26346689067287554,0.25643363113762857
mose,alpha_volume_aleatoric_5%,75,74.25,0.2655543200552775,0.25643363113762857
mose,alpha_volume_aleatoric_5%,76,75.2,0.2669854805464074,0.25643363113762857
mose,alpha_volume_aleatoric_5%,77,76.2,0.26637798885889136,0.25643363113762857
mose,alpha_volume_aleatoric_5%,78,77.2,0.27117293189000724,0.25643363113762857
mose,alpha_volume_aleatoric_5%,79,78.2,0.26983260806745973,0.25643363113762857
mose,alpha_volume_aleatoric_5%,80,79.2,0.26764037485691755,0.25643363113762857
mose,alpha_volume_aleatoric_5%,81,80.15,0.2686602297922503,0.25643363113762857
mose,alpha_volume_aleatoric_5%,82,81.15,0.2672197033362165,0.25643363113762857
mose,alpha_volume_aleatoric_5%,83,82.15,0.2689480504679855,0.25643363113762857
mose,alpha_volume_aleatoric_5%,84,83.15,0.27140740883942877,0.25643363113762857
mose,alpha_volume_aleatoric_5%,85,84.15,0.2763807790712615,0.25643363113762857
mose,alpha_volume_aleatoric_5%,86,85.1,0.27291304150945184,0.25643363113762857
mose,alpha_volume_aleatoric_5%,87,86.1,0.2800638528056776,0.25643363113762857
mose,alpha_volume_aleatoric_5%,88,87.1,0.28332929289924447,0.25643363113762857
mose,alpha_volume_aleatoric_5%,89,88.1,0.2884536461850877,0.25643363113762857
mose,alpha_volume_aleatoric_5%,90,89.1,0.29155469431721076,0.25643363113762857
mose,alpha_volume_aleatoric_5%,91,90.05,0.2885949925915049,0.25643363113762857
mose,alpha_volume_aleatoric_5%,92,91.05,0.29333030940999366,0.25643363113762857
mose,alpha_volume_aleatoric_5%,93,92.05,0.2956850845661627,0.25643363113762857
mose,alpha_volume_aleatoric_5%,94,93.05,0.29809157841441425,0.25643363113762857
mose,alpha_volume_aleatoric_5%,95,94.05,0.30189949599175975,0.25643363113762857
mose,alpha_volume_aleatoric_5%,96,95.0,0.29643235251789823,0.25643363113762857
mose,alpha_volume_aleatoric_5%,97,96.0,0.3027809379041943,0.25643363113762857
mose,alpha_volume_aleatoric_5%,98,97.0,0.29733157735589727,0.25643363113762857
mose,alpha_volume_aleatoric_5%,99,98.0,0.26737636763071093,0.25643363113762857
mose,alpha_volume_aleatoric_5%,100,99.0,0.2422538976657201,0.25643363113762857
mose,alpha_volume_epistemic_5%,0,0.0,0.24773180157505365,0.24585639669404613
mose,alpha_volume_epistemic_5%,1,0.9499999999999953,0.2476644029767397,0.24585639669404613
mose,alpha_volume_epistemic_5%,2,1.9499999999999962,0.24789220395124634,0.24585639669404613
mose,alpha_volume_epistemic_5%,3,2.949999999999997,0.24818028498912642,0.24585639669404613
mose,alpha_volume_epistemic_5%,4,3.949999999999998,0.2480506111566898,0.24585639669404613
mose,alpha_volume_epistemic_5%,5,4.949999999999999,0.24813331824447665,0.24585639669404613
mose,alpha_volume_epistemic_5%,6,5.900000000000006,0.24822961233363186,0.24585639669404613
mose,alpha_volume_epistemic_5%,7,6.899999999999995,0.24830305461400218,0.24585639669404613
mose,alpha_volume_epistemic_5%,8,7.899999999999996,0.24857390717840613,0.24585639669404613
mose,alpha_volume_epistemic_5%,9,8.899999999999997,0.24888593274449763,0.24585639669404613
mose,alpha_volume_epistemic_5%,10,9.899999999999999,0.2490878044313449,0.24585639669404613
mose,alpha_volume_epistemic_5%,11,10.850000000000005,0.24943687268832032,0.24585639669404613
mose,alpha_volume_epistemic_5%,12,11.850000000000005,0.24920875018494773,0.24585639669404613
mose,alpha_volume_epistemic_5%,13,12.849999999999994,0.24887180204080925,0.24585639669404613
mose,alpha_volume_epistemic_5%,14,13.849999999999996,0.24926302465596165,0.24585639669404613
mose,alpha_volume_epistemic_5%,15,14.849999999999996,0.24961861707211813,0.24585639669404613
mose,alpha_volume_epistemic_5%,16,15.800000000000002,0.24998756026443777,0.24585639669404613
mose,alpha_volume_epistemic_5%,17,16.800000000000004,0.24974492847512136,0.24585639669404613
mose,alpha_volume_epistemic_5%,18,17.800000000000004,0.25024620155618504,0.24585639669404613
mose,alpha_volume_epistemic_5%,19,18.799999999999994,0.24980627437990086,0.24585639669404613
mose,alpha_volume_epistemic_5%,20,19.799999999999997,0.24950996659781463,0.24585639669404613
mose,alpha_volume_epistemic_5%,21,20.75,0.2499319395153493,0.24585639669404613
mose,alpha_volume_epistemic_5%,22,21.750000000000004,0.24964892205597572,0.24585639669404613
mose,alpha_volume_epistemic_5%,23,22.750000000000004,0.24995154900934372,0.24585639669404613
mose,alpha_volume_epistemic_5%,24,23.750000000000004,0.25037074910811946,0.24585639669404613
mose,alpha_volume_epistemic_5%,25,24.750000000000007,0.25017519035138286,0.24585639669404613
mose,alpha_volume_epistemic_5%,26,25.7,0.25018484427408555,0.24585639669404613
mose,alpha_volume_epistemic_5%,27,26.700000000000003,0.2505659204829215,0.24585639669404613
mose,alpha_volume_epistemic_5%,28,27.700000000000003,0.25072586738048586,0.24585639669404613
mose,alpha_volume_epistemic_5%,29,28.700000000000003,0.2508343652463895,0.24585639669404613
mose,alpha_volume_epistemic_5%,30,29.700000000000003,0.24965310204336646,0.24585639669404613
mose,alpha_volume_epistemic_5%,31,30.65,0.24973672347458428,0.24585639669404613
mose,alpha_volume_epistemic_5%,32,31.65,0.25017067440370705,0.24585639669404613
mose,alpha_volume_epistemic_5%,33,32.65,0.24981641421839504,0.24585639669404613
mose,alpha_volume_epistemic_5%,34,33.650000000000006,0.2489518353843478,0.24585639669404613
mose,alpha_volume_epistemic_5%,35,34.650000000000006,0.24842346424487932,0.24585639669404613
mose,alpha_volume_epistemic_5%,36,35.6,0.24888861186041147,0.24585639669404613
mose,alpha_volume_epistemic_5%,37,36.6,0.24881549692777596,0.24585639669404613
mose,alpha_volume_epistemic_5%,38,37.6,0.24857739534138645,0.24585639669404613
mose,alpha_volume_epistemic_5%,39,38.6,0.24819197026848788,0.24585639669404613
mose,alpha_volume_epistemic_5%,40,39.6,0.24769563749433202,0.24585639669404613
mose,alpha_volume_epistemic_5%,41,40.55,0.24829342412170868,0.24585639669404613
mose,alpha_volume_epistemic_5%,42,41.55,0.24827226316906745,0.24585639669404613
mose,alpha_volume_epistemic_5%,43,42.55,0.248106486016524,0.24585639669404613
mose,alpha_volume_epistemic_5%,44,43.55,0.2462339346561726,0.24585639669404613
mose,alpha_volume_epistemic_5%,45,44.55,0.24664377503791027,0.24585639669404613
mose,alpha_volume_epistemic_5%,46,45.49999999999999,0.24777593071704848,0.24585639669404613
mose,alpha_volume_epistemic_5%,47,46.5,0.24748703814552298,0.24585639669404613
mose,alpha_volume_epistemic_5%,48,47.5,0.24844454062408172,0.24585639669404613
mose,alpha_volume_epistemic_5%,49,48.5,0.248997301566609,0.24585639669404613
mose,alpha_volume_epistemic_5%,50,49.5,0.2503660445699231,0.24585639669404613
mose,alpha_volume_epistemic_5%,51,50.449999999999996,0.2503798250702265,0.24585639669404613
mose,alpha_volume_epistemic_5%,52,51.449999999999996,0.25002770540744146,0.24585639669404613
mose,alpha_volume_epistemic_5%,53,52.449999999999996,0.24945925335645405,0.24585639669404613
mose,alpha_volume_epistemic_5%,54,53.449999999999996,0.2500741692777577,0.24585639669404613
mose,alpha_volume_epistemic_5%,55,54.449999999999996,0.24918889536023786,0.24585639669404613
mose,alpha_volume_epistemic_5%,56,55.400000000000006,0.24886763856200325,0.24585639669404613
mose,alpha_volume_epistemic_5%,57,56.400000000000006,0.2485632906869801,0.24585639669404613
mose,alpha_volume_epistemic_5%,58,57.400000000000006,0.24805801832112429,0.24585639669404613
mose,alpha_volume_epistemic_5%,59,58.400000000000006,0.24715627962579623,0.24585639669404613
mose,alpha_volume_epistemic_5%,60,59.4,0.2479009864624686,0.24585639669404613
mose,alpha_volume_epistemic_5%,61,60.349999999999994,0.24994825197139028,0.24585639669404613
mose,alpha_volume_epistemic_5%,62,61.349999999999994,0.2512855153062708,0.24585639669404613
mose,alpha_volume_epistemic_5%,63,62.349999999999994,0.25166884582474214,0.24585639669404613
mose,alpha_volume_epistemic_5%,64,63.349999999999994,0.24728549661131727,0.24585639669404613
mose,alpha_volume_epistemic_5%,65,64.35,0.24643987436913584,0.24585639669404613
mose,alpha_volume_epistemic_5%,66,65.3,0.2470085695892805,0.24585639669404613
mose,alpha_volume_epistemic_5%,67,66.3,0.24959644152881189,0.24585639669404613
mose,alpha_volume_epistemic_5%,68,67.30000000000001,0.24938843610574465,0.24585639669404613
mose,alpha_volume_epistemic_5%,69,68.30000000000001,0.250201145617866,0.24585639669404613
mose,alpha_volume_epistemic_5%,70,69.30000000000001,0.25099451395306605,0.24585639669404613
mose,alpha_volume_epistemic_5%,71,70.25,0.2511688516496924,0.24585639669404613
mose,alpha_volume_epistemic_5%,72,71.25,0.25188813690663603,0.24585639669404613
mose,alpha_volume_epistemic_5%,73,72.24999999999999,0.25096442907367034,0.24585639669404613
mose,alpha_volume_epistemic_5%,74,73.25,0.2517751933095845,0.24585639669404613
mose,alpha_volume_epistemic_5%,75,74.25,0.24982428803677661,0.24585639669404613
mose,alpha_volume_epistemic_5%,76,75.2,0.24896230007445588,0.24585639669404613
mose,alpha_volume_epistemic_5%,77,76.2,0.25603804398527696,0.24585639669404613
mose,alpha_volume_epistemic_5%,78,77.2,0.25501412737147183,0.24585639669404613
mose,alpha_volume_epistemic_5%,79,78.2,0.25614373993153455,0.24585639669404613
mose,alpha_volume_epistemic_5%,80,79.2,0.25851657572534914,0.24585639669404613
mose,alpha_volume_epistemic_5%,81,80.15,0.26424791338231657,0.24585639669404613
mose,alpha_volume_epistemic_5%,82,81.15,0.2620674393968384,0.24585639669404613
mose,alpha_volume_epistemic_5%,83,82.15,0.258965925753198,0.24585639669404613
mose,alpha_volume_epistemic_5%,84,83.15,0.257029522041914,0.24585639669404613
mose,alpha_volume_epistemic_5%,85,84.15,0.2629700521140287,0.24585639669404613
mose,alpha_volume_epistemic_5%,86,85.1,0.2651833904036293,0.24585639669404613
mose,alpha_volume_epistemic_5%,87,86.1,0.25670815789468654,0.24585639669404613
mose,alpha_volume_epistemic_5%,88,87.1,0.26215763825233573,0.24585639669404613
mose,alpha_volume_epistemic_5%,89,88.1,0.2467410682677303,0.24585639669404613
mose,alpha_volume_epistemic_5%,90,89.1,0.24293348885190755,0.24585639669404613
mose,alpha_volume_epistemic_5%,91,90.05,0.25101044025900193,0.24585639669404613
mose,alpha_volume_epistemic_5%,92,91.05,0.24279220966048173,0.24585639669404613
mose,alpha_volume_epistemic_5%,93,92.05,0.23201943004193692,0.24585639669404613
mose,alpha_volume_epistemic_5%,94,93.05,0.22290005548862493,0.24585639669404613
mose,alpha_volume_epistemic_5%,95,94.05,0.22005536632266154,0.24585639669404613
mose,alpha_volume_epistemic_5%,96,95.0,0.22720238044544586,0.24585639669404613
mose,alpha_volume_epistemic_5%,97,96.0,0.23243179101542194,0.24585639669404613
mose,alpha_volume_epistemic_5%,98,97.0,0.20720812327415544,0.24585639669404613
mose,alpha_volume_epistemic_5%,99,98.0,0.2061296525590557,0.24585639669404613
mose,alpha_volume_epistemic_5%,100,99.0,0.25120729607075065,0.24585639669404613
mose,integrated_volume_total,0,0.0,0.24773180157505365,0.24023442332419093
mose,integrated_volume_total,1,0.9499999999999953,0.24808864899096358,0.24023442332419093
mose,integrated_volume_total,2,1.9499999999999962,0.24836362504948878,0.24023442332419093
mose,integrated_volume_total,3,2.949999999999997,0.24808486895184062,0.24023442332419093
mose,integrated_volume_total,4,3.949999999999998,0.24802897513729716,0.24023442332419093
mose,integrated_volume_total,5,4.949999999999999,0.2484224631239114,0.24023442332419093
mose,integrated_volume_total,6,5.900000000000006,0.24867060214872233,0.24023442332419093
mose,integrated_volume_total,7,6.899999999999995,0.24929494890549686,0.24023442332419093
mose,integrated_volume_total,8,7.899999999999996,0.24888197166792872,0.24023442332419093
mose,integrated_volume_total,9,8.899999999999997,0.24803039309669445,0.24023442332419093
mose,integrated_volume_total,10,9.899999999999999,0.24822514626808648,0.24023442332419093
mose,integrated_volume_total,11,10.850000000000005,0.24833941857454014,0.24023442332419093
mose,integrated_volume_total,12,11.850000000000005,0.24885952063510733,0.24023442332419093
mose,integrated_volume_total,13,12.849999999999994,0.24896041034218377,0.24023442332419093
mose,integrated_volume_total,14,13.849999999999996,0.24878641818961572,0.24023442332419093
mose,integrated_volume_total,15,14.849999999999996,0.24807009460843607,0.24023442332419093
mose,integrated_volume_total,16,15.800000000000002,0.2473057171219888,0.24023442332419093
mose,integrated_volume_total,17,16.800000000000004,0.24740710333145874,0.24023442332419093
mose,integrated_volume_total,18,17.800000000000004,0.24770963748282138,0.24023442332419093
mose,integrated_volume_total,19,18.799999999999994,0.24839568419418212,0.24023442332419093
mose,integrated_volume_total,20,19.799999999999997,0.2479349381111121,0.24023442332419093
mose,integrated_volume_total,21,20.75,0.2476270476903933,0.24023442332419093
mose,integrated_volume_total,22,21.750000000000004,0.24670718158647922,0.24023442332419093
mose,integrated_volume_total,23,22.750000000000004,0.24725017793580756,0.24023442332419093
mose,integrated_volume_total,24,23.750000000000004,0.2470654345507975,0.24023442332419093
mose,integrated_volume_total,25,24.750000000000007,0.24613122486572792,0.24023442332419093
mose,integrated_volume_total,26,25.7,0.24645940065227662,0.24023442332419093
mose,integrated_volume_total,27,26.700000000000003,0.24634444501675448,0.24023442332419093
mose,integrated_volume_total,28,27.700000000000003,0.2459372336764242,0.24023442332419093
mose,integrated_volume_total,29,28.700000000000003,0.24569131072824493,0.24023442332419093
mose,integrated_volume_total,30,29.700000000000003,0.24494724359947437,0.24023442332419093
mose,integrated_volume_total,31,30.65,0.2453275043678057,0.24023442332419093
mose,integrated_volume_total,32,31.65,0.24637844388279276,0.24023442332419093
mose,integrated_volume_total,33,32.65,0.24749378406069789,0.24023442332419093
mose,integrated_volume_total,34,33.650000000000006,0.24735803551461039,0.24023442332419093
mose,integrated_volume_total,35,34.650000000000006,0.2472098455902732,0.24023442332419093
mose,integrated_volume_total,36,35.6,0.243931710571161,0.24023442332419093
mose,integrated_volume_total,37,36.6,0.2446285261748293,0.24023442332419093
mose,integrated_volume_total,38,37.6,0.2461800542076467,0.24023442332419093
mose,integrated_volume_total,39,38.6,0.24601477276705946,0.24023442332419093
mose,integrated_volume_total,40,39.6,0.24665298899648247,0.24023442332419093
mose,integrated_volume_total,41,40.55,0.2468845581145361,0.24023442332419093
mose,integrated_volume_total,42,41.55,0.2469422340166344,0.24023442332419093
mose,integrated_volume_total,43,42.55,0.24622333099621183,0.24023442332419093
mose,integrated_volume_total,44,43.55,0.24630408062380305,0.24023442332419093
mose,integrated_volume_total,45,44.55,0.24744764422644427,0.24023442332419093
mose,integrated_volume_total,46,45.49999999999999,0.2473359524213021,0.24023442332419093
mose,integrated_volume_total,47,46.5,0.24778265540945554,0.24023442332419093
mose,integrated_volume_total,48,47.5,0.24805134069079113,0.24023442332419093
mose,integrated_volume_total,49,48.5,0.25061751503865437,0.24023442332419093
mose,integrated_volume_total,50,49.5,0.2507822380618187,0.24023442332419093
mose,integrated_volume_total,51,50.449999999999996,0.25144698506977436,0.24023442332419093
mose,integrated_volume_total,52,51.449999999999996,0.25125441203518595,0.24023442332419093
mose,integrated_volume_total,53,52.449999999999996,0.25240918191929174,0.24023442332419093
mose,integrated_volume_total,54,53.449999999999996,0.25174620309301265,0.24023442332419093
mose,integrated_volume_total,55,54.449999999999996,0.2517318932981608,0.24023442332419093
mose,integrated_volume_total,56,55.400000000000006,0.2503928431644784,0.24023442332419093
mose,integrated_volume_total,57,56.400000000000006,0.24768378161606536,0.24023442332419093
mose,integrated_volume_total,58,57.400000000000006,0.24591216330854374,0.24023442332419093
mose,integrated_volume_total,59,58.400000000000006,0.24466021081193912,0.24023442332419093
mose,integrated_volume_total,60,59.4,0.24232926195602758,0.24023442332419093
mose,integrated_volume_total,61,60.349999999999994,0.2406655273766772,0.24023442332419093
mose,integrated_volume_total,62,61.349999999999994,0.2394895433175513,0.24023442332419093
mose,integrated_volume_total,63,62.349999999999994,0.23885925666087665,0.24023442332419093
mose,integrated_volume_total,64,63.349999999999994,0.23878964388270751,0.24023442332419093
mose,integrated_volume_total,65,64.35,0.2403565039863043,0.24023442332419093
mose,integrated_volume_total,66,65.3,0.2394684408684767,0.24023442332419093
mose,integrated_volume_total,67,66.3,0.23816741313016718,0.24023442332419093
mose,integrated_volume_total,68,67.30000000000001,0.23770063577779665,0.24023442332419093
mose,integrated_volume_total,69,68.30000000000001,0.2378948269055599,0.24023442332419093
mose,integrated_volume_total,70,69.30000000000001,0.23600408806934703,0.24023442332419093
mose,integrated_volume_total,71,70.25,0.23648817188896348,0.24023442332419093
mose,integrated_volume_total,72,71.25,0.23821427943287943,0.24023442332419093
mose,integrated_volume_total,73,72.24999999999999,0.23717415812571002,0.24023442332419093
mose,integrated_volume_total,74,73.25,0.23950230339933953,0.24023442332419093
mose,integrated_volume_total,75,74.25,0.23662567338115315,0.24023442332419093
mose,integrated_volume_total,76,75.2,0.23733286776941048,0.24023442332419093
mose,integrated_volume_total,77,76.2,0.23848645914776156,0.24023442332419093
mose,integrated_volume_total,78,77.2,0.2375322900497675,0.24023442332419093
mose,integrated_volume_total,79,78.2,0.2372785505558418,0.24023442332419093
mose,integrated_volume_total,80,79.2,0.2382617614183187,0.24023442332419093
mose,integrated_volume_total,81,80.15,0.23670441315084018,0.24023442332419093
mose,integrated_volume_total,82,81.15,0.23975150293323777,0.24023442332419093
mose,integrated_volume_total,83,82.15,0.2361318012978753,0.24023442332419093
mose,integrated_volume_total,84,83.15,0.2353958773593734,0.24023442332419093
mose,integrated_volume_total,85,84.15,0.2361820425236339,0.24023442332419093
mose,integrated_volume_total,86,85.1,0.2392963213211868,0.24023442332419093
mose,integrated_volume_total,87,86.1,0.23701084506630377,0.24023442332419093
mose,integrated_volume_total,88,87.1,0.2365664787880276,0.24023442332419093
mose,integrated_volume_total,89,88.1,0.23176988194515943,0.24023442332419093
mose,integrated_volume_total,90,89.1,0.23494959473507207,0.24023442332419093
mose,integrated_volume_total,91,90.05,0.23693309964637294,0.24023442332419093
mose,integrated_volume_total,92,91.05,0.23462656120779637,0.24023442332419093
mose,integrated_volume_total,93,92.05,0.2289004755944153,0.24023442332419093
mose,integrated_volume_total,94,93.05,0.2264913808637572,0.24023442332419093
mose,integrated_volume_total,95,94.05,0.22607301977597857,0.24023442332419093
mose,integrated_volume_total,96,95.0,0.22769317135196337,0.24023442332419093
mose,integrated_volume_total,97,96.0,0.2258857932124802,0.24023442332419093
mose,integrated_volume_total,98,97.0,0.2192112768070978,0.24023442332419093
mose,integrated_volume_total,99,98.0,0.21628478091601305,0.24023442332419093
mose,integrated_volume_total,100,99.0,0.22720365302288306,0.24023442332419093
mose,integrated_volume_aleatoric,0,0.0,0.24773180157505367,0.2427427534459825
mose,integrated_volume_aleatoric,1,0.9499999999999953,0.247778528356694,0.2427427534459825
mose,integrated_volume_aleatoric,2,1.9499999999999962,0.24811153376637118,0.2427427534459825
mose,integrated_volume_aleatoric,3,2.949999999999997,0.24800063793488394,0.2427427534459825
mose,integrated_volume_aleatoric,4,3.949999999999998,0.2480557748124837,0.2427427534459825
mose,integrated_volume_aleatoric,5,4.949999999999999,0.24833706714191414,0.2427427534459825
mose,integrated_volume_aleatoric,6,5.900000000000006,0.24887787729747177,0.2427427534459825
mose,integrated_volume_aleatoric,7,6.899999999999995,0.24974354561195716,0.2427427534459825
mose,integrated_volume_aleatoric,8,7.899999999999996,0.2507858589620369,0.2427427534459825
mose,integrated_volume_aleatoric,9,8.899999999999997,0.2516186478869526,0.2427427534459825
mose,integrated_volume_aleatoric,10,9.899999999999999,0.2508688802706686,0.2427427534459825
mose,integrated_volume_aleatoric,11,10.850000000000005,0.25119359318048123,0.2427427534459825
mose,integrated_volume_aleatoric,12,11.850000000000005,0.2514865169248824,0.2427427534459825
mose,integrated_volume_aleatoric,13,12.849999999999994,0.25230345111329877,0.2427427534459825
mose,integrated_volume_aleatoric,14,13.849999999999996,0.25182203965792566,0.2427427534459825
mose,integrated_volume_aleatoric,15,14.849999999999996,0.25223125462963303,0.2427427534459825
mose,integrated_volume_aleatoric,16,15.800000000000002,0.2514800157698612,0.2427427534459825
mose,integrated_volume_aleatoric,17,16.800000000000004,0.2507849601123102,0.2427427534459825
mose,integrated_volume_aleatoric,18,17.800000000000004,0.2514317550793516,0.2427427534459825
mose,integrated_volume_aleatoric,19,18.799999999999994,0.2517228672415981,0.2427427534459825
mose,integrated_volume_aleatoric,20,19.799999999999997,0.251828317107857,0.2427427534459825
mose,integrated_volume_aleatoric,21,20.75,0.2525070597622232,0.2427427534459825
mose,integrated_volume_aleatoric,22,21.750000000000004,0.2521153392450724,0.2427427534459825
mose,integrated_volume_aleatoric,23,22.750000000000004,0.25324305834566074,0.2427427534459825
mose,integrated_volume_aleatoric,24,23.750000000000004,0.25332171299975886,0.2427427534459825
mose,integrated_volume_aleatoric,25,24.750000000000007,0.2515092139002578,0.2427427534459825
mose,integrated_volume_aleatoric,26,25.7,0.2508918296977546,0.2427427534459825
mose,integrated_volume_aleatoric,27,26.700000000000003,0.2504517142371357,0.2427427534459825
mose,integrated_volume_aleatoric,28,27.700000000000003,0.25025387411475025,0.2427427534459825
mose,integrated_volume_aleatoric,29,28.700000000000003,0.2508449700048162,0.2427427534459825
mose,integrated_volume_aleatoric,30,29.700000000000003,0.2503188284232849,0.2427427534459825
mose,integrated_volume_aleatoric,31,30.65,0.24903259100577957,0.2427427534459825
mose,integrated_volume_aleatoric,32,31.65,0.24845657372866659,0.2427427534459825
mose,integrated_volume_aleatoric,33,32.65,0.24899194922089293,0.2427427534459825
mose,integrated_volume_aleatoric,34,33.650000000000006,0.24906472737411597,0.2427427534459825
mose,integrated_volume_aleatoric,35,34.650000000000006,0.24913583031262931,0.2427427534459825
mose,integrated_volume_aleatoric,36,35.6,0.2482334262703118,0.2427427534459825
mose,integrated_volume_aleatoric,37,36.6,0.24925424277048724,0.2427427534459825
mose,integrated_volume_aleatoric,38,37.6,0.2466953077877595,0.2427427534459825
mose,integrated_volume_aleatoric,39,38.6,0.24615890215335404,0.2427427534459825
mose,integrated_volume_aleatoric,40,39.6,0.2465690501632684,0.2427427534459825
mose,integrated_volume_aleatoric,41,40.55,0.24676885400472262,0.2427427534459825
mose,integrated_volume_aleatoric,42,41.55,0.24671690160337081,0.2427427534459825
mose,integrated_volume_aleatoric,43,42.55,0.24533605383598467,0.2427427534459825
mose,integrated_volume_aleatoric,44,43.55,0.24625309871657877,0.2427427534459825
mose,integrated_volume_aleatoric,45,44.55,0.2466664086227851,0.2427427534459825
mose,integrated_volume_aleatoric,46,45.49999999999999,0.24635448925599032,0.2427427534459825
mose,integrated_volume_aleatoric,47,46.5,0.24782432694635073,0.2427427534459825
mose,integrated_volume_aleatoric,48,47.5,0.24762673498849522,0.2427427534459825
mose,integrated_volume_aleatoric,49,48.5,0.24907824371419285,0.2427427534459825
mose,integrated_volume_aleatoric,50,49.5,0.24622644464150625,0.2427427534459825
mose,integrated_volume_aleatoric,51,50.449999999999996,0.24432207810332857,0.2427427534459825
mose,integrated_volume_aleatoric,52,51.449999999999996,0.24334005282415722,0.2427427534459825
mose,integrated_volume_aleatoric,53,52.449999999999996,0.24321542973750776,0.2427427534459825
mose,integrated_volume_aleatoric,54,53.449999999999996,0.2437503533255967,0.2427427534459825
mose,integrated_volume_aleatoric,55,54.449999999999996,0.24227769360612864,0.2427427534459825
mose,integrated_volume_aleatoric,56,55.400000000000006,0.24297973606239712,0.2427427534459825
mose,integrated_volume_aleatoric,57,56.400000000000006,0.2421226735782133,0.2427427534459825
mose,integrated_volume_aleatoric,58,57.400000000000006,0.24413122809668836,0.2427427534459825
mose,integrated_volume_aleatoric,59,58.400000000000006,0.24152719761306804,0.2427427534459825
mose,integrated_volume_aleatoric,60,59.4,0.24241926349934548,0.2427427534459825
mose,integrated_volume_aleatoric,61,60.349999999999994,0.24006922561528948,0.2427427534459825
mose,integrated_volume_aleatoric,62,61.349999999999994,0.2383387487645728,0.2427427534459825
mose,integrated_volume_aleatoric,63,62.349999999999994,0.23880250270291153,0.2427427534459825
mose,integrated_volume_aleatoric,64,63.349999999999994,0.2397945205829466,0.2427427534459825
mose,integrated_volume_aleatoric,65,64.35,0.23992327945873404,0.2427427534459825
mose,integrated_volume_aleatoric,66,65.3,0.2373057007243211,0.2427427534459825
mose,integrated_volume_aleatoric,67,66.3,0.23781006638033808,0.2427427534459825
mose,integrated_volume_aleatoric,68,67.30000000000001,0.23766254221813674,0.2427427534459825
mose,integrated_volume_aleatoric,69,68.30000000000001,0.23876468359047523,0.2427427534459825
mose,integrated_volume_aleatoric,70,69.30000000000001,0.2392278836192882,0.2427427534459825
mose,integrated_volume_aleatoric,71,70.25,0.2415173849497375,0.2427427534459825
mose,integrated_volume_aleatoric,72,71.25,0.24059686848579404,0.2427427534459825
mose,integrated_volume_aleatoric,73,72.24999999999999,0.2391317604753336,0.2427427534459825
mose,integrated_volume_aleatoric,74,73.25,0.24027036799361678,0.2427427534459825
mose,integrated_volume_aleatoric,75,74.25,0.23975431532907157,0.2427427534459825
mose,integrated_volume_aleatoric,76,75.2,0.2364716849995657,0.2427427534459825
mose,integrated_volume_aleatoric,77,76.2,0.23857055388761328,0.2427427534459825
mose,integrated_volume_aleatoric,78,77.2,0.24045488468843026,0.2427427534459825
mose,integrated_volume_aleatoric,79,78.2,0.24132645977242545,0.2427427534459825
mose,integrated_volume_aleatoric,80,79.2,0.23854011387995497,0.2427427534459825
mose,integrated_volume_aleatoric,81,80.15,0.23939059125237921,0.2427427534459825
mose,integrated_volume_aleatoric,82,81.15,0.2388383754205785,0.2427427534459825
mose,integrated_volume_aleatoric,83,82.15,0.23836596343319416,0.2427427534459825
mose,integrated_volume_aleatoric,84,83.15,0.23826591831874466,0.2427427534459825
mose,integrated_volume_aleatoric,85,84.15,0.2381484565788888,0.2427427534459825
mose,integrated_volume_aleatoric,86,85.1,0.2398760586883691,0.2427427534459825
mose,integrated_volume_aleatoric,87,86.1,0.24020953511245197,0.2427427534459825
mose,integrated_volume_aleatoric,88,87.1,0.24507245783044998,0.2427427534459825
mose,integrated_volume_aleatoric,89,88.1,0.2494234644912343,0.2427427534459825
mose,integrated_volume_aleatoric,90,89.1,0.2459530802376714,0.2427427534459825
mose,integrated_volume_aleatoric,91,90.05,0.24629438458822742,0.2427427534459825
mose,integrated_volume_aleatoric,92,91.05,0.23881906106709214,0.2427427534459825
mose,integrated_volume_aleatoric,93,92.05,0.23989717502319924,0.2427427534459825
mose,integrated_volume_aleatoric,94,93.05,0.24605890839455524,0.2427427534459825
mose,integrated_volume_aleatoric,95,94.05,0.2416823572951656,0.2427427534459825
mose,integrated_volume_aleatoric,96,95.0,0.23427813869416578,0.2427427534459825
mose,integrated_volume_aleatoric,97,96.0,0.2414535664576964,0.2427427534459825
mose,integrated_volume_aleatoric,98,97.0,0.23009285921715608,0.2427427534459825
mose,integrated_volume_aleatoric,99,98.0,0.25235969257688295,0.2427427534459825
mose,integrated_volume_aleatoric,100,99.0,0.24453916715068905,0.2427427534459825
mose,integrated_volume_epistemic,0,0.0,0.24773180157505367,0.2454345347440492
mose,integrated_volume_epistemic,1,0.9499999999999953,0.24825391298814609,0.2454345347440492
mose,integrated_volume_epistemic,2,1.9499999999999962,0.24851008319029186,0.2454345347440492
mose,integrated_volume_epistemic,3,2.949999999999997,0.24873037351405275,0.2454345347440492
mose,integrated_volume_epistemic,4,3.949999999999998,0.24879258031517937,0.2454345347440492
mose,integrated_volume_epistemic,5,4.949999999999999,0.24884203228286422,0.2454345347440492
mose,integrated_volume_epistemic,6,5.900000000000006,0.24868181326760722,0.2454345347440492
mose,integrated_volume_epistemic,7,6.899999999999995,0.248770787724646,0.2454345347440492
mose,integrated_volume_epistemic,8,7.899999999999996,0.24904084517023847,0.2454345347440492
mose,integrated_volume_epistemic,9,8.899999999999997,0.2488530190467699,0.2454345347440492
mose,integrated_volume_epistemic,10,9.899999999999999,0.24915053041561544,0.2454345347440492
mose,integrated_volume_epistemic,11,10.850000000000005,0.2494326702944829,0.2454345347440492
mose,integrated_volume_epistemic,12,11.850000000000005,0.24972763137469656,0.2454345347440492
mose,integrated_volume_epistemic,13,12.849999999999994,0.24984078168629106,0.2454345347440492
mose,integrated_volume_epistemic,14,13.849999999999996,0.24953560723578688,0.2454345347440492
mose,integrated_volume_epistemic,15,14.849999999999996,0.24954266345969167,0.2454345347440492
mose,integrated_volume_epistemic,16,15.800000000000002,0.24950881624069385,0.2454345347440492
mose,integrated_volume_epistemic,17,16.800000000000004,0.2494109414927201,0.2454345347440492
mose,integrated_volume_epistemic,18,17.800000000000004,0.24995098709038263,0.2454345347440492
mose,integrated_volume_epistemic,19,18.799999999999994,0.24995223147790577,0.2454345347440492
mose,integrated_volume_epistemic,20,19.799999999999997,0.2508803480141073,0.2454345347440492
mose,integrated_volume_epistemic,21,20.75,0.251025095756284,0.2454345347440492
mose,integrated_volume_epistemic,22,21.750000000000004,0.250539986128238,0.2454345347440492
mose,integrated_volume_epistemic,23,22.750000000000004,0.24976728240251306,0.2454345347440492
mose,integrated_volume_epistemic,24,23.750000000000004,0.2501753835144513,0.2454345347440492
mose,integrated_volume_epistemic,25,24.750000000000007,0.24917036086486644,0.2454345347440492
mose,integrated_volume_epistemic,26,25.7,0.24917461040068367,0.2454345347440492
mose,integrated_volume_epistemic,27,26.700000000000003,0.24928336588303143,0.2454345347440492
mose,integrated_volume_epistemic,28,27.700000000000003,0.24906583056612414,0.2454345347440492
mose,integrated_volume_epistemic,29,28.700000000000003,0.2494083018655703,0.2454345347440492
mose,integrated_volume_epistemic,30,29.700000000000003,0.24984514377621322,0.2454345347440492
mose,integrated_volume_epistemic,31,30.65,0.2503191097608697,0.2454345347440492
mose,integrated_volume_epistemic,32,31.65,0.24988732840380984,0.2454345347440492
mose,integrated_volume_epistemic,33,32.65,0.24988293401581563,0.2454345347440492
mose,integrated_volume_epistemic,34,33.650000000000006,0.24932546101958755,0.2454345347440492
mose,integrated_volume_epistemic,35,34.650000000000006,0.24943824570190049,0.2454345347440492
mose,integrated_volume_epistemic,36,35.6,0.24975750180273074,0.2454345347440492
mose,integrated_volume_epistemic,37,36.6,0.24941171363496073,0.2454345347440492
mose,integrated_volume_epistemic,38,37.6,0.24899599766409325,0.2454345347440492
mose,integrated_volume_epistemic,39,38.6,0.24893977590205416,0.2454345347440492
mose,integrated_volume_epistemic,40,39.6,0.24910374444657607,0.2454345347440492
mose,integrated_volume_epistemic,41,40.55,0.24824082471666892,0.2454345347440492
mose,integrated_volume_epistemic,42,41.55,0.2470959677605111,0.2454345347440492
mose,integrated_volume_epistemic,43,42.55,0.24704143522505664,0.2454345347440492
mose,integrated_volume_epistemic,44,43.55,0.24760134769205872,0.2454345347440492
mose,integrated_volume_epistemic,45,44.55,0.2477175881344695,0.2454345347440492
mose,integrated_volume_epistemic,46,45.49999999999999,0.24684339848451836,0.2454345347440492
mose,integrated_volume_epistemic,47,46.5,0.24706724838000316,0.2454345347440492
mose,integrated_volume_epistemic,48,47.5,0.24714344225715412,0.2454345347440492
mose,integrated_volume_epistemic,49,48.5,0.24764338806770092,0.2454345347440492
mose,integrated_volume_epistemic,50,49.5,0.2475748301427611,0.2454345347440492
mose,integrated_volume_epistemic,51,50.449999999999996,0.24890888917454887,0.2454345347440492
mose,integrated_volume_epistemic,52,51.449999999999996,0.2492787996236697,0.2454345347440492
mose,integrated_volume_epistemic,53,52.449999999999996,0.24929745852156282,0.2454345347440492
mose,integrated_volume_epistemic,54,53.449999999999996,0.24882436030212995,0.2454345347440492
mose,integrated_volume_epistemic,55,54.449999999999996,0.24928293604255053,0.2454345347440492
mose,integrated_volume_epistemic,56,55.400000000000006,0.24954500643093236,0.2454345347440492
mose,integrated_volume_epistemic,57,56.400000000000006,0.2494208479548799,0.2454345347440492
mose,integrated_volume_epistemic,58,57.400000000000006,0.24903242185957222,0.2454345347440492
mose,integrated_volume_epistemic,59,58.400000000000006,0.2503456711142563,0.2454345347440492
mose,integrated_volume_epistemic,60,59.4,0.25067690070128906,0.2454345347440492
mose,integrated_volume_epistemic,61,60.349999999999994,0.25125798143448264,0.2454345347440492
mose,integrated_volume_epistemic,62,61.349999999999994,0.24972316342357984,0.2454345347440492
mose,integrated_volume_epistemic,63,62.349999999999994,0.24807347619173942,0.2454345347440492
mose,integrated_volume_epistemic,64,63.349999999999994,0.2493743511595623,0.2454345347440492
mose,integrated_volume_epistemic,65,64.35,0.24933367719602506,0.2454345347440492
mose,integrated_volume_epistemic,66,65.3,0.25070404656151607,0.2454345347440492
mose,integrated_volume_epistemic,67,66.3,0.25000544576182354,0.2454345347440492
mose,integrated_volume_epistemic,68,67.30000000000001,0.2485086700202891,0.2454345347440492
mose,integrated_volume_epistemic,69,68.30000000000001,0.25071799179001186,0.2454345347440492
mose,integrated_volume_epistemic,70,69.30000000000001,0.2517496292245492,0.2454345347440492
mose,integrated_volume_epistemic,71,70.25,0.2511716529953963,0.2454345347440492
mose,integrated_volume_epistemic,72,71.25,0.25151420134199054,0.2454345347440492
mose,integrated_volume_epistemic,73,72.24999999999999,0.25063432943218567,0.2454345347440492
mose,integrated_volume_epistemic,74,73.25,0.2511896131775038,0.2454345347440492
mose,integrated_volume_epistemic,75,74.25,0.25230735477469823,0.2454345347440492
mose,integrated_volume_epistemic,76,75.2,0.2544371575785083,0.2454345347440492
mose,integrated_volume_epistemic,77,76.2,0.25601244566504294,0.2454345347440492
mose,integrated_volume_epistemic,78,77.2,0.25756048171563856,0.2454345347440492
mose,integrated_volume_epistemic,79,78.2,0.25877123154635395,0.2454345347440492
mose,integrated_volume_epistemic,80,79.2,0.26214906105867825,0.2454345347440492
mose,integrated_volume_epistemic,81,80.15,0.2591815449187728,0.2454345347440492
mose,integrated_volume_epistemic,82,81.15,0.25541421257315666,0.2454345347440492
mose,integrated_volume_epistemic,83,82.15,0.2560671579729806,0.2454345347440492
mose,integrated_volume_epistemic,84,83.15,0.2597908345282393,0.2454345347440492
mose,integrated_volume_epistemic,85,84.15,0.264162412460154,0.2454345347440492
mose,integrated_volume_epistemic,86,85.1,0.26121145294182935,0.2454345347440492
mose,integrated_volume_epistemic,87,86.1,0.25587011699920387,0.2454345347440492
mose,integrated_volume_epistemic,88,87.1,0.26329630905397744,0.2454345347440492
mose,integrated_volume_epistemic,89,88.1,0.2483366373036531,0.2454345347440492
mose,integrated_volume_epistemic,90,89.1,0.23318917116906546,0.2454345347440492
mose,integrated_volume_epistemic,91,90.05,0.23234952194773262,0.2454345347440492
mose,integrated_volume_epistemic,92,91.05,0.24487390546839566,0.2454345347440492
mose,integrated_volume_epistemic,93,92.05,0.23268311062992642,0.2454345347440492
mose,integrated_volume_epistemic,94,93.05,0.23308094986362918,0.2454345347440492
mose,integrated_volume_epistemic,95,94.05,0.22342385227855494,0.2454345347440492
mose,integrated_volume_epistemic,96,95.0,0.21601059921826707,0.2454345347440492
mose,integrated_volume_epistemic,97,96.0,0.215389543435396,0.2454345347440492
mose,integrated_volume_epistemic,98,97.0,0.211533534441503,0.2454345347440492
mose,integrated_volume_epistemic,99,98.0,0.19443888561988953,0.2454345347440492
mose,integrated_volume_epistemic,100,99.0,0.2322229272610185,0.2454345347440492
