metric,measure,point_index,abstention,risk,aurc
mose,differential_entropy_total,0,0.0,0.2488385550736882,0.24868350112517804
mose,differential_entropy_total,1,0.990000000000002,0.24865803586006327,0.24868350112517804
mose,differential_entropy_total,2,1.980000000000004,0.24875863470524795,0.24868350112517804
mose,differential_entropy_total,3,2.969999999999995,0.24885680032795668,0.24868350112517804
mose,differential_entropy_total,4,3.959999999999997,0.24892198915441002,0.24868350112517804
mose,differential_entropy_total,5,4.949999999999999,0.24890244742069847,0.24868350112517804
mose,differential_entropy_total,6,5.940000000000001,0.2489102286900283,0.24868350112517804
mose,differential_entropy_total,7,6.930000000000003,0.24901314686306855,0.24868350112517804
mose,differential_entropy_total,8,7.920000000000005,0.24891955150256417,0.24868350112517804
mose,differential_entropy_total,9,8.909999999999997,0.24891797471511412,0.24868350112517804
mose,differential_entropy_total,10,9.899999999999999,0.24884091102755537,0.24868350112517804
mose,differential_entropy_total,11,10.89,0.2489221968904543,0.24868350112517804
mose,differential_entropy_total,12,11.880000000000003,0.24899921316226784,0.24868350112517804
mose,differential_entropy_total,13,12.870000000000005,0.24898357897126072,0.24868350112517804
mose,differential_entropy_total,14,13.859999999999994,0.24898259676732312,0.24868350112517804
mose,differential_entropy_total,15,14.849999999999996,0.24884397285134846,0.24868350112517804
mose,differential_entropy_total,16,15.839999999999998,0.24893937178198683,0.24868350112517804
mose,differential_entropy_total,17,16.830000000000002,0.248956687648098,0.24868350112517804
mose,differential_entropy_total,18,17.820000000000004,0.24909410274470242,0.24868350112517804
mose,differential_entropy_total,19,18.810000000000006,0.24916663900247357,0.24868350112517804
mose,differential_entropy_total,20,19.799999999999997,0.24922731357763017,0.24868350112517804
mose,differential_entropy_total,21,20.79,0.2491867313884478,0.24868350112517804
mose,differential_entropy_total,22,21.78,0.24919436871793285,0.24868350112517804
mose,differential_entropy_total,23,22.770000000000003,0.24899698548689433,0.24868350112517804
mose,differential_entropy_total,24,23.760000000000005,0.2493118920022014,0.24868350112517804
mose,differential_entropy_total,25,24.750000000000007,0.24925491919958512,0.24868350112517804
mose,differential_entropy_total,26,25.739999999999995,0.2491894319458453,0.24868350112517804
mose,differential_entropy_total,27,26.729999999999997,0.2492481573634062,0.24868350112517804
mose,differential_entropy_total,28,27.72,0.249148950403981,0.24868350112517804
mose,differential_entropy_total,29,28.71,0.24927836081787186,0.24868350112517804
mose,differential_entropy_total,30,29.700000000000003,0.24937352236274443,0.24868350112517804
mose,differential_entropy_total,31,30.689999999999994,0.2493820687088804,0.24868350112517804
mose,differential_entropy_total,32,31.679999999999996,0.24941712228859225,0.24868350112517804
mose,differential_entropy_total,33,32.67,0.24951575255209704,0.24868350112517804
mose,differential_entropy_total,34,33.660000000000004,0.24933110265295774,0.24868350112517804
mose,differential_entropy_total,35,34.650000000000006,0.2493473574558375,0.24868350112517804
mose,differential_entropy_total,36,35.64000000000001,0.24955082567718012,0.24868350112517804
mose,differential_entropy_total,37,36.629999999999995,0.2489221212673455,0.24868350112517804
mose,differential_entropy_total,38,37.62,0.24873523270321704,0.24868350112517804
mose,differential_entropy_total,39,38.61,0.24889812594871766,0.24868350112517804
mose,differential_entropy_total,40,39.6,0.24908314894842315,0.24868350112517804
mose,differential_entropy_total,41,40.59,0.24834181405953365,0.24868350112517804
mose,differential_entropy_total,42,41.58,0.24799982639504278,0.24868350112517804
mose,differential_entropy_total,43,42.56999999999999,0.24808139608371693,0.24868350112517804
mose,differential_entropy_total,44,43.56,0.24847156070810653,0.24868350112517804
mose,differential_entropy_total,45,44.55,0.2490785872289228,0.24868350112517804
mose,differential_entropy_total,46,45.540000000000006,0.24947425602999954,0.24868350112517804
mose,differential_entropy_total,47,46.53,0.2497143953205209,0.24868350112517804
mose,differential_entropy_total,48,47.519999999999996,0.2492757811395452,0.24868350112517804
mose,differential_entropy_total,49,48.51,0.24886588145376004,0.24868350112517804
mose,differential_entropy_total,50,49.5,0.24905535366596832,0.24868350112517804
mose,differential_entropy_total,51,50.495000000000005,0.24956844006081125,0.24868350112517804
mose,differential_entropy_total,52,51.485,0.2500625862942027,0.24868350112517804
mose,differential_entropy_total,53,52.47500000000001,0.25034127992126337,0.24868350112517804
mose,differential_entropy_total,54,53.465,0.2504457033193543,0.24868350112517804
mose,differential_entropy_total,55,54.455,0.25001884187672374,0.24868350112517804
mose,differential_entropy_total,56,55.445,0.25028078685368704,0.24868350112517804
mose,differential_entropy_total,57,56.435,0.2507910928197793,0.24868350112517804
mose,differential_entropy_total,58,57.42499999999999,0.2510632941915541,0.24868350112517804
mose,differential_entropy_total,59,58.41499999999999,0.2508212647007803,0.24868350112517804
mose,differential_entropy_total,60,59.404999999999994,0.25119644303128064,0.24868350112517804
mose,differential_entropy_total,61,60.394999999999996,0.2510335795449114,0.24868350112517804
mose,differential_entropy_total,62,61.385,0.2510295071992673,0.24868350112517804
mose,differential_entropy_total,63,62.375,0.2517055337449556,0.24868350112517804
mose,differential_entropy_total,64,63.365,0.251083410846774,0.24868350112517804
mose,differential_entropy_total,65,64.355,0.25141458993323795,0.24868350112517804
mose,differential_entropy_total,66,65.345,0.2517723937212927,0.24868350112517804
mose,differential_entropy_total,67,66.335,0.2515020159528939,0.24868350112517804
mose,differential_entropy_total,68,67.325,0.25209857783366096,0.24868350112517804
mose,differential_entropy_total,69,68.315,0.2526308127044382,0.24868350112517804
mose,differential_entropy_total,70,69.30499999999999,0.25270228874501566,0.24868350112517804
mose,differential_entropy_total,71,70.295,0.2530319962286268,0.24868350112517804
mose,differential_entropy_total,72,71.285,0.25362476847043575,0.24868350112517804
mose,differential_entropy_total,73,72.275,0.253933703925743,0.24868350112517804
mose,differential_entropy_total,74,73.265,0.25368611122182044,0.24868350112517804
mose,differential_entropy_total,75,74.25500000000001,0.2536823133633654,0.24868350112517804
mose,differential_entropy_total,76,75.245,0.2536585799439211,0.24868350112517804
mose,differential_entropy_total,77,76.235,0.25395999259492463,0.24868350112517804
mose,differential_entropy_total,78,77.225,0.2536429848863812,0.24868350112517804
mose,differential_entropy_total,79,78.215,0.2543597963997552,0.24868350112517804
mose,differential_entropy_total,80,79.205,0.25500728173985504,0.24868350112517804
mose,differential_entropy_total,81,80.195,0.25522855028147023,0.24868350112517804
mose,differential_entropy_total,82,81.185,0.255359321009491,0.24868350112517804
mose,differential_entropy_total,83,82.175,0.2543639732983127,0.24868350112517804
mose,differential_entropy_total,84,83.165,0.254759311660174,0.24868350112517804
mose,differential_entropy_total,85,84.155,0.25519494028256395,0.24868350112517804
mose,differential_entropy_total,86,85.14500000000001,0.2560742881215685,0.24868350112517804
mose,differential_entropy_total,87,86.135,0.2571156350872985,0.24868350112517804
mose,differential_entropy_total,88,87.125,0.2575515823682033,0.24868350112517804
mose,differential_entropy_total,89,88.115,0.2573401903051208,0.24868350112517804
mose,differential_entropy_total,90,89.105,0.25734026719093267,0.24868350112517804
mose,differential_entropy_total,91,90.095,0.257076031858458,0.24868350112517804
mose,differential_entropy_total,92,91.08500000000001,0.2558982204149113,0.24868350112517804
mose,differential_entropy_total,93,92.07499999999999,0.25760791916119885,0.24868350112517804
mose,differential_entropy_total,94,93.065,0.2556796095193449,0.24868350112517804
mose,differential_entropy_total,95,94.055,0.25682248833266735,0.24868350112517804
mose,differential_entropy_total,96,95.045,0.2573486372943356,0.24868350112517804
mose,differential_entropy_total,97,96.035,0.253936022518866,0.24868350112517804
mose,differential_entropy_total,98,97.025,0.25274160840481663,0.24868350112517804
mose,differential_entropy_total,99,98.015,0.2516300103004403,0.24868350112517804
mose,differential_entropy_total,100,99.005,0.24621627309256636,0.24868350112517804
mose,differential_entropy_aleatoric,0,0.0,0.2488385550736882,0.2485317010669296
mose,differential_entropy_aleatoric,1,0.990000000000002,0.24865803586006327,0.2485317010669296
mose,differential_entropy_aleatoric,2,1.980000000000004,0.24875863470524795,0.2485317010669296
mose,differential_entropy_aleatoric,3,2.969999999999995,0.24885680032795668,0.2485317010669296
mose,differential_entropy_aleatoric,4,3.959999999999997,0.24892198915441002,0.2485317010669296
mose,differential_entropy_aleatoric,5,4.949999999999999,0.24890244742069847,0.2485317010669296
mose,differential_entropy_aleatoric,6,5.940000000000001,0.2489102286900283,0.2485317010669296
mose,differential_entropy_aleatoric,7,6.930000000000003,0.24901314686306855,0.2485317010669296
mose,differential_entropy_aleatoric,8,7.920000000000005,0.24891955150256417,0.2485317010669296
mose,differential_entropy_aleatoric,9,8.909999999999997,0.24891797471511412,0.2485317010669296
mose,differential_entropy_aleatoric,10,9.899999999999999,0.24884091102755537,0.2485317010669296
mose,differential_entropy_aleatoric,11,10.89,0.2489221968904543,0.2485317010669296
mose,differential_entropy_aleatoric,12,11.880000000000003,0.24899921316226778,0.2485317010669296
mose,differential_entropy_aleatoric,13,12.870000000000005,0.24898357897126067,0.2485317010669296
mose,differential_entropy_aleatoric,14,13.859999999999994,0.24898259676732318,0.2485317010669296
mose,differential_entropy_aleatoric,15,14.849999999999996,0.24884397285134846,0.2485317010669296
mose,differential_entropy_aleatoric,16,15.839999999999998,0.24893937178198683,0.2485317010669296
mose,differential_entropy_aleatoric,17,16.830000000000002,0.24895668764809795,0.2485317010669296
mose,differential_entropy_aleatoric,18,17.820000000000004,0.2490941027447024,0.2485317010669296
mose,differential_entropy_aleatoric,19,18.810000000000006,0.24916663900247357,0.2485317010669296
mose,differential_entropy_aleatoric,20,19.799999999999997,0.24922731357763017,0.2485317010669296
mose,differential_entropy_aleatoric,21,20.79,0.2491867313884478,0.2485317010669296
mose,differential_entropy_aleatoric,22,21.78,0.24919436871793285,0.2485317010669296
mose,differential_entropy_aleatoric,23,22.770000000000003,0.24899698548689433,0.2485317010669296
mose,differential_entropy_aleatoric,24,23.760000000000005,0.24931189200220144,0.2485317010669296
mose,differential_entropy_aleatoric,25,24.750000000000007,0.24925491919958512,0.2485317010669296
mose,differential_entropy_aleatoric,26,25.739999999999995,0.2491894319458453,0.2485317010669296
mose,differential_entropy_aleatoric,27,26.729999999999997,0.24924815736340616,0.2485317010669296
mose,differential_entropy_aleatoric,28,27.72,0.249148950403981,0.2485317010669296
mose,differential_entropy_aleatoric,29,28.71,0.24927836081787186,0.2485317010669296
mose,differential_entropy_aleatoric,30,29.700000000000003,0.24937352236274446,0.2485317010669296
mose,differential_entropy_aleatoric,31,30.689999999999994,0.2493820687088804,0.2485317010669296
mose,differential_entropy_aleatoric,32,31.679999999999996,0.24941712228859225,0.2485317010669296
mose,differential_entropy_aleatoric,33,32.67,0.24951575255209704,0.2485317010669296
mose,differential_entropy_aleatoric,34,33.660000000000004,0.24933110265295774,0.2485317010669296
mose,differential_entropy_aleatoric,35,34.650000000000006,0.2493473574558375,0.2485317010669296
mose,differential_entropy_aleatoric,36,35.64000000000001,0.24955082567718012,0.2485317010669296
mose,differential_entropy_aleatoric,37,36.629999999999995,0.2489221212673455,0.2485317010669296
mose,differential_entropy_aleatoric,38,37.62,0.2487352327032171,0.2485317010669296
mose,differential_entropy_aleatoric,39,38.61,0.24889812594871766,0.2485317010669296
mose,differential_entropy_aleatoric,40,39.6,0.24908314894842315,0.2485317010669296
mose,differential_entropy_aleatoric,41,40.59,0.2483418140595336,0.2485317010669296
mose,differential_entropy_aleatoric,42,41.58,0.2479998263950428,0.2485317010669296
mose,differential_entropy_aleatoric,43,42.56999999999999,0.2480813960837169,0.2485317010669296
mose,differential_entropy_aleatoric,44,43.56,0.24847156070810653,0.2485317010669296
mose,differential_entropy_aleatoric,45,44.55,0.2490785872289228,0.2485317010669296
mose,differential_entropy_aleatoric,46,45.540000000000006,0.24947425602999954,0.2485317010669296
mose,differential_entropy_aleatoric,47,46.53,0.2497143953205209,0.2485317010669296
mose,differential_entropy_aleatoric,48,47.519999999999996,0.2492757811395452,0.2485317010669296
mose,differential_entropy_aleatoric,49,48.51,0.24886588145375999,0.2485317010669296
mose,differential_entropy_aleatoric,50,49.5,0.24905535366596832,0.2485317010669296
mose,differential_entropy_aleatoric,51,50.495000000000005,0.24956844006081125,0.2485317010669296
mose,differential_entropy_aleatoric,52,51.485,0.2500625862942027,0.2485317010669296
mose,differential_entropy_aleatoric,53,52.47500000000001,0.2503412799212633,0.2485317010669296
mose,differential_entropy_aleatoric,54,53.465,0.25044570331935434,0.2485317010669296
mose,differential_entropy_aleatoric,55,54.455,0.2500188418767238,0.2485317010669296
mose,differential_entropy_aleatoric,56,55.445,0.25028078685368704,0.2485317010669296
mose,differential_entropy_aleatoric,57,56.435,0.2507910928197793,0.2485317010669296
mose,differential_entropy_aleatoric,58,57.42499999999999,0.2510632941915541,0.2485317010669296
mose,differential_entropy_aleatoric,59,58.41499999999999,0.25082126470078037,0.2485317010669296
mose,differential_entropy_aleatoric,60,59.404999999999994,0.25119644303128064,0.2485317010669296
mose,differential_entropy_aleatoric,61,60.394999999999996,0.2510335795449114,0.2485317010669296
mose,differential_entropy_aleatoric,62,61.385,0.2510295071992673,0.2485317010669296
mose,differential_entropy_aleatoric,63,62.375,0.2517055337449556,0.2485317010669296
mose,differential_entropy_aleatoric,64,63.365,0.251083410846774,0.2485317010669296
mose,differential_entropy_aleatoric,65,64.355,0.2514145899332379,0.2485317010669296
mose,differential_entropy_aleatoric,66,65.345,0.2517723937212926,0.2485317010669296
mose,differential_entropy_aleatoric,67,66.335,0.2515020159528939,0.2485317010669296
mose,differential_entropy_aleatoric,68,67.325,0.25209857783366096,0.2485317010669296
mose,differential_entropy_aleatoric,69,68.315,0.2526308127044382,0.2485317010669296
mose,differential_entropy_aleatoric,70,69.30499999999999,0.25270228874501566,0.2485317010669296
mose,differential_entropy_aleatoric,71,70.295,0.2530319962286268,0.2485317010669296
mose,differential_entropy_aleatoric,72,71.285,0.25362476847043575,0.2485317010669296
mose,differential_entropy_aleatoric,73,72.275,0.25393370392574305,0.2485317010669296
mose,differential_entropy_aleatoric,74,73.265,0.253876695887809,0.2485317010669296
mose,differential_entropy_aleatoric,75,74.25500000000001,0.2545638889822364,0.2485317010669296
mose,differential_entropy_aleatoric,76,75.245,0.2549223841111286,0.2485317010669296
mose,differential_entropy_aleatoric,77,76.235,0.25450401738610656,0.2485317010669296
mose,differential_entropy_aleatoric,78,77.225,0.2550762215221816,0.2485317010669296
mose,differential_entropy_aleatoric,79,78.215,0.2553209791081921,0.2485317010669296
mose,differential_entropy_aleatoric,80,79.205,0.2545588580914971,0.2485317010669296
mose,differential_entropy_aleatoric,81,80.195,0.2540049042981927,0.2485317010669296
mose,differential_entropy_aleatoric,82,81.185,0.2539874523556502,0.2485317010669296
mose,differential_entropy_aleatoric,83,82.175,0.2533912928395161,0.2485317010669296
mose,differential_entropy_aleatoric,84,83.165,0.2534300753674488,0.2485317010669296
mose,differential_entropy_aleatoric,85,84.155,0.253927848699893,0.2485317010669296
mose,differential_entropy_aleatoric,86,85.14500000000001,0.25364743225537884,0.2485317010669296
mose,differential_entropy_aleatoric,87,86.135,0.2522396285334654,0.2485317010669296
mose,differential_entropy_aleatoric,88,87.125,0.252426806610039,0.2485317010669296
mose,differential_entropy_aleatoric,89,88.115,0.2524101004114567,0.2485317010669296
mose,differential_entropy_aleatoric,90,89.105,0.25263310616466506,0.2485317010669296
mose,differential_entropy_aleatoric,91,90.095,0.2522468862137315,0.2485317010669296
mose,differential_entropy_aleatoric,92,91.08500000000001,0.2520085988577756,0.2485317010669296
mose,differential_entropy_aleatoric,93,92.07499999999999,0.2538310279435016,0.2485317010669296
mose,differential_entropy_aleatoric,94,93.065,0.2536344430733115,0.2485317010669296
mose,differential_entropy_aleatoric,95,94.055,0.25323791793390427,0.2485317010669296
mose,differential_entropy_aleatoric,96,95.045,0.25348889441951,0.2485317010669296
mose,differential_entropy_aleatoric,97,96.035,0.25636582423389004,0.2485317010669296
mose,differential_entropy_aleatoric,98,97.025,0.26145761142866636,0.2485317010669296
mose,differential_entropy_aleatoric,99,98.015,0.26160153956788734,0.2485317010669296
mose,differential_entropy_aleatoric,100,99.005,0.2640920571848607,0.2485317010669296
mose,differential_entropy_epistemic,0,0.0,0.2488385550736882,0.2475130052499294
mose,differential_entropy_epistemic,1,0.990000000000002,0.24865803586006327,0.2475130052499294
mose,differential_entropy_epistemic,2,1.980000000000004,0.24875863470524795,0.2475130052499294
mose,differential_entropy_epistemic,3,2.969999999999995,0.24885680032795668,0.2475130052499294
mose,differential_entropy_epistemic,4,3.959999999999997,0.24892198915441002,0.2475130052499294
mose,differential_entropy_epistemic,5,4.949999999999999,0.24890244742069847,0.2475130052499294
mose,differential_entropy_epistemic,6,5.940000000000001,0.2489102286900283,0.2475130052499294
mose,differential_entropy_epistemic,7,6.930000000000003,0.24901314686306855,0.2475130052499294
mose,differential_entropy_epistemic,8,7.920000000000005,0.24891955150256417,0.2475130052499294
mose,differential_entropy_epistemic,9,8.909999999999997,0.24891797471511407,0.2475130052499294
mose,differential_entropy_epistemic,10,9.899999999999999,0.24884091102755532,0.2475130052499294
mose,differential_entropy_epistemic,11,10.89,0.2489221968904543,0.2475130052499294
mose,differential_entropy_epistemic,12,11.880000000000003,0.24899921316226778,0.2475130052499294
mose,differential_entropy_epistemic,13,12.870000000000005,0.24898357897126067,0.2475130052499294
mose,differential_entropy_epistemic,14,13.859999999999994,0.24898259676732312,0.2475130052499294
mose,differential_entropy_epistemic,15,14.849999999999996,0.24884397285134846,0.2475130052499294
mose,differential_entropy_epistemic,16,15.839999999999998,0.24893937178198683,0.2475130052499294
mose,differential_entropy_epistemic,17,16.830000000000002,0.248956687648098,0.2475130052499294
mose,differential_entropy_epistemic,18,17.820000000000004,0.24909410274470242,0.2475130052499294
mose,differential_entropy_epistemic,19,18.810000000000006,0.24916663900247357,0.2475130052499294
mose,differential_entropy_epistemic,20,19.799999999999997,0.24922731357763017,0.2475130052499294
mose,differential_entropy_epistemic,21,20.79,0.2491762679674104,0.2475130052499294
mose,differential_entropy_epistemic,22,21.78,0.24923014670022606,0.2475130052499294
mose,differential_entropy_epistemic,23,22.770000000000003,0.2491292850290343,0.2475130052499294
mose,differential_entropy_epistemic,24,23.760000000000005,0.24846582353383112,0.2475130052499294
mose,differential_entropy_epistemic,25,24.750000000000007,0.24835126705853858,0.2475130052499294
mose,differential_entropy_epistemic,26,25.739999999999995,0.24794838016812815,0.2475130052499294
mose,differential_entropy_epistemic,27,26.729999999999997,0.24820203006817512,0.2475130052499294
mose,differential_entropy_epistemic,28,27.72,0.2481800946298848,0.2475130052499294
mose,differential_entropy_epistemic,29,28.71,0.24864895132288642,0.2475130052499294
mose,differential_entropy_epistemic,30,29.700000000000003,0.24847246197351033,0.2475130052499294
mose,differential_entropy_epistemic,31,30.689999999999994,0.24829565678865176,0.2475130052499294
mose,differential_entropy_epistemic,32,31.679999999999996,0.2485787242515857,0.2475130052499294
mose,differential_entropy_epistemic,33,32.67,0.24897867487759534,0.2475130052499294
mose,differential_entropy_epistemic,34,33.660000000000004,0.2488035026651931,0.2475130052499294
mose,differential_entropy_epistemic,35,34.650000000000006,0.24852043099362714,0.2475130052499294
mose,differential_entropy_epistemic,36,35.64000000000001,0.24900729849285735,0.2475130052499294
mose,differential_entropy_epistemic,37,36.629999999999995,0.2485676078758095,0.2475130052499294
mose,differential_entropy_epistemic,38,37.62,0.24876563509642427,0.2475130052499294
mose,differential_entropy_epistemic,39,38.61,0.24908018513316108,0.2475130052499294
mose,differential_entropy_epistemic,40,39.6,0.24888962816725368,0.2475130052499294
mose,differential_entropy_epistemic,41,40.59,0.24878430082218486,0.2475130052499294
mose,differential_entropy_epistemic,42,41.58,0.2487437515858816,0.2475130052499294
mose,differential_entropy_epistemic,43,42.56999999999999,0.24889221452688265,0.2475130052499294
mose,differential_entropy_epistemic,44,43.56,0.24889533726485447,0.2475130052499294
mose,differential_entropy_epistemic,45,44.55,0.24868297690573832,0.2475130052499294
mose,differential_entropy_epistemic,46,45.540000000000006,0.24876612244458846,0.2475130052499294
mose,differential_entropy_epistemic,47,46.53,0.24889691564448918,0.2475130052499294
mose,differential_entropy_epistemic,48,47.519999999999996,0.24894114908839907,0.2475130052499294
mose,differential_entropy_epistemic,49,48.51,0.24892844340549866,0.2475130052499294
mose,differential_entropy_epistemic,50,49.5,0.24905795207794668,0.2475130052499294
mose,differential_entropy_epistemic,51,50.495000000000005,0.24896801984886177,0.2475130052499294
mose,differential_entropy_epistemic,52,51.485,0.24879747759514578,0.2475130052499294
mose,differential_entropy_epistemic,53,52.47500000000001,0.24822572896098782,0.2475130052499294
mose,differential_entropy_epistemic,54,53.465,0.24849852059249106,0.2475130052499294
mose,differential_entropy_epistemic,55,54.455,0.24868860395320655,0.2475130052499294
mose,differential_entropy_epistemic,56,55.445,0.24886561826952056,0.2475130052499294
mose,differential_entropy_epistemic,57,56.435,0.2495332934531268,0.2475130052499294
mose,differential_entropy_epistemic,58,57.42499999999999,0.2499436899998391,0.2475130052499294
mose,differential_entropy_epistemic,59,58.41499999999999,0.24969584855545848,0.2475130052499294
mose,differential_entropy_epistemic,60,59.404999999999994,0.2498700493716343,0.2475130052499294
mose,differential_entropy_epistemic,61,60.394999999999996,0.25009788899133234,0.2475130052499294
mose,differential_entropy_epistemic,62,61.385,0.24957937390226864,0.2475130052499294
mose,differential_entropy_epistemic,63,62.375,0.2500101882339947,0.2475130052499294
mose,differential_entropy_epistemic,64,63.365,0.2501111743080477,0.2475130052499294
mose,differential_entropy_epistemic,65,64.355,0.2494448596262746,0.2475130052499294
mose,differential_entropy_epistemic,66,65.345,0.25061921068608267,0.2475130052499294
mose,differential_entropy_epistemic,67,66.335,0.2504788508137976,0.2475130052499294
mose,differential_entropy_epistemic,68,67.325,0.25012993575790815,0.2475130052499294
mose,differential_entropy_epistemic,69,68.315,0.2509347255005487,0.2475130052499294
mose,differential_entropy_epistemic,70,69.30499999999999,0.25145569073148655,0.2475130052499294
mose,differential_entropy_epistemic,71,70.295,0.2509466910534827,0.2475130052499294
mose,differential_entropy_epistemic,72,71.285,0.25018882781539553,0.2475130052499294
mose,differential_entropy_epistemic,73,72.275,0.2509815748576092,0.2475130052499294
mose,differential_entropy_epistemic,74,73.265,0.25074577731813324,0.2475130052499294
mose,differential_entropy_epistemic,75,74.25500000000001,0.2504558240699965,0.2475130052499294
mose,differential_entropy_epistemic,76,75.245,0.2509059307044136,0.2475130052499294
mose,differential_entropy_epistemic,77,76.235,0.2514043516456666,0.2475130052499294
mose,differential_entropy_epistemic,78,77.225,0.25143428296713144,0.2475130052499294
mose,differential_entropy_epistemic,79,78.215,0.25206429617649684,0.2475130052499294
mose,differential_entropy_epistemic,80,79.205,0.25091205513327713,0.2475130052499294
mose,differential_entropy_epistemic,81,80.195,0.251619621932141,0.2475130052499294
mose,differential_entropy_epistemic,82,81.185,0.25148860018706715,0.2475130052499294
mose,differential_entropy_epistemic,83,82.175,0.25161519730082393,0.2475130052499294
mose,differential_entropy_epistemic,84,83.165,0.2520481819350369,0.2475130052499294
mose,differential_entropy_epistemic,85,84.155,0.2520666717643025,0.2475130052499294
mose,differential_entropy_epistemic,86,85.14500000000001,0.25219766927833737,0.2475130052499294
mose,differential_entropy_epistemic,87,86.135,0.25212247434587576,0.2475130052499294
mose,differential_entropy_epistemic,88,87.125,0.25217124271022745,0.2475130052499294
mose,differential_entropy_epistemic,89,88.115,0.25329728157068043,0.2475130052499294
mose,differential_entropy_epistemic,90,89.105,0.253596977402419,0.2475130052499294
mose,differential_entropy_epistemic,91,90.095,0.2544490272166013,0.2475130052499294
mose,differential_entropy_epistemic,92,91.08500000000001,0.25462523882559684,0.2475130052499294
mose,differential_entropy_epistemic,93,92.07499999999999,0.2543660658786724,0.2475130052499294
mose,differential_entropy_epistemic,94,93.065,0.2555067184896933,0.2475130052499294
mose,differential_entropy_epistemic,95,94.055,0.2567211625547903,0.2475130052499294
mose,differential_entropy_epistemic,96,95.045,0.25513550203211627,0.2475130052499294
mose,differential_entropy_epistemic,97,96.035,0.2565668237479212,0.2475130052499294
mose,differential_entropy_epistemic,98,97.025,0.25342561426500937,0.2475130052499294
mose,differential_entropy_epistemic,99,98.015,0.24509091121160037,0.2475130052499294
mose,differential_entropy_epistemic,100,99.005,0.24568157792381326,0.2475130052499294
mose,variance_total,0,0.0,0.2488385550736882,0.24868350112517804
mose,variance_total,1,0.990000000000002,0.24865803586006327,0.24868350112517804
mose,variance_total,2,1.980000000000004,0.24875863470524795,0.24868350112517804
mose,variance_total,3,2.969999999999995,0.24885680032795668,0.24868350112517804
mose,variance_total,4,3.959999999999997,0.24892198915441002,0.24868350112517804
mose,variance_total,5,4.949999999999999,0.24890244742069847,0.24868350112517804
mose,variance_total,6,5.940000000000001,0.2489102286900283,0.24868350112517804
mose,variance_total,7,6.930000000000003,0.24901314686306855,0.24868350112517804
mose,variance_total,8,7.920000000000005,0.24891955150256417,0.24868350112517804
mose,variance_total,9,8.909999999999997,0.24891797471511412,0.24868350112517804
mose,variance_total,10,9.899999999999999,0.24884091102755537,0.24868350112517804
mose,variance_total,11,10.89,0.2489221968904543,0.24868350112517804
mose,variance_total,12,11.880000000000003,0.24899921316226784,0.24868350112517804
mose,variance_total,13,12.870000000000005,0.24898357897126072,0.24868350112517804
mose,variance_total,14,13.859999999999994,0.24898259676732312,0.24868350112517804
mose,variance_total,15,14.849999999999996,0.24884397285134846,0.24868350112517804
mose,variance_total,16,15.839999999999998,0.24893937178198683,0.24868350112517804
mose,variance_total,17,16.830000000000002,0.248956687648098,0.24868350112517804
mose,variance_total,18,17.820000000000004,0.24909410274470242,0.24868350112517804
mose,variance_total,19,18.810000000000006,0.24916663900247357,0.24868350112517804
mose,variance_total,20,19.799999999999997,0.24922731357763017,0.24868350112517804
mose,variance_total,21,20.79,0.2491867313884478,0.24868350112517804
mose,variance_total,22,21.78,0.24919436871793285,0.24868350112517804
mose,variance_total,23,22.770000000000003,0.24899698548689433,0.24868350112517804
mose,variance_total,24,23.760000000000005,0.2493118920022014,0.24868350112517804
mose,variance_total,25,24.750000000000007,0.24925491919958512,0.24868350112517804
mose,variance_total,26,25.739999999999995,0.2491894319458453,0.24868350112517804
mose,variance_total,27,26.729999999999997,0.2492481573634062,0.24868350112517804
mose,variance_total,28,27.72,0.249148950403981,0.24868350112517804
mose,variance_total,29,28.71,0.24927836081787186,0.24868350112517804
mose,variance_total,30,29.700000000000003,0.24937352236274443,0.24868350112517804
mose,variance_total,31,30.689999999999994,0.2493820687088804,0.24868350112517804
mose,variance_total,32,31.679999999999996,0.24941712228859225,0.24868350112517804
mose,variance_total,33,32.67,0.24951575255209704,0.24868350112517804
mose,variance_total,34,33.660000000000004,0.24933110265295774,0.24868350112517804
mose,variance_total,35,34.650000000000006,0.2493473574558375,0.24868350112517804
mose,variance_total,36,35.64000000000001,0.24955082567718012,0.24868350112517804
mose,variance_total,37,36.629999999999995,0.2489221212673455,0.24868350112517804
mose,variance_total,38,37.62,0.24873523270321704,0.24868350112517804
mose,variance_total,39,38.61,0.24889812594871766,0.24868350112517804
mose,variance_total,40,39.6,0.24908314894842315,0.24868350112517804
mose,variance_total,41,40.59,0.24834181405953365,0.24868350112517804
mose,variance_total,42,41.58,0.24799982639504278,0.24868350112517804
mose,variance_total,43,42.56999999999999,0.24808139608371693,0.24868350112517804
mose,variance_total,44,43.56,0.24847156070810653,0.24868350112517804
mose,variance_total,45,44.55,0.2490785872289228,0.24868350112517804
mose,variance_total,46,45.540000000000006,0.24947425602999954,0.24868350112517804
mose,variance_total,47,46.53,0.2497143953205209,0.24868350112517804
mose,variance_total,48,47.519999999999996,0.2492757811395452,0.24868350112517804
mose,variance_total,49,48.51,0.24886588145376004,0.24868350112517804
mose,variance_total,50,49.5,0.24905535366596832,0.24868350112517804
mose,variance_total,51,50.495000000000005,0.24956844006081125,0.24868350112517804
mose,variance_total,52,51.485,0.2500625862942027,0.24868350112517804
mose,variance_total,53,52.47500000000001,0.25034127992126337,0.24868350112517804
mose,variance_total,54,53.465,0.2504457033193543,0.24868350112517804
mose,variance_total,55,54.455,0.25001884187672374,0.24868350112517804
mose,variance_total,56,55.445,0.25028078685368704,0.24868350112517804
mose,variance_total,57,56.435,0.2507910928197793,0.24868350112517804
mose,variance_total,58,57.42499999999999,0.2510632941915541,0.24868350112517804
mose,variance_total,59,58.41499999999999,0.2508212647007803,0.24868350112517804
mose,variance_total,60,59.404999999999994,0.25119644303128064,0.24868350112517804
mose,variance_total,61,60.394999999999996,0.2510335795449114,0.24868350112517804
mose,variance_total,62,61.385,0.2510295071992673,0.24868350112517804
mose,variance_total,63,62.375,0.2517055337449556,0.24868350112517804
mose,variance_total,64,63.365,0.251083410846774,0.24868350112517804
mose,variance_total,65,64.355,0.25141458993323795,0.24868350112517804
mose,variance_total,66,65.345,0.2517723937212927,0.24868350112517804
mose,variance_total,67,66.335,0.2515020159528939,0.24868350112517804
mose,variance_total,68,67.325,0.25209857783366096,0.24868350112517804
mose,variance_total,69,68.315,0.2526308127044382,0.24868350112517804
mose,variance_total,70,69.30499999999999,0.25270228874501566,0.24868350112517804
mose,variance_total,71,70.295,0.2530319962286268,0.24868350112517804
mose,variance_total,72,71.285,0.25362476847043575,0.24868350112517804
mose,variance_total,73,72.275,0.253933703925743,0.24868350112517804
mose,variance_total,74,73.265,0.25368611122182044,0.24868350112517804
mose,variance_total,75,74.25500000000001,0.2536823133633654,0.24868350112517804
mose,variance_total,76,75.245,0.2536585799439211,0.24868350112517804
mose,variance_total,77,76.235,0.25395999259492463,0.24868350112517804
mose,variance_total,78,77.225,0.2536429848863812,0.24868350112517804
mose,variance_total,79,78.215,0.2543597963997552,0.24868350112517804
mose,variance_total,80,79.205,0.25500728173985504,0.24868350112517804
mose,variance_total,81,80.195,0.25522855028147023,0.24868350112517804
mose,variance_total,82,81.185,0.255359321009491,0.24868350112517804
mose,variance_total,83,82.175,0.2543639732983127,0.24868350112517804
mose,variance_total,84,83.165,0.254759311660174,0.24868350112517804
mose,variance_total,85,84.155,0.25519494028256395,0.24868350112517804
mose,variance_total,86,85.14500000000001,0.2560742881215685,0.24868350112517804
mose,variance_total,87,86.135,0.2571156350872985,0.24868350112517804
mose,variance_total,88,87.125,0.2575515823682033,0.24868350112517804
mose,variance_total,89,88.115,0.2573401903051208,0.24868350112517804
mose,variance_total,90,89.105,0.25734026719093267,0.24868350112517804
mose,variance_total,91,90.095,0.257076031858458,0.24868350112517804
mose,variance_total,92,91.08500000000001,0.2558982204149113,0.24868350112517804
mose,variance_total,93,92.07499999999999,0.25760791916119885,0.24868350112517804
mose,variance_total,94,93.065,0.2556796095193449,0.24868350112517804
mose,variance_total,95,94.055,0.25682248833266735,0.24868350112517804
mose,variance_total,96,95.045,0.2573486372943356,0.24868350112517804
mose,variance_total,97,96.035,0.253936022518866,0.24868350112517804
mose,variance_total,98,97.025,0.25274160840481663,0.24868350112517804
mose,variance_total,99,98.015,0.2516300103004403,0.24868350112517804
mose,variance_total,100,99.005,0.24621627309256636,0.24868350112517804
mose,variance_aleatoric,0,0.0,0.2488385550736882,0.2485317010669296
mose,variance_aleatoric,1,0.990000000000002,0.24865803586006327,0.2485317010669296
mose,variance_aleatoric,2,1.980000000000004,0.24875863470524795,0.2485317010669296
mose,variance_aleatoric,3,2.969999999999995,0.24885680032795668,0.2485317010669296
mose,variance_aleatoric,4,3.959999999999997,0.24892198915441002,0.2485317010669296
mose,variance_aleatoric,5,4.949999999999999,0.24890244742069847,0.2485317010669296
mose,variance_aleatoric,6,5.940000000000001,0.2489102286900283,0.2485317010669296
mose,variance_aleatoric,7,6.930000000000003,0.24901314686306855,0.2485317010669296
mose,variance_aleatoric,8,7.920000000000005,0.24891955150256417,0.2485317010669296
mose,variance_aleatoric,9,8.909999999999997,0.24891797471511412,0.2485317010669296
mose,variance_aleatoric,10,9.899999999999999,0.24884091102755537,0.2485317010669296
mose,variance_aleatoric,11,10.89,0.2489221968904543,0.2485317010669296
mose,variance_aleatoric,12,11.880000000000003,0.24899921316226778,0.2485317010669296
mose,variance_aleatoric,13,12.870000000000005,0.24898357897126067,0.2485317010669296
mose,variance_aleatoric,14,13.859999999999994,0.24898259676732318,0.2485317010669296
mose,variance_aleatoric,15,14.849999999999996,0.24884397285134846,0.2485317010669296
mose,variance_aleatoric,16,15.839999999999998,0.24893937178198683,0.2485317010669296
mose,variance_aleatoric,17,16.830000000000002,0.24895668764809795,0.2485317010669296
mose,variance_aleatoric,18,17.820000000000004,0.2490941027447024,0.2485317010669296
mose,variance_aleatoric,19,18.810000000000006,0.24916663900247357,0.2485317010669296
mose,variance_aleatoric,20,19.799999999999997,0.24922731357763017,0.2485317010669296
mose,variance_aleatoric,21,20.79,0.2491867313884478,0.2485317010669296
mose,variance_aleatoric,22,21.78,0.24919436871793285,0.2485317010669296
mose,variance_aleatoric,23,22.770000000000003,0.24899698548689433,0.2485317010669296
mose,variance_aleatoric,24,23.760000000000005,0.24931189200220144,0.2485317010669296
mose,variance_aleatoric,25,24.750000000000007,0.24925491919958512,0.2485317010669296
mose,variance_aleatoric,26,25.739999999999995,0.2491894319458453,0.2485317010669296
mose,variance_aleatoric,27,26.729999999999997,0.24924815736340616,0.2485317010669296
mose,variance_aleatoric,28,27.72,0.249148950403981,0.2485317010669296
mose,variance_aleatoric,29,28.71,0.24927836081787186,0.2485317010669296
mose,variance_aleatoric,30,29.700000000000003,0.24937352236274446,0.2485317010669296
mose,variance_aleatoric,31,30.689999999999994,0.2493820687088804,0.2485317010669296
mose,variance_aleatoric,32,31.679999999999996,0.24941712228859225,0.2485317010669296
mose,variance_aleatoric,33,32.67,0.24951575255209704,0.2485317010669296
mose,variance_aleatoric,34,33.660000000000004,0.24933110265295774,0.2485317010669296
mose,variance_aleatoric,35,34.650000000000006,0.2493473574558375,0.2485317010669296
mose,variance_aleatoric,36,35.64000000000001,0.24955082567718012,0.2485317010669296
mose,variance_aleatoric,37,36.629999999999995,0.2489221212673455,0.2485317010669296
mose,variance_aleatoric,38,37.62,0.2487352327032171,0.2485317010669296
mose,variance_aleatoric,39,38.61,0.24889812594871766,0.2485317010669296
mose,variance_aleatoric,40,39.6,0.24908314894842315,0.2485317010669296
mose,variance_aleatoric,41,40.59,0.2483418140595336,0.2485317010669296
mose,variance_aleatoric,42,41.58,0.2479998263950428,0.2485317010669296
mose,variance_aleatoric,43,42.56999999999999,0.2480813960837169,0.2485317010669296
mose,variance_aleatoric,44,43.56,0.24847156070810653,0.2485317010669296
mose,variance_aleatoric,45,44.55,0.2490785872289228,0.2485317010669296
mose,variance_aleatoric,46,45.540000000000006,0.24947425602999954,0.2485317010669296
mose,variance_aleatoric,47,46.53,0.2497143953205209,0.2485317010669296
mose,variance_aleatoric,48,47.519999999999996,0.2492757811395452,0.2485317010669296
mose,variance_aleatoric,49,48.51,0.24886588145375999,0.2485317010669296
mose,variance_aleatoric,50,49.5,0.24905535366596832,0.2485317010669296
mose,variance_aleatoric,51,50.495000000000005,0.24956844006081125,0.2485317010669296
mose,variance_aleatoric,52,51.485,0.2500625862942027,0.2485317010669296
mose,variance_aleatoric,53,52.47500000000001,0.2503412799212633,0.2485317010669296
mose,variance_aleatoric,54,53.465,0.25044570331935434,0.2485317010669296
mose,variance_aleatoric,55,54.455,0.2500188418767238,0.2485317010669296
mose,variance_aleatoric,56,55.445,0.25028078685368704,0.2485317010669296
mose,variance_aleatoric,57,56.435,0.2507910928197793,0.2485317010669296
mose,variance_aleatoric,58,57.42499999999999,0.2510632941915541,0.2485317010669296
mose,variance_aleatoric,59,58.41499999999999,0.25082126470078037,0.2485317010669296
mose,variance_aleatoric,60,59.404999999999994,0.25119644303128064,0.2485317010669296
mose,variance_aleatoric,61,60.394999999999996,0.2510335795449114,0.2485317010669296
mose,variance_aleatoric,62,61.385,0.2510295071992673,0.2485317010669296
mose,variance_aleatoric,63,62.375,0.2517055337449556,0.2485317010669296
mose,variance_aleatoric,64,63.365,0.251083410846774,0.2485317010669296
mose,variance_aleatoric,65,64.355,0.2514145899332379,0.2485317010669296
mose,variance_aleatoric,66,65.345,0.2517723937212926,0.2485317010669296
mose,variance_aleatoric,67,66.335,0.2515020159528939,0.2485317010669296
mose,variance_aleatoric,68,67.325,0.25209857783366096,0.2485317010669296
mose,variance_aleatoric,69,68.315,0.2526308127044382,0.2485317010669296
mose,variance_aleatoric,70,69.30499999999999,0.25270228874501566,0.2485317010669296
mose,variance_aleatoric,71,70.295,0.2530319962286268,0.2485317010669296
mose,variance_aleatoric,72,71.285,0.25362476847043575,0.2485317010669296
mose,variance_aleatoric,73,72.275,0.25393370392574305,0.2485317010669296
mose,variance_aleatoric,74,73.265,0.253876695887809,0.2485317010669296
mose,variance_aleatoric,75,74.25500000000001,0.2545638889822364,0.2485317010669296
mose,variance_aleatoric,76,75.245,0.2549223841111286,0.2485317010669296
mose,variance_aleatoric,77,76.235,0.25450401738610656,0.2485317010669296
mose,variance_aleatoric,78,77.225,0.2550762215221816,0.2485317010669296
mose,variance_aleatoric,79,78.215,0.2553209791081921,0.2485317010669296
mose,variance_aleatoric,80,79.205,0.2545588580914971,0.2485317010669296
mose,variance_aleatoric,81,80.195,0.2540049042981927,0.2485317010669296
mose,variance_aleatoric,82,81.185,0.2539874523556502,0.2485317010669296
mose,variance_aleatoric,83,82.175,0.2533912928395161,0.2485317010669296
mose,variance_aleatoric,84,83.165,0.2534300753674488,0.2485317010669296
mose,variance_aleatoric,85,84.155,0.253927848699893,0.2485317010669296
mose,variance_aleatoric,86,85.14500000000001,0.25364743225537884,0.2485317010669296
mose,variance_aleatoric,87,86.135,0.2522396285334654,0.2485317010669296
mose,variance_aleatoric,88,87.125,0.252426806610039,0.2485317010669296
mose,variance_aleatoric,89,88.115,0.2524101004114567,0.2485317010669296
mose,variance_aleatoric,90,89.105,0.25263310616466506,0.2485317010669296
mose,variance_aleatoric,91,90.095,0.2522468862137315,0.2485317010669296
mose,variance_aleatoric,92,91.08500000000001,0.2520085988577756,0.2485317010669296
mose,variance_aleatoric,93,92.07499999999999,0.2538310279435016,0.2485317010669296
mose,variance_aleatoric,94,93.065,0.2536344430733115,0.2485317010669296
mose,variance_aleatoric,95,94.055,0.25323791793390427,0.2485317010669296
mose,variance_aleatoric,96,95.045,0.25348889441951,0.2485317010669296
mose,variance_aleatoric,97,96.035,0.25636582423389004,0.2485317010669296
mose,variance_aleatoric,98,97.025,0.26145761142866636,0.2485317010669296
mose,variance_aleatoric,99,98.015,0.26160153956788734,0.2485317010669296
mose,variance_aleatoric,100,99.005,0.2640920571848607,0.2485317010669296
mose,variance_epistemic,0,0.0,0.24883855507368827,0.24759984301693974
mose,variance_epistemic,1,0.990000000000002,0.24865803586006327,0.24759984301693974
mose,variance_epistemic,2,1.980000000000004,0.24875863470524795,0.24759984301693974
mose,variance_epistemic,3,2.969999999999995,0.24885680032795668,0.24759984301693974
mose,variance_epistemic,4,3.959999999999997,0.24892198915441,0.24759984301693974
mose,variance_epistemic,5,4.949999999999999,0.24890244742069847,0.24759984301693974
mose,variance_epistemic,6,5.940000000000001,0.2489102286900283,0.24759984301693974
mose,variance_epistemic,7,6.930000000000003,0.24901314686306855,0.24759984301693974
mose,variance_epistemic,8,7.920000000000005,0.24891955150256417,0.24759984301693974
mose,variance_epistemic,9,8.909999999999997,0.24891797471511412,0.24759984301693974
mose,variance_epistemic,10,9.899999999999999,0.24884091102755537,0.24759984301693974
mose,variance_epistemic,11,10.89,0.2489221968904543,0.24759984301693974
mose,variance_epistemic,12,11.880000000000003,0.24899921316226778,0.24759984301693974
mose,variance_epistemic,13,12.870000000000005,0.24898357897126067,0.24759984301693974
mose,variance_epistemic,14,13.859999999999994,0.24898259676732312,0.24759984301693974
mose,variance_epistemic,15,14.849999999999996,0.24884397285134846,0.24759984301693974
mose,variance_epistemic,16,15.839999999999998,0.24893937178198683,0.24759984301693974
mose,variance_epistemic,17,16.830000000000002,0.248956687648098,0.24759984301693974
mose,variance_epistemic,18,17.820000000000004,0.24909410274470242,0.24759984301693974
mose,variance_epistemic,19,18.810000000000006,0.24916663900247357,0.24759984301693974
mose,variance_epistemic,20,19.799999999999997,0.2492273135776302,0.24759984301693974
mose,variance_epistemic,21,20.79,0.2491935322122049,0.24759984301693974
mose,variance_epistemic,22,21.78,0.24921715589538448,0.24759984301693974
mose,variance_epistemic,23,22.770000000000003,0.24906200828061623,0.24759984301693974
mose,variance_epistemic,24,23.760000000000005,0.24875935076498487,0.24759984301693974
mose,variance_epistemic,25,24.750000000000007,0.24895515243126481,0.24759984301693974
mose,variance_epistemic,26,25.739999999999995,0.24852173724845045,0.24759984301693974
mose,variance_epistemic,27,26.729999999999997,0.2486683256384062,0.24759984301693974
mose,variance_epistemic,28,27.72,0.24891111148944906,0.24759984301693974
mose,variance_epistemic,29,28.71,0.248537661004394,0.24759984301693974
mose,variance_epistemic,30,29.700000000000003,0.2490293721240437,0.24759984301693974
mose,variance_epistemic,31,30.689999999999994,0.24898848361163067,0.24759984301693974
mose,variance_epistemic,32,31.679999999999996,0.24883508309866378,0.24759984301693974
mose,variance_epistemic,33,32.67,0.2490801617431396,0.24759984301693974
mose,variance_epistemic,34,33.660000000000004,0.24891582758648767,0.24759984301693974
mose,variance_epistemic,35,34.650000000000006,0.2487714460172504,0.24759984301693974
mose,variance_epistemic,36,35.64000000000001,0.24911830817160618,0.24759984301693974
mose,variance_epistemic,37,36.629999999999995,0.24914825544137528,0.24759984301693974
mose,variance_epistemic,38,37.62,0.24874221276302722,0.24759984301693974
mose,variance_epistemic,39,38.61,0.24927067945069112,0.24759984301693974
mose,variance_epistemic,40,39.6,0.24958059254905732,0.24759984301693974
mose,variance_epistemic,41,40.59,0.2488567955183999,0.24759984301693974
mose,variance_epistemic,42,41.58,0.2486213682409122,0.24759984301693974
mose,variance_epistemic,43,42.56999999999999,0.24858778929496628,0.24759984301693974
mose,variance_epistemic,44,43.56,0.24855054005565952,0.24759984301693974
mose,variance_epistemic,45,44.55,0.2488134743240137,0.24759984301693974
mose,variance_epistemic,46,45.540000000000006,0.24863029183382848,0.24759984301693974
mose,variance_epistemic,47,46.53,0.24870008428246038,0.24759984301693974
mose,variance_epistemic,48,47.519999999999996,0.24835532529176965,0.24759984301693974
mose,variance_epistemic,49,48.51,0.2484855677736871,0.24759984301693974
mose,variance_epistemic,50,49.5,0.24857348546525657,0.24759984301693974
mose,variance_epistemic,51,50.495000000000005,0.2485890006758099,0.24759984301693974
mose,variance_epistemic,52,51.485,0.24869102510328697,0.24759984301693974
mose,variance_epistemic,53,52.47500000000001,0.24810332161579762,0.24759984301693974
mose,variance_epistemic,54,53.465,0.24870953068772123,0.24759984301693974
mose,variance_epistemic,55,54.455,0.2489029994334849,0.24759984301693974
mose,variance_epistemic,56,55.445,0.24938386199124354,0.24759984301693974
mose,variance_epistemic,57,56.435,0.24964280772483688,0.24759984301693974
mose,variance_epistemic,58,57.42499999999999,0.25008010277164594,0.24759984301693974
mose,variance_epistemic,59,58.41499999999999,0.24995773277759634,0.24759984301693974
mose,variance_epistemic,60,59.404999999999994,0.25019367081893495,0.24759984301693974
mose,variance_epistemic,61,60.394999999999996,0.2498984341944274,0.24759984301693974
mose,variance_epistemic,62,61.385,0.2499678776178868,0.24759984301693974
mose,variance_epistemic,63,62.375,0.2497684233579855,0.24759984301693974
mose,variance_epistemic,64,63.365,0.2501705191756276,0.24759984301693974
mose,variance_epistemic,65,64.355,0.25026619875199946,0.24759984301693974
mose,variance_epistemic,66,65.345,0.25089384374702034,0.24759984301693974
mose,variance_epistemic,67,66.335,0.25018474313505973,0.24759984301693974
mose,variance_epistemic,68,67.325,0.2502279375671605,0.24759984301693974
mose,variance_epistemic,69,68.315,0.25092260878138833,0.24759984301693974
mose,variance_epistemic,70,69.30499999999999,0.2507430727971564,0.24759984301693974
mose,variance_epistemic,71,70.295,0.25041508535614454,0.24759984301693974
mose,variance_epistemic,72,71.285,0.25079272225859167,0.24759984301693974
mose,variance_epistemic,73,72.275,0.25101833249684813,0.24759984301693974
mose,variance_epistemic,74,73.265,0.250985528379962,0.24759984301693974
mose,variance_epistemic,75,74.25500000000001,0.2514543205141491,0.24759984301693974
mose,variance_epistemic,76,75.245,0.2507148691338293,0.24759984301693974
mose,variance_epistemic,77,76.235,0.251791286421926,0.24759984301693974
mose,variance_epistemic,78,77.225,0.2512694929952483,0.24759984301693974
mose,variance_epistemic,79,78.215,0.2513978966461492,0.24759984301693974
mose,variance_epistemic,80,79.205,0.25082639179521304,0.24759984301693974
mose,variance_epistemic,81,80.195,0.25160562072327436,0.24759984301693974
mose,variance_epistemic,82,81.185,0.251418456063255,0.24759984301693974
mose,variance_epistemic,83,82.175,0.25200515933715806,0.24759984301693974
mose,variance_epistemic,84,83.165,0.2519727297400409,0.24759984301693974
mose,variance_epistemic,85,84.155,0.2521188784570213,0.24759984301693974
mose,variance_epistemic,86,85.14500000000001,0.2520376318944166,0.24759984301693974
mose,variance_epistemic,87,86.135,0.25218121380642916,0.24759984301693974
mose,variance_epistemic,88,87.125,0.2520053870171024,0.24759984301693974
mose,variance_epistemic,89,88.115,0.2534858155148163,0.24759984301693974
mose,variance_epistemic,90,89.105,0.25384848636379914,0.24759984301693974
mose,variance_epistemic,91,90.095,0.2540819557053078,0.24759984301693974
mose,variance_epistemic,92,91.08500000000001,0.25426270431630554,0.24759984301693974
mose,variance_epistemic,93,92.07499999999999,0.2551614157997844,0.24759984301693974
mose,variance_epistemic,94,93.065,0.2553875678893234,0.24759984301693974
mose,variance_epistemic,95,94.055,0.25694310697585054,0.24759984301693974
mose,variance_epistemic,96,95.045,0.25535890870197125,0.24759984301693974
mose,variance_epistemic,97,96.035,0.25548414327421193,0.24759984301693974
mose,variance_epistemic,98,97.025,0.25290046176869785,0.24759984301693974
mose,variance_epistemic,99,98.015,0.24796749420588965,0.24759984301693974
mose,variance_epistemic,100,99.005,0.24784613063936936,0.24759984301693974
mose,alpha_volume_total_5%,0,0.0,0.24883855507368827,0.24403187645085883
mose,alpha_volume_total_5%,1,0.990000000000002,0.24897784758549976,0.24403187645085883
mose,alpha_volume_total_5%,2,1.980000000000004,0.2490676852317804,0.24403187645085883
mose,alpha_volume_total_5%,3,2.969999999999995,0.24933239143359606,0.24403187645085883
mose,alpha_volume_total_5%,4,3.959999999999997,0.24938662487877616,0.24403187645085883
mose,alpha_volume_total_5%,5,4.949999999999999,0.24975906445176552,0.24403187645085883
mose,alpha_volume_total_5%,6,5.940000000000001,0.2500229710049876,0.24403187645085883
mose,alpha_volume_total_5%,7,6.930000000000003,0.25012921208382066,0.24403187645085883
mose,alpha_volume_total_5%,8,7.920000000000005,0.2499895048248246,0.24403187645085883
mose,alpha_volume_total_5%,9,8.909999999999997,0.24974420148618048,0.24403187645085883
mose,alpha_volume_total_5%,10,9.899999999999999,0.24964979542795956,0.24403187645085883
mose,alpha_volume_total_5%,11,10.89,0.24922346647472196,0.24403187645085883
mose,alpha_volume_total_5%,12,11.880000000000003,0.24935055909894774,0.24403187645085883
mose,alpha_volume_total_5%,13,12.870000000000005,0.24944667035669707,0.24403187645085883
mose,alpha_volume_total_5%,14,13.859999999999994,0.24917577549977232,0.24403187645085883
mose,alpha_volume_total_5%,15,14.849999999999996,0.24901761384280924,0.24403187645085883
mose,alpha_volume_total_5%,16,15.839999999999998,0.2487454434528496,0.24403187645085883
mose,alpha_volume_total_5%,17,16.830000000000002,0.24855885644399023,0.24403187645085883
mose,alpha_volume_total_5%,18,17.820000000000004,0.24846771098105502,0.24403187645085883
mose,alpha_volume_total_5%,19,18.810000000000006,0.2483681368446063,0.24403187645085883
mose,alpha_volume_total_5%,20,19.799999999999997,0.24784022417941673,0.24403187645085883
mose,alpha_volume_total_5%,21,20.79,0.24812603294551122,0.24403187645085883
mose,alpha_volume_total_5%,22,21.78,0.24807646240346803,0.24403187645085883
mose,alpha_volume_total_5%,23,22.770000000000003,0.24795020953905947,0.24403187645085883
mose,alpha_volume_total_5%,24,23.760000000000005,0.24794658497590788,0.24403187645085883
mose,alpha_volume_total_5%,25,24.750000000000007,0.24793882035241926,0.24403187645085883
mose,alpha_volume_total_5%,26,25.739999999999995,0.247914655054059,0.24403187645085883
mose,alpha_volume_total_5%,27,26.729999999999997,0.2479502906178523,0.24403187645085883
mose,alpha_volume_total_5%,28,27.72,0.247656970065927,0.24403187645085883
mose,alpha_volume_total_5%,29,28.71,0.24794538533233715,0.24403187645085883
mose,alpha_volume_total_5%,30,29.700000000000003,0.24745987646560838,0.24403187645085883
mose,alpha_volume_total_5%,31,30.689999999999994,0.2472452329427603,0.24403187645085883
mose,alpha_volume_total_5%,32,31.679999999999996,0.24715575128488418,0.24403187645085883
mose,alpha_volume_total_5%,33,32.67,0.24701701686889668,0.24403187645085883
mose,alpha_volume_total_5%,34,33.660000000000004,0.2465881715170844,0.24403187645085883
mose,alpha_volume_total_5%,35,34.650000000000006,0.2466159345128057,0.24403187645085883
mose,alpha_volume_total_5%,36,35.64000000000001,0.24663406257145956,0.24403187645085883
mose,alpha_volume_total_5%,37,36.629999999999995,0.24599759879947175,0.24403187645085883
mose,alpha_volume_total_5%,38,37.62,0.24599190210096392,0.24403187645085883
mose,alpha_volume_total_5%,39,38.61,0.24617003819237926,0.24403187645085883
mose,alpha_volume_total_5%,40,39.6,0.2462507420005829,0.24403187645085883
mose,alpha_volume_total_5%,41,40.59,0.24626512529581854,0.24403187645085883
mose,alpha_volume_total_5%,42,41.58,0.245681885820106,0.24403187645085883
mose,alpha_volume_total_5%,43,42.56999999999999,0.24638921684103415,0.24403187645085883
mose,alpha_volume_total_5%,44,43.56,0.24626089179196903,0.24403187645085883
mose,alpha_volume_total_5%,45,44.55,0.24655463875268002,0.24403187645085883
mose,alpha_volume_total_5%,46,45.540000000000006,0.24638303651656213,0.24403187645085883
mose,alpha_volume_total_5%,47,46.53,0.24683117545510783,0.24403187645085883
mose,alpha_volume_total_5%,48,47.519999999999996,0.2463632003962521,0.24403187645085883
mose,alpha_volume_total_5%,49,48.51,0.24608894554399982,0.24403187645085883
mose,alpha_volume_total_5%,50,49.5,0.24632118654876717,0.24403187645085883
mose,alpha_volume_total_5%,51,50.495000000000005,0.24669518360995932,0.24403187645085883
mose,alpha_volume_total_5%,52,51.485,0.24617559165972314,0.24403187645085883
mose,alpha_volume_total_5%,53,52.47500000000001,0.2461905328991227,0.24403187645085883
mose,alpha_volume_total_5%,54,53.465,0.2462733005130639,0.24403187645085883
mose,alpha_volume_total_5%,55,54.455,0.24631607261543778,0.24403187645085883
mose,alpha_volume_total_5%,56,55.445,0.2462184798790141,0.24403187645085883
mose,alpha_volume_total_5%,57,56.435,0.24631082019222253,0.24403187645085883
mose,alpha_volume_total_5%,58,57.42499999999999,0.24603093085270264,0.24403187645085883
mose,alpha_volume_total_5%,59,58.41499999999999,0.2458151830993089,0.24403187645085883
mose,alpha_volume_total_5%,60,59.404999999999994,0.24594462091170513,0.24403187645085883
mose,alpha_volume_total_5%,61,60.394999999999996,0.24612478452930864,0.24403187645085883
mose,alpha_volume_total_5%,62,61.385,0.24615354047413956,0.24403187645085883
mose,alpha_volume_total_5%,63,62.375,0.24655815250056673,0.24403187645085883
mose,alpha_volume_total_5%,64,63.365,0.24602648430681073,0.24403187645085883
mose,alpha_volume_total_5%,65,64.355,0.24633234708422544,0.24403187645085883
mose,alpha_volume_total_5%,66,65.345,0.24609199076835167,0.24403187645085883
mose,alpha_volume_total_5%,67,66.335,0.24636448194385063,0.24403187645085883
mose,alpha_volume_total_5%,68,67.325,0.24575828424107826,0.24403187645085883
mose,alpha_volume_total_5%,69,68.315,0.24554884827393508,0.24403187645085883
mose,alpha_volume_total_5%,70,69.30499999999999,0.24601082417882797,0.24403187645085883
mose,alpha_volume_total_5%,71,70.295,0.24667230955291447,0.24403187645085883
mose,alpha_volume_total_5%,72,71.285,0.24616886828075013,0.24403187645085883
mose,alpha_volume_total_5%,73,72.275,0.24575081430509577,0.24403187645085883
mose,alpha_volume_total_5%,74,73.265,0.2455728837849925,0.24403187645085883
mose,alpha_volume_total_5%,75,74.25500000000001,0.24518812829948755,0.24403187645085883
mose,alpha_volume_total_5%,76,75.245,0.24493112677988815,0.24403187645085883
mose,alpha_volume_total_5%,77,76.235,0.24480006042699928,0.24403187645085883
mose,alpha_volume_total_5%,78,77.225,0.24561566404056553,0.24403187645085883
mose,alpha_volume_total_5%,79,78.215,0.2449391703964899,0.24403187645085883
mose,alpha_volume_total_5%,80,79.205,0.24492814130929708,0.24403187645085883
mose,alpha_volume_total_5%,81,80.195,0.2443653159662744,0.24403187645085883
mose,alpha_volume_total_5%,82,81.185,0.24451089282976718,0.24403187645085883
mose,alpha_volume_total_5%,83,82.175,0.24481479083463162,0.24403187645085883
mose,alpha_volume_total_5%,84,83.165,0.24450604025451636,0.24403187645085883
mose,alpha_volume_total_5%,85,84.155,0.2436529390197583,0.24403187645085883
mose,alpha_volume_total_5%,86,85.14500000000001,0.243447557813405,0.24403187645085883
mose,alpha_volume_total_5%,87,86.135,0.24309431079561017,0.24403187645085883
mose,alpha_volume_total_5%,88,87.125,0.24386503830773487,0.24403187645085883
mose,alpha_volume_total_5%,89,88.115,0.2458932656694559,0.24403187645085883
mose,alpha_volume_total_5%,90,89.105,0.24483595579335704,0.24403187645085883
mose,alpha_volume_total_5%,91,90.095,0.24582261481330514,0.24403187645085883
mose,alpha_volume_total_5%,92,91.08500000000001,0.24598676069056002,0.24403187645085883
mose,alpha_volume_total_5%,93,92.07499999999999,0.2460402566597717,0.24403187645085883
mose,alpha_volume_total_5%,94,93.065,0.24439720429350933,0.24403187645085883
mose,alpha_volume_total_5%,95,94.055,0.24221570685038285,0.24403187645085883
mose,alpha_volume_total_5%,96,95.045,0.24523403384455197,0.24403187645085883
mose,alpha_volume_total_5%,97,96.035,0.24394417838284113,0.24403187645085883
mose,alpha_volume_total_5%,98,97.025,0.24063191215838642,0.24403187645085883
mose,alpha_volume_total_5%,99,98.015,0.23814261588925947,0.24403187645085883
mose,alpha_volume_total_5%,100,99.005,0.23817282389690533,0.24403187645085883
mose,alpha_volume_aleatoric_5%,0,0.0,0.24883855507368827,0.24403187645085883
mose,alpha_volume_aleatoric_5%,1,0.990000000000002,0.24897784758549976,0.24403187645085883
mose,alpha_volume_aleatoric_5%,2,1.980000000000004,0.2490676852317804,0.24403187645085883
mose,alpha_volume_aleatoric_5%,3,2.969999999999995,0.24933239143359606,0.24403187645085883
mose,alpha_volume_aleatoric_5%,4,3.959999999999997,0.24938662487877616,0.24403187645085883
mose,alpha_volume_aleatoric_5%,5,4.949999999999999,0.24975906445176552,0.24403187645085883
mose,alpha_volume_aleatoric_5%,6,5.940000000000001,0.2500229710049876,0.24403187645085883
mose,alpha_volume_aleatoric_5%,7,6.930000000000003,0.25012921208382066,0.24403187645085883
mose,alpha_volume_aleatoric_5%,8,7.920000000000005,0.2499895048248246,0.24403187645085883
mose,alpha_volume_aleatoric_5%,9,8.909999999999997,0.24974420148618048,0.24403187645085883
mose,alpha_volume_aleatoric_5%,10,9.899999999999999,0.24964979542795956,0.24403187645085883
mose,alpha_volume_aleatoric_5%,11,10.89,0.24922346647472196,0.24403187645085883
mose,alpha_volume_aleatoric_5%,12,11.880000000000003,0.24935055909894774,0.24403187645085883
mose,alpha_volume_aleatoric_5%,13,12.870000000000005,0.24944667035669707,0.24403187645085883
mose,alpha_volume_aleatoric_5%,14,13.859999999999994,0.24917577549977232,0.24403187645085883
mose,alpha_volume_aleatoric_5%,15,14.849999999999996,0.24901761384280924,0.24403187645085883
mose,alpha_volume_aleatoric_5%,16,15.839999999999998,0.2487454434528496,0.24403187645085883
mose,alpha_volume_aleatoric_5%,17,16.830000000000002,0.24855885644399023,0.24403187645085883
mose,alpha_volume_aleatoric_5%,18,17.820000000000004,0.24846771098105502,0.24403187645085883
mose,alpha_volume_aleatoric_5%,19,18.810000000000006,0.2483681368446063,0.24403187645085883
mose,alpha_volume_aleatoric_5%,20,19.799999999999997,0.24784022417941673,0.24403187645085883
mose,alpha_volume_aleatoric_5%,21,20.79,0.24812603294551122,0.24403187645085883
mose,alpha_volume_aleatoric_5%,22,21.78,0.24807646240346803,0.24403187645085883
mose,alpha_volume_aleatoric_5%,23,22.770000000000003,0.24795020953905947,0.24403187645085883
mose,alpha_volume_aleatoric_5%,24,23.760000000000005,0.24794658497590788,0.24403187645085883
mose,alpha_volume_aleatoric_5%,25,24.750000000000007,0.24793882035241926,0.24403187645085883
mose,alpha_volume_aleatoric_5%,26,25.739999999999995,0.247914655054059,0.24403187645085883
mose,alpha_volume_aleatoric_5%,27,26.729999999999997,0.2479502906178523,0.24403187645085883
mose,alpha_volume_aleatoric_5%,28,27.72,0.247656970065927,0.24403187645085883
mose,alpha_volume_aleatoric_5%,29,28.71,0.24794538533233715,0.24403187645085883
mose,alpha_volume_aleatoric_5%,30,29.700000000000003,0.24745987646560838,0.24403187645085883
mose,alpha_volume_aleatoric_5%,31,30.689999999999994,0.2472452329427603,0.24403187645085883
mose,alpha_volume_aleatoric_5%,32,31.679999999999996,0.24715575128488418,0.24403187645085883
mose,alpha_volume_aleatoric_5%,33,32.67,0.24701701686889668,0.24403187645085883
mose,alpha_volume_aleatoric_5%,34,33.660000000000004,0.2465881715170844,0.24403187645085883
mose,alpha_volume_aleatoric_5%,35,34.650000000000006,0.2466159345128057,0.24403187645085883
mose,alpha_volume_aleatoric_5%,36,35.64000000000001,0.24663406257145956,0.24403187645085883
mose,alpha_volume_aleatoric_5%,37,36.629999999999995,0.24599759879947175,0.24403187645085883
mose,alpha_volume_aleatoric_5%,38,37.62,0.24599190210096392,0.24403187645085883
mose,alpha_volume_aleatoric_5%,39,38.61,0.24617003819237926,0.24403187645085883
mose,alpha_volume_aleatoric_5%,40,39.6,0.2462507420005829,0.24403187645085883
mose,alpha_volume_aleatoric_5%,41,40.59,0.24626512529581854,0.24403187645085883
mose,alpha_volume_aleatoric_5%,42,41.58,0.245681885820106,0.24403187645085883
mose,alpha_volume_aleatoric_5%,43,42.56999999999999,0.24638921684103415,0.24403187645085883
mose,alpha_volume_aleatoric_5%,44,43.56,0.24626089179196903,0.24403187645085883
mose,alpha_volume_aleatoric_5%,45,44.55,0.24655463875268002,0.24403187645085883
mose,alpha_volume_aleatoric_5%,46,45.540000000000006,0.24638303651656213,0.24403187645085883
mose,alpha_volume_aleatoric_5%,47,46.53,0.24683117545510783,0.24403187645085883
mose,alpha_volume_aleatoric_5%,48,47.519999999999996,0.2463632003962521,0.24403187645085883
mose,alpha_volume_aleatoric_5%,49,48.51,0.24608894554399982,0.24403187645085883
mose,alpha_volume_aleatoric_5%,50,49.5,0.24632118654876717,0.24403187645085883
mose,alpha_volume_aleatoric_5%,51,50.495000000000005,0.24669518360995932,0.24403187645085883
mose,alpha_volume_aleatoric_5%,52,51.485,0.24617559165972314,0.24403187645085883
mose,alpha_volume_aleatoric_5%,53,52.47500000000001,0.2461905328991227,0.24403187645085883
mose,alpha_volume_aleatoric_5%,54,53.465,0.2462733005130639,0.24403187645085883
mose,alpha_volume_aleatoric_5%,55,54.455,0.24631607261543778,0.24403187645085883
mose,alpha_volume_aleatoric_5%,56,55.445,0.2462184798790141,0.24403187645085883
mose,alpha_volume_aleatoric_5%,57,56.435,0.24631082019222253,0.24403187645085883
mose,alpha_volume_aleatoric_5%,58,57.42499999999999,0.24603093085270264,0.24403187645085883
mose,alpha_volume_aleatoric_5%,59,58.41499999999999,0.2458151830993089,0.24403187645085883
mose,alpha_volume_aleatoric_5%,60,59.404999999999994,0.24594462091170513,0.24403187645085883
mose,alpha_volume_aleatoric_5%,61,60.394999999999996,0.24612478452930864,0.24403187645085883
mose,alpha_volume_aleatoric_5%,62,61.385,0.24615354047413956,0.24403187645085883
mose,alpha_volume_aleatoric_5%,63,62.375,0.24655815250056673,0.24403187645085883
mose,alpha_volume_aleatoric_5%,64,63.365,0.24602648430681073,0.24403187645085883
mose,alpha_volume_aleatoric_5%,65,64.355,0.24633234708422544,0.24403187645085883
mose,alpha_volume_aleatoric_5%,66,65.345,0.24609199076835167,0.24403187645085883
mose,alpha_volume_aleatoric_5%,67,66.335,0.24636448194385063,0.24403187645085883
mose,alpha_volume_aleatoric_5%,68,67.325,0.24575828424107826,0.24403187645085883
mose,alpha_volume_aleatoric_5%,69,68.315,0.24554884827393508,0.24403187645085883
mose,alpha_volume_aleatoric_5%,70,69.30499999999999,0.24601082417882797,0.24403187645085883
mose,alpha_volume_aleatoric_5%,71,70.295,0.24667230955291447,0.24403187645085883
mose,alpha_volume_aleatoric_5%,72,71.285,0.24616886828075013,0.24403187645085883
mose,alpha_volume_aleatoric_5%,73,72.275,0.24575081430509577,0.24403187645085883
mose,alpha_volume_aleatoric_5%,74,73.265,0.2455728837849925,0.24403187645085883
mose,alpha_volume_aleatoric_5%,75,74.25500000000001,0.24518812829948755,0.24403187645085883
mose,alpha_volume_aleatoric_5%,76,75.245,0.24493112677988815,0.24403187645085883
mose,alpha_volume_aleatoric_5%,77,76.235,0.24480006042699928,0.24403187645085883
mose,alpha_volume_aleatoric_5%,78,77.225,0.24561566404056553,0.24403187645085883
mose,alpha_volume_aleatoric_5%,79,78.215,0.2449391703964899,0.24403187645085883
mose,alpha_volume_aleatoric_5%,80,79.205,0.24492814130929708,0.24403187645085883
mose,alpha_volume_aleatoric_5%,81,80.195,0.2443653159662744,0.24403187645085883
mose,alpha_volume_aleatoric_5%,82,81.185,0.24451089282976718,0.24403187645085883
mose,alpha_volume_aleatoric_5%,83,82.175,0.24481479083463162,0.24403187645085883
mose,alpha_volume_aleatoric_5%,84,83.165,0.24450604025451636,0.24403187645085883
mose,alpha_volume_aleatoric_5%,85,84.155,0.2436529390197583,0.24403187645085883
mose,alpha_volume_aleatoric_5%,86,85.14500000000001,0.243447557813405,0.24403187645085883
mose,alpha_volume_aleatoric_5%,87,86.135,0.24309431079561017,0.24403187645085883
mose,alpha_volume_aleatoric_5%,88,87.125,0.24386503830773487,0.24403187645085883
mose,alpha_volume_aleatoric_5%,89,88.115,0.2458932656694559,0.24403187645085883
mose,alpha_volume_aleatoric_5%,90,89.105,0.24483595579335704,0.24403187645085883
mose,alpha_volume_aleatoric_5%,91,90.095,0.24582261481330514,0.24403187645085883
mose,alpha_volume_aleatoric_5%,92,91.08500000000001,0.24598676069056002,0.24403187645085883
mose,alpha_volume_aleatoric_5%,93,92.07499999999999,0.2460402566597717,0.24403187645085883
mose,alpha_volume_aleatoric_5%,94,93.065,0.24439720429350933,0.24403187645085883
mose,alpha_volume_aleatoric_5%,95,94.055,0.24221570685038285,0.24403187645085883
mose,alpha_volume_aleatoric_5%,96,95.045,0.24523403384455197,0.24403187645085883
mose,alpha_volume_aleatoric_5%,97,96.035,0.24394417838284113,0.24403187645085883
mose,alpha_volume_aleatoric_5%,98,97.025,0.24063191215838642,0.24403187645085883
mose,alpha_volume_aleatoric_5%,99,98.015,0.23814261588925947,0.24403187645085883
mose,alpha_volume_aleatoric_5%,100,99.005,0.23817282389690533,0.24403187645085883
mose,alpha_volume_epistemic_5%,0,0.0,0.2488385550736882,0.24357964873277874
mose,alpha_volume_epistemic_5%,1,0.990000000000002,0.24875840322012108,0.24357964873277874
mose,alpha_volume_epistemic_5%,2,1.980000000000004,0.24863695525250215,0.24357964873277874
mose,alpha_volume_epistemic_5%,3,2.969999999999995,0.2484927323045829,0.24357964873277874
mose,alpha_volume_epistemic_5%,4,3.959999999999997,0.24853990479665616,0.24357964873277874
mose,alpha_volume_epistemic_5%,5,4.949999999999999,0.2486849355224796,0.24357964873277874
mose,alpha_volume_epistemic_5%,6,5.940000000000001,0.24868358133158538,0.24357964873277874
mose,alpha_volume_epistemic_5%,7,6.930000000000003,0.24850323351357467,0.24357964873277874
mose,alpha_volume_epistemic_5%,8,7.920000000000005,0.24838917907464905,0.24357964873277874
mose,alpha_volume_epistemic_5%,9,8.909999999999997,0.24829355959625307,0.24357964873277874
mose,alpha_volume_epistemic_5%,10,9.899999999999999,0.2482845985036023,0.24357964873277874
mose,alpha_volume_epistemic_5%,11,10.89,0.24846389470668928,0.24357964873277874
mose,alpha_volume_epistemic_5%,12,11.880000000000003,0.2485108508046192,0.24357964873277874
mose,alpha_volume_epistemic_5%,13,12.870000000000005,0.2485126180773489,0.24357964873277874
mose,alpha_volume_epistemic_5%,14,13.859999999999994,0.24859907123307673,0.24357964873277874
mose,alpha_volume_epistemic_5%,15,14.849999999999996,0.24843942636279415,0.24357964873277874
mose,alpha_volume_epistemic_5%,16,15.839999999999998,0.24841029283228286,0.24357964873277874
mose,alpha_volume_epistemic_5%,17,16.830000000000002,0.24840027107733892,0.24357964873277874
mose,alpha_volume_epistemic_5%,18,17.820000000000004,0.24826247000097457,0.24357964873277874
mose,alpha_volume_epistemic_5%,19,18.810000000000006,0.2484951000123907,0.24357964873277874
mose,alpha_volume_epistemic_5%,20,19.799999999999997,0.24841513525758593,0.24357964873277874
mose,alpha_volume_epistemic_5%,21,20.79,0.2483526255368475,0.24357964873277874
mose,alpha_volume_epistemic_5%,22,21.78,0.24821559581037167,0.24357964873277874
mose,alpha_volume_epistemic_5%,23,22.770000000000003,0.2480970317244704,0.24357964873277874
mose,alpha_volume_epistemic_5%,24,23.760000000000005,0.24808218497833062,0.24357964873277874
mose,alpha_volume_epistemic_5%,25,24.750000000000007,0.24786270732786486,0.24357964873277874
mose,alpha_volume_epistemic_5%,26,25.739999999999995,0.24780586309159483,0.24357964873277874
mose,alpha_volume_epistemic_5%,27,26.729999999999997,0.24799831217904603,0.24357964873277874
mose,alpha_volume_epistemic_5%,28,27.72,0.24799372057649083,0.24357964873277874
mose,alpha_volume_epistemic_5%,29,28.71,0.2478147756755853,0.24357964873277874
mose,alpha_volume_epistemic_5%,30,29.700000000000003,0.2477899440801872,0.24357964873277874
mose,alpha_volume_epistemic_5%,31,30.689999999999994,0.2477261443922476,0.24357964873277874
mose,alpha_volume_epistemic_5%,32,31.679999999999996,0.2475139598827146,0.24357964873277874
mose,alpha_volume_epistemic_5%,33,32.67,0.24762122646237136,0.24357964873277874
mose,alpha_volume_epistemic_5%,34,33.660000000000004,0.24734228800510058,0.24357964873277874
mose,alpha_volume_epistemic_5%,35,34.650000000000006,0.24720347450230323,0.24357964873277874
mose,alpha_volume_epistemic_5%,36,35.64000000000001,0.24705706303527203,0.24357964873277874
mose,alpha_volume_epistemic_5%,37,36.629999999999995,0.24672864220268478,0.24357964873277874
mose,alpha_volume_epistemic_5%,38,37.62,0.24678799821215616,0.24357964873277874
mose,alpha_volume_epistemic_5%,39,38.61,0.24677107183206579,0.24357964873277874
mose,alpha_volume_epistemic_5%,40,39.6,0.24659073988267904,0.24357964873277874
mose,alpha_volume_epistemic_5%,41,40.59,0.24680452443423204,0.24357964873277874
mose,alpha_volume_epistemic_5%,42,41.58,0.24707495772611968,0.24357964873277874
mose,alpha_volume_epistemic_5%,43,42.56999999999999,0.24679892672254708,0.24357964873277874
mose,alpha_volume_epistemic_5%,44,43.56,0.24678447805412299,0.24357964873277874
mose,alpha_volume_epistemic_5%,45,44.55,0.24656366500535812,0.24357964873277874
mose,alpha_volume_epistemic_5%,46,45.540000000000006,0.24661075112924274,0.24357964873277874
mose,alpha_volume_epistemic_5%,47,46.53,0.24647356040555837,0.24357964873277874
mose,alpha_volume_epistemic_5%,48,47.519999999999996,0.24678778160258696,0.24357964873277874
mose,alpha_volume_epistemic_5%,49,48.51,0.24683812231768765,0.24357964873277874
mose,alpha_volume_epistemic_5%,50,49.5,0.2466749282736721,0.24357964873277874
mose,alpha_volume_epistemic_5%,51,50.495000000000005,0.24631916946526788,0.24357964873277874
mose,alpha_volume_epistemic_5%,52,51.485,0.2465329832530691,0.24357964873277874
mose,alpha_volume_epistemic_5%,53,52.47500000000001,0.24642595066331974,0.24357964873277874
mose,alpha_volume_epistemic_5%,54,53.465,0.24673469466763667,0.24357964873277874
mose,alpha_volume_epistemic_5%,55,54.455,0.2468880451179977,0.24357964873277874
mose,alpha_volume_epistemic_5%,56,55.445,0.24665001913087295,0.24357964873277874
mose,alpha_volume_epistemic_5%,57,56.435,0.2464270146277325,0.24357964873277874
mose,alpha_volume_epistemic_5%,58,57.42499999999999,0.24644537530995714,0.24357964873277874
mose,alpha_volume_epistemic_5%,59,58.41499999999999,0.24641701111238162,0.24357964873277874
mose,alpha_volume_epistemic_5%,60,59.404999999999994,0.2469290162842482,0.24357964873277874
mose,alpha_volume_epistemic_5%,61,60.394999999999996,0.24696879661481605,0.24357964873277874
mose,alpha_volume_epistemic_5%,62,61.385,0.24690789673624824,0.24357964873277874
mose,alpha_volume_epistemic_5%,63,62.375,0.2470206450481695,0.24357964873277874
mose,alpha_volume_epistemic_5%,64,63.365,0.24675031937796313,0.24357964873277874
mose,alpha_volume_epistemic_5%,65,64.355,0.2468118034478202,0.24357964873277874
mose,alpha_volume_epistemic_5%,66,65.345,0.24662902534757206,0.24357964873277874
mose,alpha_volume_epistemic_5%,67,66.335,0.24682962965256144,0.24357964873277874
mose,alpha_volume_epistemic_5%,68,67.325,0.24721226632738438,0.24357964873277874
mose,alpha_volume_epistemic_5%,69,68.315,0.24705504495010772,0.24357964873277874
mose,alpha_volume_epistemic_5%,70,69.30499999999999,0.24795003716868236,0.24357964873277874
mose,alpha_volume_epistemic_5%,71,70.295,0.24754639846306248,0.24357964873277874
mose,alpha_volume_epistemic_5%,72,71.285,0.24634467104874638,0.24357964873277874
mose,alpha_volume_epistemic_5%,73,72.275,0.24653409889318828,0.24357964873277874
mose,alpha_volume_epistemic_5%,74,73.265,0.24725649208011974,0.24357964873277874
mose,alpha_volume_epistemic_5%,75,74.25500000000001,0.24668355812191664,0.24357964873277874
mose,alpha_volume_epistemic_5%,76,75.245,0.2465550247891782,0.24357964873277874
mose,alpha_volume_epistemic_5%,77,76.235,0.24513082852427756,0.24357964873277874
mose,alpha_volume_epistemic_5%,78,77.225,0.24507483719847054,0.24357964873277874
mose,alpha_volume_epistemic_5%,79,78.215,0.2456033207251137,0.24357964873277874
mose,alpha_volume_epistemic_5%,80,79.205,0.24497094274710757,0.24357964873277874
mose,alpha_volume_epistemic_5%,81,80.195,0.2447832220631044,0.24357964873277874
mose,alpha_volume_epistemic_5%,82,81.185,0.24473677522109225,0.24357964873277874
mose,alpha_volume_epistemic_5%,83,82.175,0.24430070824400565,0.24357964873277874
mose,alpha_volume_epistemic_5%,84,83.165,0.2431766605536194,0.24357964873277874
mose,alpha_volume_epistemic_5%,85,84.155,0.2415800090132041,0.24357964873277874
mose,alpha_volume_epistemic_5%,86,85.14500000000001,0.2412768579425197,0.24357964873277874
mose,alpha_volume_epistemic_5%,87,86.135,0.24111663234827668,0.24357964873277874
mose,alpha_volume_epistemic_5%,88,87.125,0.24241554630158704,0.24357964873277874
mose,alpha_volume_epistemic_5%,89,88.115,0.24006612747865638,0.24357964873277874
mose,alpha_volume_epistemic_5%,90,89.105,0.24177175320059544,0.24357964873277874
mose,alpha_volume_epistemic_5%,91,90.095,0.24466564804016605,0.24357964873277874
mose,alpha_volume_epistemic_5%,92,91.08500000000001,0.24392254182047096,0.24357964873277874
mose,alpha_volume_epistemic_5%,93,92.07499999999999,0.24315925813546038,0.24357964873277874
mose,alpha_volume_epistemic_5%,94,93.065,0.24314582261594916,0.24357964873277874
mose,alpha_volume_epistemic_5%,95,94.055,0.24352801142824748,0.24357964873277874
mose,alpha_volume_epistemic_5%,96,95.045,0.24148403320731426,0.24357964873277874
mose,alpha_volume_epistemic_5%,97,96.035,0.23370305641445435,0.24357964873277874
mose,alpha_volume_epistemic_5%,98,97.025,0.23129746584121583,0.24357964873277874
mose,alpha_volume_epistemic_5%,99,98.015,0.22186344363274385,0.24357964873277874
mose,alpha_volume_epistemic_5%,100,99.005,0.24039788287102898,0.24357964873277874
mose,integrated_volume_total,0,0.0,0.2488385550736882,0.24544870579903674
mose,integrated_volume_total,1,0.990000000000002,0.24852226188186533,0.24544870579903674
mose,integrated_volume_total,2,1.980000000000004,0.2485840621383845,0.24544870579903674
mose,integrated_volume_total,3,2.969999999999995,0.24865231742063082,0.24544870579903674
mose,integrated_volume_total,4,3.959999999999997,0.24840898720154436,0.24544870579903674
mose,integrated_volume_total,5,4.949999999999999,0.24837278897349188,0.24544870579903674
mose,integrated_volume_total,6,5.940000000000001,0.24847397640480015,0.24544870579903674
mose,integrated_volume_total,7,6.930000000000003,0.24834880454630234,0.24544870579903674
mose,integrated_volume_total,8,7.920000000000005,0.2484095714102995,0.24544870579903674
mose,integrated_volume_total,9,8.909999999999997,0.24878791445491916,0.24544870579903674
mose,integrated_volume_total,10,9.899999999999999,0.24863838799939028,0.24544870579903674
mose,integrated_volume_total,11,10.89,0.2485925679380044,0.24544870579903674
mose,integrated_volume_total,12,11.880000000000003,0.24862659496790293,0.24544870579903674
mose,integrated_volume_total,13,12.870000000000005,0.24859336951818034,0.24544870579903674
mose,integrated_volume_total,14,13.859999999999994,0.2484814897828216,0.24544870579903674
mose,integrated_volume_total,15,14.849999999999996,0.24864979098201784,0.24544870579903674
mose,integrated_volume_total,16,15.839999999999998,0.24868289001968624,0.24544870579903674
mose,integrated_volume_total,17,16.830000000000002,0.24876477684222661,0.24544870579903674
mose,integrated_volume_total,18,17.820000000000004,0.24880480838558708,0.24544870579903674
mose,integrated_volume_total,19,18.810000000000006,0.24894346551672755,0.24544870579903674
mose,integrated_volume_total,20,19.799999999999997,0.24913340808547346,0.24544870579903674
mose,integrated_volume_total,21,20.79,0.24843057073030989,0.24544870579903674
mose,integrated_volume_total,22,21.78,0.2486033226519463,0.24544870579903674
mose,integrated_volume_total,23,22.770000000000003,0.24824176592456187,0.24544870579903674
mose,integrated_volume_total,24,23.760000000000005,0.24848848668070236,0.24544870579903674
mose,integrated_volume_total,25,24.750000000000007,0.24851140295866644,0.24544870579903674
mose,integrated_volume_total,26,25.739999999999995,0.24825160911984795,0.24544870579903674
mose,integrated_volume_total,27,26.729999999999997,0.2482180307976892,0.24544870579903674
mose,integrated_volume_total,28,27.72,0.24827810769260486,0.24544870579903674
mose,integrated_volume_total,29,28.71,0.24833161750882518,0.24544870579903674
mose,integrated_volume_total,30,29.700000000000003,0.24851605153098594,0.24544870579903674
mose,integrated_volume_total,31,30.689999999999994,0.24836176968496348,0.24544870579903674
mose,integrated_volume_total,32,31.679999999999996,0.24889135037536117,0.24544870579903674
mose,integrated_volume_total,33,32.67,0.24864473778960366,0.24544870579903674
mose,integrated_volume_total,34,33.660000000000004,0.24882109996302393,0.24544870579903674
mose,integrated_volume_total,35,34.650000000000006,0.24913655235180854,0.24544870579903674
mose,integrated_volume_total,36,35.64000000000001,0.24930622909794103,0.24544870579903674
mose,integrated_volume_total,37,36.629999999999995,0.24949656839254797,0.24544870579903674
mose,integrated_volume_total,38,37.62,0.2491904853446737,0.24544870579903674
mose,integrated_volume_total,39,38.61,0.24933277882791713,0.24544870579903674
mose,integrated_volume_total,40,39.6,0.24959802061127304,0.24544870579903674
mose,integrated_volume_total,41,40.59,0.24974897015485695,0.24544870579903674
mose,integrated_volume_total,42,41.58,0.24961861531890173,0.24544870579903674
mose,integrated_volume_total,43,42.56999999999999,0.24977174316561565,0.24544870579903674
mose,integrated_volume_total,44,43.56,0.249989239285144,0.24544870579903674
mose,integrated_volume_total,45,44.55,0.24996881077406594,0.24544870579903674
mose,integrated_volume_total,46,45.540000000000006,0.24948928816459148,0.24544870579903674
mose,integrated_volume_total,47,46.53,0.24990837826020057,0.24544870579903674
mose,integrated_volume_total,48,47.519999999999996,0.2501827211708499,0.24544870579903674
mose,integrated_volume_total,49,48.51,0.24983149184592712,0.24544870579903674
mose,integrated_volume_total,50,49.5,0.24996041638653083,0.24544870579903674
mose,integrated_volume_total,51,50.495000000000005,0.24987780825957656,0.24544870579903674
mose,integrated_volume_total,52,51.485,0.2501136286544592,0.24544870579903674
mose,integrated_volume_total,53,52.47500000000001,0.25029591992034206,0.24544870579903674
mose,integrated_volume_total,54,53.465,0.25034487046929077,0.24544870579903674
mose,integrated_volume_total,55,54.455,0.25037567323027554,0.24544870579903674
mose,integrated_volume_total,56,55.445,0.25057730812416273,0.24544870579903674
mose,integrated_volume_total,57,56.435,0.25054666323691516,0.24544870579903674
mose,integrated_volume_total,58,57.42499999999999,0.25026959566694734,0.24544870579903674
mose,integrated_volume_total,59,58.41499999999999,0.24967206214420373,0.24544870579903674
mose,integrated_volume_total,60,59.404999999999994,0.250069903843209,0.24544870579903674
mose,integrated_volume_total,61,60.394999999999996,0.24948356685480697,0.24544870579903674
mose,integrated_volume_total,62,61.385,0.24956282434042296,0.24544870579903674
mose,integrated_volume_total,63,62.375,0.24882132638594698,0.24544870579903674
mose,integrated_volume_total,64,63.365,0.24835845627136038,0.24544870579903674
mose,integrated_volume_total,65,64.355,0.24750872721548373,0.24544870579903674
mose,integrated_volume_total,66,65.345,0.24702582686490662,0.24544870579903674
mose,integrated_volume_total,67,66.335,0.24734058830173916,0.24544870579903674
mose,integrated_volume_total,68,67.325,0.2462695560280817,0.24544870579903674
mose,integrated_volume_total,69,68.315,0.24629620487576284,0.24544870579903674
mose,integrated_volume_total,70,69.30499999999999,0.24595744565465721,0.24544870579903674
mose,integrated_volume_total,71,70.295,0.2458247949280411,0.24544870579903674
mose,integrated_volume_total,72,71.285,0.24541945886006672,0.24544870579903674
mose,integrated_volume_total,73,72.275,0.24429531436582358,0.24544870579903674
mose,integrated_volume_total,74,73.265,0.2442284971042671,0.24544870579903674
mose,integrated_volume_total,75,74.25500000000001,0.24376850143882417,0.24544870579903674
mose,integrated_volume_total,76,75.245,0.24451039102033947,0.24544870579903674
mose,integrated_volume_total,77,76.235,0.2440016693251532,0.24544870579903674
mose,integrated_volume_total,78,77.225,0.24357470159117842,0.24544870579903674
mose,integrated_volume_total,79,78.215,0.24441245732204117,0.24544870579903674
mose,integrated_volume_total,80,79.205,0.2433302090915213,0.24544870579903674
mose,integrated_volume_total,81,80.195,0.24338297576569345,0.24544870579903674
mose,integrated_volume_total,82,81.185,0.24384573836679785,0.24544870579903674
mose,integrated_volume_total,83,82.175,0.2451241952176491,0.24544870579903674
mose,integrated_volume_total,84,83.165,0.24516346141473386,0.24544870579903674
mose,integrated_volume_total,85,84.155,0.24501333315739784,0.24544870579903674
mose,integrated_volume_total,86,85.14500000000001,0.24445685950300505,0.24544870579903674
mose,integrated_volume_total,87,86.135,0.24541934349685104,0.24544870579903674
mose,integrated_volume_total,88,87.125,0.2456330732151962,0.24544870579903674
mose,integrated_volume_total,89,88.115,0.24591692977668342,0.24544870579903674
mose,integrated_volume_total,90,89.105,0.24643233233241355,0.24544870579903674
mose,integrated_volume_total,91,90.095,0.2414819650398046,0.24544870579903674
mose,integrated_volume_total,92,91.08500000000001,0.2394199387026663,0.24544870579903674
mose,integrated_volume_total,93,92.07499999999999,0.24373348764479272,0.24544870579903674
mose,integrated_volume_total,94,93.065,0.24492164542542424,0.24544870579903674
mose,integrated_volume_total,95,94.055,0.2465015008112721,0.24544870579903674
mose,integrated_volume_total,96,95.045,0.2503167850465986,0.24544870579903674
mose,integrated_volume_total,97,96.035,0.24701716351184846,0.24544870579903674
mose,integrated_volume_total,98,97.025,0.2514312330033341,0.24544870579903674
mose,integrated_volume_total,99,98.015,0.2514986828657264,0.24544870579903674
mose,integrated_volume_total,100,99.005,0.26536001512705293,0.24544870579903674
mose,integrated_volume_aleatoric,0,0.0,0.24883855507368827,0.24403187645085883
mose,integrated_volume_aleatoric,1,0.990000000000002,0.24897784758549976,0.24403187645085883
mose,integrated_volume_aleatoric,2,1.980000000000004,0.2490676852317804,0.24403187645085883
mose,integrated_volume_aleatoric,3,2.969999999999995,0.24933239143359606,0.24403187645085883
mose,integrated_volume_aleatoric,4,3.959999999999997,0.24938662487877616,0.24403187645085883
mose,integrated_volume_aleatoric,5,4.949999999999999,0.24975906445176552,0.24403187645085883
mose,integrated_volume_aleatoric,6,5.940000000000001,0.2500229710049876,0.24403187645085883
mose,integrated_volume_aleatoric,7,6.930000000000003,0.25012921208382066,0.24403187645085883
mose,integrated_volume_aleatoric,8,7.920000000000005,0.2499895048248246,0.24403187645085883
mose,integrated_volume_aleatoric,9,8.909999999999997,0.24974420148618048,0.24403187645085883
mose,integrated_volume_aleatoric,10,9.899999999999999,0.24964979542795956,0.24403187645085883
mose,integrated_volume_aleatoric,11,10.89,0.24922346647472196,0.24403187645085883
mose,integrated_volume_aleatoric,12,11.880000000000003,0.24935055909894774,0.24403187645085883
mose,integrated_volume_aleatoric,13,12.870000000000005,0.24944667035669707,0.24403187645085883
mose,integrated_volume_aleatoric,14,13.859999999999994,0.24917577549977232,0.24403187645085883
mose,integrated_volume_aleatoric,15,14.849999999999996,0.24901761384280924,0.24403187645085883
mose,integrated_volume_aleatoric,16,15.839999999999998,0.2487454434528496,0.24403187645085883
mose,integrated_volume_aleatoric,17,16.830000000000002,0.24855885644399023,0.24403187645085883
mose,integrated_volume_aleatoric,18,17.820000000000004,0.24846771098105502,0.24403187645085883
mose,integrated_volume_aleatoric,19,18.810000000000006,0.2483681368446063,0.24403187645085883
mose,integrated_volume_aleatoric,20,19.799999999999997,0.24784022417941673,0.24403187645085883
mose,integrated_volume_aleatoric,21,20.79,0.24812603294551122,0.24403187645085883
mose,integrated_volume_aleatoric,22,21.78,0.24807646240346803,0.24403187645085883
mose,integrated_volume_aleatoric,23,22.770000000000003,0.24795020953905947,0.24403187645085883
mose,integrated_volume_aleatoric,24,23.760000000000005,0.24794658497590788,0.24403187645085883
mose,integrated_volume_aleatoric,25,24.750000000000007,0.24793882035241926,0.24403187645085883
mose,integrated_volume_aleatoric,26,25.739999999999995,0.247914655054059,0.24403187645085883
mose,integrated_volume_aleatoric,27,26.729999999999997,0.2479502906178523,0.24403187645085883
mose,integrated_volume_aleatoric,28,27.72,0.247656970065927,0.24403187645085883
mose,integrated_volume_aleatoric,29,28.71,0.24794538533233715,0.24403187645085883
mose,integrated_volume_aleatoric,30,29.700000000000003,0.24745987646560838,0.24403187645085883
mose,integrated_volume_aleatoric,31,30.689999999999994,0.2472452329427603,0.24403187645085883
mose,integrated_volume_aleatoric,32,31.679999999999996,0.24715575128488418,0.24403187645085883
mose,integrated_volume_aleatoric,33,32.67,0.24701701686889668,0.24403187645085883
mose,integrated_volume_aleatoric,34,33.660000000000004,0.2465881715170844,0.24403187645085883
mose,integrated_volume_aleatoric,35,34.650000000000006,0.2466159345128057,0.24403187645085883
mose,integrated_volume_aleatoric,36,35.64000000000001,0.24663406257145956,0.24403187645085883
mose,integrated_volume_aleatoric,37,36.629999999999995,0.24599759879947175,0.24403187645085883
mose,integrated_volume_aleatoric,38,37.62,0.24599190210096392,0.24403187645085883
mose,integrated_volume_aleatoric,39,38.61,0.24617003819237926,0.24403187645085883
mose,integrated_volume_aleatoric,40,39.6,0.2462507420005829,0.24403187645085883
mose,integrated_volume_aleatoric,41,40.59,0.24626512529581854,0.24403187645085883
mose,integrated_volume_aleatoric,42,41.58,0.245681885820106,0.24403187645085883
mose,integrated_volume_aleatoric,43,42.56999999999999,0.24638921684103415,0.24403187645085883
mose,integrated_volume_aleatoric,44,43.56,0.24626089179196903,0.24403187645085883
mose,integrated_volume_aleatoric,45,44.55,0.24655463875268002,0.24403187645085883
mose,integrated_volume_aleatoric,46,45.540000000000006,0.24638303651656213,0.24403187645085883
mose,integrated_volume_aleatoric,47,46.53,0.24683117545510783,0.24403187645085883
mose,integrated_volume_aleatoric,48,47.519999999999996,0.2463632003962521,0.24403187645085883
mose,integrated_volume_aleatoric,49,48.51,0.24608894554399982,0.24403187645085883
mose,integrated_volume_aleatoric,50,49.5,0.24632118654876717,0.24403187645085883
mose,integrated_volume_aleatoric,51,50.495000000000005,0.24669518360995932,0.24403187645085883
mose,integrated_volume_aleatoric,52,51.485,0.24617559165972314,0.24403187645085883
mose,integrated_volume_aleatoric,53,52.47500000000001,0.2461905328991227,0.24403187645085883
mose,integrated_volume_aleatoric,54,53.465,0.2462733005130639,0.24403187645085883
mose,integrated_volume_aleatoric,55,54.455,0.24631607261543778,0.24403187645085883
mose,integrated_volume_aleatoric,56,55.445,0.2462184798790141,0.24403187645085883
mose,integrated_volume_aleatoric,57,56.435,0.24631082019222253,0.24403187645085883
mose,integrated_volume_aleatoric,58,57.42499999999999,0.24603093085270264,0.24403187645085883
mose,integrated_volume_aleatoric,59,58.41499999999999,0.2458151830993089,0.24403187645085883
mose,integrated_volume_aleatoric,60,59.404999999999994,0.24594462091170513,0.24403187645085883
mose,integrated_volume_aleatoric,61,60.394999999999996,0.24612478452930864,0.24403187645085883
mose,integrated_volume_aleatoric,62,61.385,0.24615354047413956,0.24403187645085883
mose,integrated_volume_aleatoric,63,62.375,0.24655815250056673,0.24403187645085883
mose,integrated_volume_aleatoric,64,63.365,0.24602648430681073,0.24403187645085883
mose,integrated_volume_aleatoric,65,64.355,0.24633234708422544,0.24403187645085883
mose,integrated_volume_aleatoric,66,65.345,0.24609199076835167,0.24403187645085883
mose,integrated_volume_aleatoric,67,66.335,0.24636448194385063,0.24403187645085883
mose,integrated_volume_aleatoric,68,67.325,0.24575828424107826,0.24403187645085883
mose,integrated_volume_aleatoric,69,68.315,0.24554884827393508,0.24403187645085883
mose,integrated_volume_aleatoric,70,69.30499999999999,0.24601082417882797,0.24403187645085883
mose,integrated_volume_aleatoric,71,70.295,0.24667230955291447,0.24403187645085883
mose,integrated_volume_aleatoric,72,71.285,0.24616886828075013,0.24403187645085883
mose,integrated_volume_aleatoric,73,72.275,0.24575081430509577,0.24403187645085883
mose,integrated_volume_aleatoric,74,73.265,0.2455728837849925,0.24403187645085883
mose,integrated_volume_aleatoric,75,74.25500000000001,0.24518812829948755,0.24403187645085883
mose,integrated_volume_aleatoric,76,75.245,0.24493112677988815,0.24403187645085883
mose,integrated_volume_aleatoric,77,76.235,0.24480006042699928,0.24403187645085883
mose,integrated_volume_aleatoric,78,77.225,0.24561566404056553,0.24403187645085883
mose,integrated_volume_aleatoric,79,78.215,0.2449391703964899,0.24403187645085883
mose,integrated_volume_aleatoric,80,79.205,0.24492814130929708,0.24403187645085883
mose,integrated_volume_aleatoric,81,80.195,0.2443653159662744,0.24403187645085883
mose,integrated_volume_aleatoric,82,81.185,0.24451089282976718,0.24403187645085883
mose,integrated_volume_aleatoric,83,82.175,0.24481479083463162,0.24403187645085883
mose,integrated_volume_aleatoric,84,83.165,0.24450604025451636,0.24403187645085883
mose,integrated_volume_aleatoric,85,84.155,0.2436529390197583,0.24403187645085883
mose,integrated_volume_aleatoric,86,85.14500000000001,0.243447557813405,0.24403187645085883
mose,integrated_volume_aleatoric,87,86.135,0.24309431079561017,0.24403187645085883
mose,integrated_volume_aleatoric,88,87.125,0.24386503830773487,0.24403187645085883
mose,integrated_volume_aleatoric,89,88.115,0.2458932656694559,0.24403187645085883
mose,integrated_volume_aleatoric,90,89.105,0.24483595579335704,0.24403187645085883
mose,integrated_volume_aleatoric,91,90.095,0.24582261481330514,0.24403187645085883
mose,integrated_volume_aleatoric,92,91.08500000000001,0.24598676069056002,0.24403187645085883
mose,integrated_volume_aleatoric,93,92.07499999999999,0.2460402566597717,0.24403187645085883
mose,integrated_volume_aleatoric,94,93.065,0.24439720429350933,0.24403187645085883
mose,integrated_volume_aleatoric,95,94.055,0.24221570685038285,0.24403187645085883
mose,integrated_volume_aleatoric,96,95.045,0.24523403384455197,0.24403187645085883
mose,integrated_volume_aleatoric,97,96.035,0.24394417838284113,0.24403187645085883
mose,integrated_volume_aleatoric,98,97.025,0.24063191215838642,0.24403187645085883
mose,integrated_volume_aleatoric,99,98.015,0.23814261588925947,0.24403187645085883
mose,integrated_volume_aleatoric,100,99.005,0.23817282389690533,0.24403187645085883
mose,integrated_volume_epistemic,0,0.0,0.2488385550736882,0.24347430400043749
mose,integrated_volume_epistemic,1,0.990000000000002,0.24861918391922502,0.24347430400043749
mose,integrated_volume_epistemic,2,1.980000000000004,0.24864239778622685,0.24347430400043749
mose,integrated_volume_epistemic,3,2.969999999999995,0.24855018884542213,0.24347430400043749
mose,integrated_volume_epistemic,4,3.959999999999997,0.2486249632659432,0.24347430400043749
mose,integrated_volume_epistemic,5,4.949999999999999,0.24856115194380235,0.24347430400043749
mose,integrated_volume_epistemic,6,5.940000000000001,0.24864208208922253,0.24347430400043749
mose,integrated_volume_epistemic,7,6.930000000000003,0.2485026651334701,0.24347430400043749
mose,integrated_volume_epistemic,8,7.920000000000005,0.24847885824985178,0.24347430400043749
mose,integrated_volume_epistemic,9,8.909999999999997,0.24831125927842745,0.24347430400043749
mose,integrated_volume_epistemic,10,9.899999999999999,0.2483141682006391,0.24347430400043749
mose,integrated_volume_epistemic,11,10.89,0.24843696073689342,0.24347430400043749
mose,integrated_volume_epistemic,12,11.880000000000003,0.2485036790370635,0.24347430400043749
mose,integrated_volume_epistemic,13,12.870000000000005,0.24842813366229569,0.24347430400043749
mose,integrated_volume_epistemic,14,13.859999999999994,0.2482799504820514,0.24347430400043749
mose,integrated_volume_epistemic,15,14.849999999999996,0.2484284770925192,0.24347430400043749
mose,integrated_volume_epistemic,16,15.839999999999998,0.24834092398923274,0.24347430400043749
mose,integrated_volume_epistemic,17,16.830000000000002,0.248334065108483,0.24347430400043749
mose,integrated_volume_epistemic,18,17.820000000000004,0.2482569805770893,0.24347430400043749
mose,integrated_volume_epistemic,19,18.810000000000006,0.24846218449828417,0.24347430400043749
mose,integrated_volume_epistemic,20,19.799999999999997,0.24840919094963312,0.24347430400043749
mose,integrated_volume_epistemic,21,20.79,0.24839026140744447,0.24347430400043749
mose,integrated_volume_epistemic,22,21.78,0.2482469846685377,0.24347430400043749
mose,integrated_volume_epistemic,23,22.770000000000003,0.24808301168747743,0.24347430400043749
mose,integrated_volume_epistemic,24,23.760000000000005,0.24805563879478887,0.24347430400043749
mose,integrated_volume_epistemic,25,24.750000000000007,0.2479129292348305,0.24347430400043749
mose,integrated_volume_epistemic,26,25.739999999999995,0.2479744068678491,0.24347430400043749
mose,integrated_volume_epistemic,27,26.729999999999997,0.24784558544617177,0.24347430400043749
mose,integrated_volume_epistemic,28,27.72,0.2476730653250673,0.24347430400043749
mose,integrated_volume_epistemic,29,28.71,0.24746626446009107,0.24347430400043749
mose,integrated_volume_epistemic,30,29.700000000000003,0.2476380755757679,0.24347430400043749
mose,integrated_volume_epistemic,31,30.689999999999994,0.2477371680212602,0.24347430400043749
mose,integrated_volume_epistemic,32,31.679999999999996,0.24774283644983314,0.24347430400043749
mose,integrated_volume_epistemic,33,32.67,0.2474816197177294,0.24347430400043749
mose,integrated_volume_epistemic,34,33.660000000000004,0.2474183929927983,0.24347430400043749
mose,integrated_volume_epistemic,35,34.650000000000006,0.24722832761389088,0.24347430400043749
mose,integrated_volume_epistemic,36,35.64000000000001,0.2471555938658633,0.24347430400043749
mose,integrated_volume_epistemic,37,36.629999999999995,0.24693494088869805,0.24347430400043749
mose,integrated_volume_epistemic,38,37.62,0.24675561807120064,0.24347430400043749
mose,integrated_volume_epistemic,39,38.61,0.24644635405886647,0.24347430400043749
mose,integrated_volume_epistemic,40,39.6,0.24638577739867779,0.24347430400043749
mose,integrated_volume_epistemic,41,40.59,0.24646372654070467,0.24347430400043749
mose,integrated_volume_epistemic,42,41.58,0.2466065327112266,0.24347430400043749
mose,integrated_volume_epistemic,43,42.56999999999999,0.24681787122355828,0.24347430400043749
mose,integrated_volume_epistemic,44,43.56,0.24652533113471356,0.24347430400043749
mose,integrated_volume_epistemic,45,44.55,0.24634066947719985,0.24347430400043749
mose,integrated_volume_epistemic,46,45.540000000000006,0.24646622664880413,0.24347430400043749
mose,integrated_volume_epistemic,47,46.53,0.24652706767143007,0.24347430400043749
mose,integrated_volume_epistemic,48,47.519999999999996,0.24647357912108422,0.24347430400043749
mose,integrated_volume_epistemic,49,48.51,0.2461032244896211,0.24347430400043749
mose,integrated_volume_epistemic,50,49.5,0.24610715881615886,0.24347430400043749
mose,integrated_volume_epistemic,51,50.495000000000005,0.24643693556441434,0.24347430400043749
mose,integrated_volume_epistemic,52,51.485,0.24636024499757792,0.24347430400043749
mose,integrated_volume_epistemic,53,52.47500000000001,0.24657436955357953,0.24347430400043749
mose,integrated_volume_epistemic,54,53.465,0.24660160533725894,0.24347430400043749
mose,integrated_volume_epistemic,55,54.455,0.24687230436053018,0.24347430400043749
mose,integrated_volume_epistemic,56,55.445,0.24694013009467247,0.24347430400043749
mose,integrated_volume_epistemic,57,56.435,0.2469093423674049,0.24347430400043749
mose,integrated_volume_epistemic,58,57.42499999999999,0.24685755587322064,0.24347430400043749
mose,integrated_volume_epistemic,59,58.41499999999999,0.2470747388492218,0.24347430400043749
mose,integrated_volume_epistemic,60,59.404999999999994,0.24644287440364046,0.24347430400043749
mose,integrated_volume_epistemic,61,60.394999999999996,0.24654004697768575,0.24347430400043749
mose,integrated_volume_epistemic,62,61.385,0.24644892386277,0.24347430400043749
mose,integrated_volume_epistemic,63,62.375,0.24655093514795842,0.24347430400043749
mose,integrated_volume_epistemic,64,63.365,0.24660615126570637,0.24347430400043749
mose,integrated_volume_epistemic,65,64.355,0.2472182213900008,0.24347430400043749
mose,integrated_volume_epistemic,66,65.345,0.2467623062395215,0.24347430400043749
mose,integrated_volume_epistemic,67,66.335,0.2469165933364056,0.24347430400043749
mose,integrated_volume_epistemic,68,67.325,0.2465702232046122,0.24347430400043749
mose,integrated_volume_epistemic,69,68.315,0.2465524711296837,0.24347430400043749
mose,integrated_volume_epistemic,70,69.30499999999999,0.24739944449220688,0.24347430400043749
mose,integrated_volume_epistemic,71,70.295,0.24739905148040728,0.24347430400043749
mose,integrated_volume_epistemic,72,71.285,0.2469174431546718,0.24347430400043749
mose,integrated_volume_epistemic,73,72.275,0.2460831639990551,0.24347430400043749
mose,integrated_volume_epistemic,74,73.265,0.24593169007007,0.24347430400043749
mose,integrated_volume_epistemic,75,74.25500000000001,0.24599611270493077,0.24347430400043749
mose,integrated_volume_epistemic,76,75.245,0.24540415978922836,0.24347430400043749
mose,integrated_volume_epistemic,77,76.235,0.24557829776954762,0.24347430400043749
mose,integrated_volume_epistemic,78,77.225,0.24441061002148357,0.24347430400043749
mose,integrated_volume_epistemic,79,78.215,0.24533790639641476,0.24347430400043749
mose,integrated_volume_epistemic,80,79.205,0.24425920170595417,0.24347430400043749
mose,integrated_volume_epistemic,81,80.195,0.24413363696484897,0.24347430400043749
mose,integrated_volume_epistemic,82,81.185,0.24239784001194342,0.24347430400043749
mose,integrated_volume_epistemic,83,82.175,0.2423276041422897,0.24347430400043749
mose,integrated_volume_epistemic,84,83.165,0.2411810768907219,0.24347430400043749
mose,integrated_volume_epistemic,85,84.155,0.24210062072657823,0.24347430400043749
mose,integrated_volume_epistemic,86,85.14500000000001,0.24256490000999356,0.24347430400043749
mose,integrated_volume_epistemic,87,86.135,0.2418827043890987,0.24347430400043749
mose,integrated_volume_epistemic,88,87.125,0.24244603470081577,0.24347430400043749
mose,integrated_volume_epistemic,89,88.115,0.24363889430498387,0.24347430400043749
mose,integrated_volume_epistemic,90,89.105,0.24150776160813356,0.24347430400043749
mose,integrated_volume_epistemic,91,90.095,0.2433310528603444,0.24347430400043749
mose,integrated_volume_epistemic,92,91.08500000000001,0.24295830517874878,0.24347430400043749
mose,integrated_volume_epistemic,93,92.07499999999999,0.2405616208762891,0.24347430400043749
mose,integrated_volume_epistemic,94,93.065,0.24093726551156416,0.24347430400043749
mose,integrated_volume_epistemic,95,94.055,0.24417106571972053,0.24347430400043749
mose,integrated_volume_epistemic,96,95.045,0.24353294873490489,0.24347430400043749
mose,integrated_volume_epistemic,97,96.035,0.23518318703565283,0.24347430400043749
mose,integrated_volume_epistemic,98,97.025,0.23278886893330192,0.24347430400043749
mose,integrated_volume_epistemic,99,98.015,0.2286481874027933,0.24347430400043749
mose,integrated_volume_epistemic,100,99.005,0.23064525584713677,0.24347430400043749
